gse_id	gse_id_new	gsm_id	srr_id	geo_title	geo_source	geo_description	organism	num_reads	study	bio_rep	tech_rep	bio_rep_new	tech_rep_new		bio_eq	tech_eq	chip_pulldown	restriction_enzyme	shade	sample_name	Double Check Later
GSE123645		GSM3508600	SRR8312202	H3K27ac HiChIP C666-1 Replicate 1	EBV-associated nasopharyngeal carcinoma cell line	description	Homo sapiens	24715122	NaN	1	1	1	1		1	1	H3K27ac	MboI	1	C666-1	
GSE123645		GSM3508601	SRR8312203	H3K27ac HiChIP C666-1 Replicate 2	EBV-associated nasopharyngeal carcinoma cell line	description	Homo sapiens	47922136	NaN	2	1	2	1		1	1	H3K27ac	MboI	1	C666-1	
GSE123645		GSM3508602	SRR8312204	H3K27ac HiChIP C17 Replicate 1	EBV-associated nasopharyngeal carcinoma cell line	description	Homo sapiens	40703228	NaN	1	1	1	1		1	1	H3K27ac	MboI	1	C17	
GSE123645		GSM3508603	SRR8312205	H3K27ac HiChIP C17 Replicate 2	EBV-associated nasopharyngeal carcinoma cell line	description	Homo sapiens	56469726	NaN	2	1	2	1		1	1	H3K27ac	MboI	1	C17	
GSE128952		GSM3688946	SRR8795606	EBNA3A-HT HiChIP H3K27ac 3A On Replicate 1	EBNA3A-HT Lymphoblastoid Cell Lines	description	Homo sapiens	34742638	Wang et al., 2023	1	1	1	1		1	1	H3K27ac	MboI	0	LCL-EBNA3A-HT-On	
GSE128952		GSM3688947	SRR8795607	EBNA3A-HT HiChIP H3K27ac 3A On Replicate 2	EBNA3A-HT Lymphoblastoid Cell Lines	description	Homo sapiens	31555082	Wang et al., 2023	2	1	2	1		1	1	H3K27ac	MboI	0	LCL-EBNA3A-HT-On	
GSE128952		GSM3688948	SRR8795608	EBNA3A-HT HiChIP H3K27ac 3A Off Replicate 1	EBNA3A-HT Lymphoblastoid Cell Lines	description	Homo sapiens	35094188	Wang et al., 2023	1	1	1	1		1	1	H3K27ac	MboI	0	LCL-EBNA3A-HT-Off	
GSE128952		GSM3688949	SRR8795609	EBNA3A-HT HiChIP H3K27ac 3A Off Replicate 2	EBNA3A-HT Lymphoblastoid Cell Lines	description	Homo sapiens	32861426	Wang et al., 2023	2	1	2	1		1	1	H3K27ac	MboI	0	LCL-EBNA3A-HT-Off	
GSE128952		GSM4289850	SRR10988445	EBV Infection RNA PolII HiChIP Day 0 Replicate 1	Primary Resting B Lymphocyte HiChIP RNAPII Day 0 Replicate 1		Homo sapiens	16126124	Wang et al., 2023	1	1	1	1		1	1	RNA-Pol-II	MboI	0	B-Lymphocyte-EBV-Day0	
GSE128952		GSM4289851	SRR10988446	EBV Infection RNA PolII HiChIP Day 0 Replicate 2	Primary Resting B Lymphocyte HiChIP RNAPII Day 0 Replicate 2		Homo sapiens	16060326	Wang et al., 2023	2	1	2	1		1	1	RNA-Pol-II	MboI	0	B-Lymphocyte-EBV-Day0	
GSE128952		GSM4289852	SRR10988447	EBV Infection RNA PolII HiChIP Day 28 Replicate 1	Primary Resting B Lymphocyte HiChIP RNAPII Day 28 Replicate 1		Homo sapiens	25262796	Wang et al., 2023	1	1	1	1		1	1	RNA-Pol-II	MboI	0	B-Lymphocyte-EBV-Day28	
GSE128952		GSM4289853	SRR10988448	EBV Infection RNA PolII HiChIP Day 28 Replicate 2	Primary Resting B Lymphocyte HiChIP RNAPII Day 28 Replicate 2		Homo sapiens	28190388	Wang et al., 2023	2	1	2	1		1	1	RNA-Pol-II	MboI	0	B-Lymphocyte-EBV-Day28	
GSE152367	GSE152366	GSM4613595	SRR12004538	HiChIP-MCF7	Breast carcinoma cell line		Homo sapiens	391316960	Nordone et al., 2022	1	1	1	1		1	1	H3K27ac	DpnII	1	MCF7	
GSE152367	GSE152366	GSM4613595	SRR12004539	HiChIP-MCF7	Breast carcinoma cell line		Homo sapiens	391316960	Nordone et al., 2022	1	2	1	2		1	1	H3K27ac	DpnII	1	MCF7	
GSE152367	GSE152366	GSM4613596	SRR12004540	HiChIP-MDA134	Breast carcinoma cell line		Homo sapiens	468911776	Nordone et al., 2022	1	1	1	1		1	1	H3K27ac	DpnII	1	MDA134	
GSE152367	GSE152366	GSM4613596	SRR12004541	HiChIP-MDA134	Breast carcinoma cell line		Homo sapiens	468911776	Nordone et al., 2022	1	2	1	2		1	1	H3K27ac	DpnII	1	MDA134	
GSE152367	GSE152366	GSM4613597	SRR12004542	HiChIP-SUM44	Breast carcinoma cell line		Homo sapiens	462498796	Nordone et al., 2022	1	1	1	1		1	1	H3K27ac	DpnII	1	SUM44	
GSE152367	GSE152366	GSM4613597	SRR12004543	HiChIP-SUM44	Breast carcinoma cell line		Homo sapiens	462498796	Nordone et al., 2022	1	2	1	2		1	1	H3K27ac	DpnII	1	SUM44	
GSE152367	GSE152366	GSM4613598	SRR12004544	HiChIP-T47D	Breast carcinoma cell line		Homo sapiens	416204024	Nordone et al., 2022	1	1	1	1		1	1	H3K27ac	DpnII	1	T47D	
GSE152367	GSE152366	GSM4613598	SRR12004545	HiChIP-T47D	Breast carcinoma cell line		Homo sapiens	416204024	Nordone et al., 2022	1	2	1	2		1	1	H3K27ac	DpnII	1	T47D	
GSE160943		GSM6320747	SRR20071596	ESC_Day0_rep1_HiChIP	ESC		Mus musculus	340405954	Perovanovic et al., 2023	1	1	1	1		1	1	H3K27Ac	DpnII	1	ESC-Day0	
GSE160943		GSM6320747	SRR20071597	ESC_Day0_rep1_HiChIP	ESC		Mus musculus	340405954	Perovanovic et al., 2023	1	2	1	2		1	1	H3K27Ac	DpnII	1	ESC-Day0	
GSE160943		GSM6320747	SRR20071598	ESC_Day0_rep1_HiChIP	ESC		Mus musculus	340405954	Perovanovic et al., 2023	1	3	1	3		1	1	H3K27Ac	DpnII	1	ESC-Day0	
GSE160943		GSM6320748	SRR20071593	ESC_Day0_rep2_HiChIP	ESC		Mus musculus	505176662	Perovanovic et al., 2023	2	1	2	1		1	1	H3K27Ac	DpnII	1	ESC-Day0	
GSE160943		GSM6320748	SRR20071594	ESC_Day0_rep2_HiChIP	ESC		Mus musculus	505176662	Perovanovic et al., 2023	2	2	2	2		1	1	H3K27Ac	DpnII	1	ESC-Day0	
GSE160943		GSM6320748	SRR20071595	ESC_Day0_rep2_HiChIP	ESC		Mus musculus	505176662	Perovanovic et al., 2023	2	3	2	3		1	1	H3K27Ac	DpnII	1	ESC-Day0	
GSE160943		GSM6320749	SRR20071590	ESC_Day6_rep1_HiChIP	ESC		Mus musculus	531587272	Perovanovic et al., 2023	1	1	1	1		1	1	H3K27Ac	DpnII	1	ESC-Day6	
GSE160943		GSM6320749	SRR20071591	ESC_Day6_rep1_HiChIP	ESC		Mus musculus	531587272	Perovanovic et al., 2023	1	2	1	2		1	1	H3K27Ac	DpnII	1	ESC-Day6	
GSE160943		GSM6320749	SRR20071592	ESC_Day6_rep1_HiChIP	ESC		Mus musculus	531587272	Perovanovic et al., 2023	1	3	1	3		1	1	H3K27Ac	DpnII	1	ESC-Day6	
GSE160943		GSM6320750	SRR20071587	ESC_Day6_rep2_HiChIP	ESC		Mus musculus	462808734	Perovanovic et al., 2023	2	1	2	1		1	1	H3K27Ac	DpnII	1	ESC-Day6	
GSE160943		GSM6320750	SRR20071588	ESC_Day6_rep2_HiChIP	ESC		Mus musculus	462808734	Perovanovic et al., 2023	2	2	2	2		1	1	H3K27Ac	DpnII	1	ESC-Day6	
GSE160943		GSM6320750	SRR20071589	ESC_Day6_rep2_HiChIP	ESC		Mus musculus	462808734	Perovanovic et al., 2023	2	3	2	3		1	1	H3K27Ac	DpnII	1	ESC-Day6	
GSE162609	GSE162068	GSM4932590	SRR13125277	FUUR1_1 (HiChIP)	human ASPS cell lines		Homo sapiens	147631832	Pozner et al., 2023	1	1	1	1		1	1	H3K27ac	?	0	FUUR1	1
GSE162609	GSE162068	GSM4932591	SRR13125278	FUUR1_2 (HiChIP)	human ASPS cell lines		Homo sapiens	148667516	Pozner et al., 2023	2	1	2	1		1	1	H3K27ac	?	0	FUUR1	1
GSE162609	GSE162068	GSM4932592	SRR13125279	VCP65_2 (HiChIP)	human ASPS cell lines		Homo sapiens	174633418	Pozner et al., 2023	1	1	1	1		1	1	H3K27ac	?	0	FUUR1-VCP65	1
GSE162609	GSE162068	GSM4932593	SRR13125280	VCP67_1 (HiChIP)	human ASPS cell lines		Homo sapiens	146264612	Pozner et al., 2023	2	1	1	1		0	1	H3K27ac	?	0	FUUR1-VCP67	1
GSE165463		GSM5034255	SRR13523311	HCT116,HiChIP, MboI, H3K27ac	colorectal cancer cells		Homo sapiens	312313082	Zhu et al., 2022	1	1	1	1		1	1	H3K27ac	MboI	0	HCT116	
GSE165463		GSM6431855	SRR20825217	HCT116-NUP93-mAC,HiChIP,H3K27ac,MboI,UT,biological replicate 1	colorectal cancer cells	description	Homo sapiens	120886006	Zhu et al., 2022	1	1	1	1		1	1	H3K27ac	MboI	0	HCT116-NUP93-mAC	
GSE165463		GSM6431856	SRR20825218	HCT116-NUP93-mAC,HiChIP,H3K27ac,MboI,UT,biological replicate 2	colorectal cancer cells	description	Homo sapiens	51462312	Zhu et al., 2022	2	1	2	1		1	1	H3K27ac	MboI	0	HCT116-NUP93-mAC	
GSE165463		GSM6431857	SRR20825219	HCT116-NUP93-mAC,HiChIP,H3K27ac,MboI,IAA,biological replicate 1	colorectal cancer cells	description	Homo sapiens	115666648	Zhu et al., 2022	1	1	1	1		1	1	H3K27ac	MboI	0	HCT116-NUP93-mAC-IAA	
GSE165463		GSM6431858	SRR20825220	HCT116-NUP93-mAC,HiChIP,H3K27ac,MboI,IAA,biological replicate 2	colorectal cancer cells	description	Homo sapiens	68099904	Zhu et al., 2022	2	1	2	1		1	1	H3K27ac	MboI	0	HCT116-NUP93-mAC-IAA	
GSE165463		GSM6431859	SRR20825221	HCT116-NUP93-mAC,HiChIP,H3K4me1,MboI,UT,biological replicate 1	colorectal cancer cells	description	Homo sapiens	347140432	Zhu et al., 2022	1	1	1	1		1	1	H3K4me1	MboI	0	HCT116-NUP93-mAC	
GSE165463		GSM6431860	SRR20825222	HCT116-NUP93-mAC,HiChIP,H3K4me1,MboI,IAA,biological replicate 1	colorectal cancer cells	description	Homo sapiens	336503652	Zhu et al., 2022	1	1	1	1		1	1	H3K4me1	MboI	0	HCT116-NUP93-mAC-IAA	
GSE172498		GSM5257995	SRR14294873	VCaP_H3K27ac_HiChIP_Veh	VCaP cells	description	Homo sapiens	524977982	Wei et al., 2023	1	1	1	1		1	1	H3K27ac	MboI	1	VCaP	
GSE172498		GSM5257996	SRR14294874	VCaP_H3K27ac_HiChIP_DHT_2hr	VCaP cells	description	Homo sapiens	252551746	Wei et al., 2023	1	1	1	1		1	1	H3K27ac	MboI	1	VCaP_DHT_2hr	
GSE172498		GSM5257997	SRR14294875	VCaP_H3K27ac_HiChIP_DHT_24hr	VCaP cells	description	Homo sapiens	353169822	Wei et al., 2023	1	1	1	1		1	1	H3K27ac	MboI	1	VCaP_DHT_24hr	
GSE172498		GSM5257998	SRR14294876	VCaP_CTCF_HiChIP_Veh	VCaP cells	description	Homo sapiens	334175630	Wei et al., 2023	1	1	1	1		1	1	CTCF	MboI	1	VCaP	
GSE172498		GSM5257999	SRR14294877	VCaP_CTCF_HiChIP_DHT_24hr	VCaP cells	description	Homo sapiens	347736184	Wei et al., 2023	1	1	1	1		1	1	CTCF	MboI	1	VCaP_DHT_24hr	
GSE172498		GSM5258000	SRR14294878	VCaP_AR_HiChIP_Veh	VCaP cells	description	Homo sapiens	272508462	Wei et al., 2023	1	1	1	1		1	1	AR	MboI	1	VCaP	
GSE172498		GSM5258001	SRR14294879	VCaP_AR_HiChIP_DHT_2hr	VCaP cells	description	Homo sapiens	334397458	Wei et al., 2023	1	1	1	1		1	1	AR	MboI	1	VCaP_DHT_2hr	
GSE172498		GSM5258002	SRR14294880	VCaP_AR_HiChIP_DHT_24hr	VCaP cells	description	Homo sapiens	371844792	Wei et al., 2023	1	1	1	1		1	1	AR	MboI	1	VCaP_DHT_24hr	
GSE172498		GSM5258003	SRR14294881	H3K27ac_HiChIP_22RV1_S2_L002	22Rv1 cells	description	Homo sapiens	1053177774	Wei et al., 2023	1	1	1	1		1	1	H3K27ac	MboI	1	22RV1	
GSE172498		GSM5258004	SRR14294864	H3K27ac_HiChIP_V16A_S1_L001	V16A cells	description	Homo sapiens	1058270118	Wei et al., 2023	1	1	1	1		1	1	H3K27ac	MboI	1	V16A	
GSE172498		GSM5258005	SRR14294865	H3K27ac_HiChIP_22Rv1_sgDele_10Kb_rep2	22Rv1 cells	description	Homo sapiens	347197118	Wei et al., 2023	2	1	1	1		0	1	H3K27ac	MboI	1	22Rv1-sgDele-10Kb	
GSE172498		GSM5258006	SRR14294866	H3K27ac_HiChIP_22Rv1_sgDele_10Kb_rep1	22Rv1 cells	description	Homo sapiens	311488870	Wei et al., 2023	1	1	2	1		0	1	H3K27ac	MboI	1	22Rv1-sgDele-10Kb	
GSE172498		GSM5258007	SRR14294867	H3K27ac_HiChIP_22Rv1_sgCtrl_rep2	22Rv1 cells	description	Homo sapiens	406820846	Wei et al., 2023	2	1	1	1		0	1	H3K27ac	MboI	1	22Rv1-sgCtrl	
GSE172498		GSM5258008	SRR14294868	H3K27ac_HiChIP_22Rv1_sgCtrl_rep1	22Rv1 cells	description	Homo sapiens	331045200	Wei et al., 2023	1	1	2	1		0	1	H3K27ac	MboI	1	22Rv1-sgCtrl	
GSE172498		GSM5258009	SRR14294869	CTCF_HiChIP_22Rv1_sgDele_10Kb_rep2	22Rv1 cells	description	Homo sapiens	367630144	Wei et al., 2023	2	1	1	1		0	1	CTCF	MboI	1	22Rv1-sgDele-10Kb	
GSE172498		GSM5258010	SRR14294870	CTCF_HiChIP_22Rv1_sgDele_10Kb_rep1	22Rv1 cells	description	Homo sapiens	398028014	Wei et al., 2023	1	1	2	1		0	1	CTCF	MboI	1	22Rv1-sgDele-10Kb	
GSE172498		GSM5258011	SRR14294871	CTCF_HiChIP_22Rv1_sgCtrl_rep2	22Rv1 cells	description	Homo sapiens	293519840	Wei et al., 2023	2	1	1	1		0	1	CTCF	MboI	1	22Rv1-sgCtrl	
GSE172498		GSM5258012	SRR14294872	CTCF_HiChIP_22Rv1_sgCtrl_rep1	22Rv1 cells	description	Homo sapiens	346537608	Wei et al., 2023	1	1	2	1		0	1	CTCF	MboI	1	22Rv1-sgCtrl	
GSE173446		GSM5268035	SRR14337013	WT_rep1_SATB1_HiChIP	thymus		Mus musculus	522988250	Zelenka et al., 2022	1	1	1	1		1	1	SATB1	DpnII	0	Thymocyte	
GSE173446		GSM5268035	SRR14337014	WT_rep1_SATB1_HiChIP	thymus		Mus musculus	522988250	Zelenka et al., 2022	1	2	1	2		1	1	SATB1	DpnII	0	Thymocyte	
GSE173446		GSM5268035	SRR14337015	WT_rep1_SATB1_HiChIP	thymus		Mus musculus	522988250	Zelenka et al., 2022	1	3	1	3		1	1	SATB1	DpnII	0	Thymocyte	
GSE173446		GSM5268035	SRR14337016	WT_rep1_SATB1_HiChIP	thymus		Mus musculus	522988250	Zelenka et al., 2022	1	4	1	4		1	1	SATB1	DpnII	0	Thymocyte	
GSE173446		GSM5268036	SRR14337017	WT_rep2_SATB1_HiChIP	thymus		Mus musculus	576333084	Zelenka et al., 2022	2	1	2	1		1	1	SATB1	DpnII	0	Thymocyte	
GSE173446		GSM5268036	SRR14337018	WT_rep2_SATB1_HiChIP	thymus		Mus musculus	576333084	Zelenka et al., 2022	2	2	2	2		1	1	SATB1	DpnII	0	Thymocyte	
GSE173446		GSM5268036	SRR14337019	WT_rep2_SATB1_HiChIP	thymus		Mus musculus	576333084	Zelenka et al., 2022	2	3	2	3		1	1	SATB1	DpnII	0	Thymocyte	
GSE173446		GSM5268036	SRR14337020	WT_rep2_SATB1_HiChIP	thymus		Mus musculus	576333084	Zelenka et al., 2022	2	4	2	4		1	1	SATB1	DpnII	0	Thymocyte	
GSE173446		GSM5268037	SRR14337021	WT_rep1_CTCF_HiChIP	thymus		Mus musculus	417856992	Zelenka et al., 2022	1	1	1	1		1	1	CTCF	DpnII	0	Thymocyte	
GSE173446		GSM5268037	SRR14337022	WT_rep1_CTCF_HiChIP	thymus		Mus musculus	417856992	Zelenka et al., 2022	1	2	1	2		1	1	CTCF	DpnII	0	Thymocyte	
GSE173446		GSM5268038	SRR14337023	WT_rep2_CTCF_HiChIP	thymus		Mus musculus	506538630	Zelenka et al., 2022	2	1	2	1		1	1	CTCF	DpnII	0	Thymocyte	
GSE173446		GSM5268038	SRR14337024	WT_rep2_CTCF_HiChIP	thymus		Mus musculus	506538630	Zelenka et al., 2022	2	2	2	2		1	1	CTCF	DpnII	0	Thymocyte	
GSE173446		GSM5268038	SRR14337025	WT_rep2_CTCF_HiChIP	thymus		Mus musculus	506538630	Zelenka et al., 2022	2	3	2	3		1	1	CTCF	DpnII	0	Thymocyte	
GSE173446		GSM5268038	SRR14337026	WT_rep2_CTCF_HiChIP	thymus		Mus musculus	506538630	Zelenka et al., 2022	2	4	2	4		1	1	CTCF	DpnII	0	Thymocyte	
GSE173446		GSM5268039	SRR14337027	WT_rep1_H3K27ac_HiChIP	thymus		Mus musculus	461775020	Zelenka et al., 2022	1	1	1	1		1	1	H3K27ac	DpnII	0	Thymocyte	
GSE173446		GSM5268039	SRR14337028	WT_rep1_H3K27ac_HiChIP	thymus		Mus musculus	461775020	Zelenka et al., 2022	1	2	1	2		1	1	H3K27ac	DpnII	0	Thymocyte	
GSE173446		GSM5268039	SRR14337029	WT_rep1_H3K27ac_HiChIP	thymus		Mus musculus	461775020	Zelenka et al., 2022	1	3	1	3		1	1	H3K27ac	DpnII	0	Thymocyte	
GSE173446		GSM5268039	SRR14337030	WT_rep1_H3K27ac_HiChIP	thymus		Mus musculus	461775020	Zelenka et al., 2022	1	4	1	4		1	1	H3K27ac	DpnII	0	Thymocyte	
GSE173446		GSM5268040	SRR14337031	WT_rep2_H3K27ac_HiChIP	thymus		Mus musculus	538431022	Zelenka et al., 2022	2	1	2	1		1	1	H3K27ac	DpnII	0	Thymocyte	
GSE173446		GSM5268040	SRR14337032	WT_rep2_H3K27ac_HiChIP	thymus		Mus musculus	538431022	Zelenka et al., 2022	2	2	2	2		1	1	H3K27ac	DpnII	0	Thymocyte	
GSE173446		GSM5268040	SRR14337033	WT_rep2_H3K27ac_HiChIP	thymus		Mus musculus	538431022	Zelenka et al., 2022	2	3	2	3		1	1	H3K27ac	DpnII	0	Thymocyte	
GSE173446		GSM5268041	SRR14337034	Satb1_cKO_rep1_H3K27ac_HiChIP	thymus		Mus musculus	437829034	Zelenka et al., 2022	1	1	1	1		1	1	H3K27ac	DpnII	0	Thymocyte-Satb1_cKO	
GSE173446		GSM5268041	SRR14337035	Satb1_cKO_rep1_H3K27ac_HiChIP	thymus		Mus musculus	437829034	Zelenka et al., 2022	1	2	1	2		1	1	H3K27ac	DpnII	0	Thymocyte-Satb1_cKO	
GSE173446		GSM5268041	SRR14337036	Satb1_cKO_rep1_H3K27ac_HiChIP	thymus		Mus musculus	437829034	Zelenka et al., 2022	1	3	1	3		1	1	H3K27ac	DpnII	0	Thymocyte-Satb1_cKO	
GSE173446		GSM5268041	SRR14337037	Satb1_cKO_rep1_H3K27ac_HiChIP	thymus		Mus musculus	437829034	Zelenka et al., 2022	1	4	1	4		1	1	H3K27ac	DpnII	0	Thymocyte-Satb1_cKO	
GSE173446		GSM5268042	SRR14337038	Satb1_cKO_rep2_H3K27ac_HiChIP	thymus		Mus musculus	476818608	Zelenka et al., 2022	2	1	2	1		1	1	H3K27ac	DpnII	0	Thymocyte-Satb1_cKO	
GSE173446		GSM5268042	SRR14337039	Satb1_cKO_rep2_H3K27ac_HiChIP	thymus		Mus musculus	476818608	Zelenka et al., 2022	2	2	2	2		1	1	H3K27ac	DpnII	0	Thymocyte-Satb1_cKO	
GSE173446		GSM5268047	SRR14337056	WT_rep3_SATB1_HiChIP_just_for_peak_calling	thymus		Mus musculus	372313510	Zelenka et al., 2022	3	1	3	1		1	1	SATB1	DpnII	0	Thymocyte	
GSE173446		GSM5268047	SRR14337057	WT_rep3_SATB1_HiChIP_just_for_peak_calling	thymus		Mus musculus	372313510	Zelenka et al., 2022	3	2	3	2		1	1	SATB1	DpnII	0	Thymocyte	
GSE173446		GSM5268048	SRR14337058	WT_rep4_SATB1_HiChIP_just_for_peak_calling	thymus		Mus musculus	414429130	Zelenka et al., 2022	4	1	4	1		1	1	SATB1	DpnII	0	Thymocyte	
GSE173446		GSM5268048	SRR14337059	WT_rep4_SATB1_HiChIP_just_for_peak_calling	thymus		Mus musculus	414429130	Zelenka et al., 2022	4	2	4	2		1	1	SATB1	DpnII	0	Thymocyte	
GSE175534	GSE175529	GSM5340909	SRR14646245	Day 0 K27Ac HiChIP profiling in SMARCB1 -/- G401 cell line Rep1	G401 cell line		Homo sapiens	173982638	Wolf et al., 2022	1	1	1	1		1	1	H3K27ac	MboI	1	G401-Day0-SMARCB1-minus_minus	
GSE175534	GSE175529	GSM5340910	SRR14646246	Day 0 K27Ac HiChIP profiling in SMARCB1 -/- G401 cell line Rep2	G401 cell line		Homo sapiens	147479630	Wolf et al., 2022	2	1	2	1		1	1	H3K27ac	MboI	1	G401-Day0-SMARCB1-minus_minus	
GSE175534	GSE175529	GSM5340911	SRR14646247	Day 3 K27Ac HiChIP profiling in SMARCB1 +/+ G401 cell line Rep1	G401 cell line		Homo sapiens	167203710	Wolf et al., 2022	1	1	1	1		1	1	H3K27ac	MboI	1	G401-Day3-SMARCB1-plus_plus	
GSE175534	GSE175529	GSM5340912	SRR14646248	Day 3 K27Ac HiChIP profiling in SMARCB1 +/+ G401 cell line Rep2	G401 cell line		Homo sapiens	165884162	Wolf et al., 2022	2	1	2	1		1	1	H3K27ac	MboI	1	G401-Day3-SMARCB1-plus_plus	
GSE175534	GSE175529	GSM5340913	SRR14646249	Day 3 ARID1A HiChIP profiling in SMARCB1 +/+ G401 cell line Rep1	G401 cell line		Homo sapiens	215598056	Wolf et al., 2022	1	1	1	1		1	1	ARID1A	MboI	1	G401-Day3-ARID1A-SMARCB1-plus_plus	
GSE175534	GSE175529	GSM5340914	SRR14646250	Day 3 ARID1A HiChIP profiling in SMARCB1 +/+ G401 cell line Rep2	G401 cell line		Homo sapiens	135461158	Wolf et al., 2022	2	1	2	1		1	1	ARID1A	MboI	1	G401-Day3-ARID1A-SMARCB1-plus_plus	
GSE178673		GSM5395932	SRR14879932	E18.5 HiChIP_H3K27ac_rep1	Cardiomyocyte		Mus musculus	152512330	Zhang et al., 2023	1	1	1	1		1	1	H3K27ac	MboI	1	Cardiomyocyte-E18.5	
GSE178673		GSM5395933	SRR14879933	E18.5 HiChIP_H3K27ac_rep2	Cardiomyocyte		Mus musculus	108839002	Zhang et al., 2023	2	1	2	1		1	1	H3K27ac	MboI	1	Cardiomyocyte-E18.5	
GSE178673		GSM5395934	SRR14879934	E18.5 HiChIP_H3K27ac_rep3	Cardiomyocyte		Mus musculus	100214290	Zhang et al., 2023	3	1	3	1		1	1	H3K27ac	MboI	1	Cardiomyocyte-E18.5	
GSE178673		GSM5395935	SRR14879935	P3 HiChIP_H3K27ac_rep1	Cardiomyocyte		Mus musculus	96529266	Zhang et al., 2023	1	1	1	1		1	1	H3K27ac	MboI	1	Cardiomyocyte-P3	
GSE178673		GSM5395936	SRR14879936	P3 HiChIP_H3K27ac_rep2	Cardiomyocyte		Mus musculus	98396034	Zhang et al., 2023	2	1	2	1		1	1	H3K27ac	MboI	1	Cardiomyocyte-P3	
GSE178673		GSM5395937	SRR14879937	P3 HiChIP_H3K27ac_rep3	Cardiomyocyte		Mus musculus	73902278	Zhang et al., 2023	3	1	3	1		1	1	H3K27ac	MboI	1	Cardiomyocyte-P3	
GSE181498		GSM5503583	SRR15347449	ZNF384 HiCHIP H3K27Ac Replicate 1	pre-B cells		Mus musculus	550121854	Dickerson et al., 2022	1	1	1	1		1	1	H3K27Ac	Arima	1	Pre-B-ZNF384	
GSE181498		GSM5503584	SRR15347450	ZNF384 HiCHIP H3K27Ac Replicate 2	pre-B cells		Mus musculus	506605088	Dickerson et al., 2022	1	2	2	1		0	0	H3K27Ac	Arima	1	Pre-B-ZNF384	
GSE181498		GSM5503585	SRR15347451	TAF15-ZNF384 HiCHIP H3K27Ac Replicate 1	pre-B cells		Mus musculus	471399382	Dickerson et al., 2022	1	1	1	1		1	1	H3K27Ac	Arima	1	Pre-B-TAF15-ZNF384	
GSE181498		GSM5503586	SRR15347452	TAF15-ZNF384 HiCHIP H3K27Ac Replicate 2	pre-B cells		Mus musculus	576217502	Dickerson et al., 2022	1	2	2	1		0	0	H3K27Ac	Arima	1	Pre-B-TAF15-ZNF384	
GSE181498		GSM5503587	SRR15347453	TCF3-ZNF384 HiCHIP H3K27Ac Replicate 1	pre-B cells		Mus musculus	542786318	Dickerson et al., 2022	1	1	1	1		1	1	H3K27Ac	Arima	1	Pre-B-TCF3-ZNF384	
GSE181498		GSM5503588	SRR15347454	TCF3-ZNF384 HiCHIP H3K27Ac Replicate 2	pre-B cells		Mus musculus	428279880	Dickerson et al., 2022	1	2	2	1		0	0	H3K27Ac	Arima	1	Pre-B-TCF3-ZNF384	
GSE182092		GSM5518388	SRR15446712	hichip-ES	H9	description	Homo sapiens	71004492	Guo et al., 2023	1	1	1	1		1	1	H3K27ac	MboI	0	ES	
GSE182092		GSM5518388	SRR15446713	hichip-ES	H9	description	Homo sapiens	71004492	Guo et al., 2023	1	2	1	2		1	1	H3K27ac	MboI	0	ES	
GSE182092		GSM5518389	SRR15446714	hichip-N-D2	H9	description	Homo sapiens	2205464938	Guo et al., 2023	1	1	1	1		1	1	H3K27ac	MboI	0	H9_derived-Neuron-Day2	
GSE182092		GSM5518389	SRR15446715	hichip-N-D2	H9	description	Homo sapiens	2205464938	Guo et al., 2023	1	2	1	2		1	1	H3K27ac	MboI	0	H9_derived-Neuron-Day2	
GSE182092		GSM5518390	SRR15446716	hichip-N-D10	H9	description	Homo sapiens	622916570	Guo et al., 2023	1	1	1	1		1	1	H3K27ac	MboI	0	H9_derived-Neuron-Day10	
GSE182092		GSM5518391	SRR15446718	hichip-N-D28	H9	description	Homo sapiens	973352856	Guo et al., 2023	1	1	1	1		1	1	H3K27ac	MboI	0	H9_derived-Neuron-Day28	
GSE182092		GSM5518391	SRR15446719	hichip-N-D28	H9	description	Homo sapiens	973352856	Guo et al., 2023	1	2	1	2		1	1	H3K27ac	MboI	0	H9_derived-Neuron-Day28	
GSE182092		GSM5518392	SRR15446720	hichip-A-NPC	H9	description	Homo sapiens	89988624	Guo et al., 2023	1	1	1	1		1	1	H3K27ac	MboI	0	H9_derived-ANPC	
GSE182092		GSM5518392	SRR15446721	hichip-A-NPC	H9	description	Homo sapiens	89988624	Guo et al., 2023	1	2	1	2		1	1	H3K27ac	MboI	0	H9_derived-ANPC	
GSE182092		GSM5518393	SRR15446722	hichip-A-D2	H9	description	Homo sapiens	2055663948	Guo et al., 2023	1	1	1	1		1	1	H3K27ac	MboI	0	H9_derived-Astrocyte-Day2	
GSE182092		GSM5518393	SRR15446723	hichip-A-D2	H9	description	Homo sapiens	2055663948	Guo et al., 2023	1	2	1	2		1	1	H3K27ac	MboI	0	H9_derived-Astrocyte-Day2	
GSE182092		GSM5518394	SRR15446724	hichip-P-NPC	H9	description	Homo sapiens	84348130	Guo et al., 2023	1	1	1	1		1	1	H3K27ac	MboI	0	H9_derived-PNPC	
GSE182092		GSM5518394	SRR15446725	hichip-P-NPC	H9	description	Homo sapiens	84348130	Guo et al., 2023	1	2	1	2		1	1	H3K27ac	MboI	0	H9_derived-PNPC	
GSE182092		GSM5518395	SRR15446726	hichip-P-D2	H9	description	Homo sapiens	1650666414	Guo et al., 2023	1	1	1	1		1	1	H3K27ac	MboI	0	P-D2	
GSE182092		GSM5518395	SRR15446727	hichip-P-D2	H9	description	Homo sapiens	1650666414	Guo et al., 2023	1	2	1	2		1	1	H3K27ac	MboI	0	P-D2	
GSE183764		GSM6160834	SRR19241163	9sCa: NPCs_Control_H3K4me3HiChIP_rep1	Neural progenitor cells		Mus musculus	557937942	Sun et al., 2023	1	1	1	1		1	1	H3K4me3	MboI	1	NPC	
GSE183764		GSM6160835	SRR19241164	9sCa: NPCs_Control_H3K4me3HiChIP_rep2	Neural progenitor cells		Mus musculus	639179638	Sun et al., 2023	2	1	2	1		1	1	H3K4me3	MboI	1	NPC	
GSE183764		GSM6160836	SRR19241165	9sCa: NPCs_Control_H3K4me3HiChIP_rep3	Neural progenitor cells		Mus musculus	603568888	Sun et al., 2023	3	1	3	1		1	1	H3K4me3	MboI	1	NPC	
GSE183764		GSM6160837	SRR19241166	9sCa: NPCs_MSL2KO_H3K4me3HiChIP_rep1	Neural progenitor cells		Mus musculus	638538648	Sun et al., 2023	1	1	1	1		1	1	H3K4me3	MboI	1	NPC-MSL2KO	
GSE183764		GSM6160838	SRR19241167	9sCa: NPCs_MSL2KO_H3K4me3HiChIP_rep2	Neural progenitor cells		Mus musculus	587126586	Sun et al., 2023	2	1	2	1		1	1	H3K4me3	MboI	1	NPC-MSL2KO	
GSE183764		GSM6160839	SRR19241168	9sCa: NPCs_MSL2KO_H3K4me3HiChIP_rep3	Neural progenitor cells		Mus musculus	526404756	Sun et al., 2023	3	1	3	1		1	1	H3K4me3	MboI	1	NPC-MSL2KO	
GSE183993		GSM5575496	SRR15860060	Pro-E_HiChIP_K9me3_rep1	Pro-E_HiChIP_K9me3	description	Homo sapiens	131515462	Li et al., 2023	1	1	1	1		1	1	H3K9me3	MboI	1	Pro-E	
GSE183993		GSM5575497	SRR15860061	Pro-E_HiChIP_K9me3_rep2	Pro-E_HiChIP_K9me3	description	Homo sapiens	105626506	Li et al., 2023	2	1	2	1		1	1	H3K9me3	MboI	1	Pro-E	
GSE183993		GSM5575498	SRR15860062	Ortho-E_HiChIP_K9me3_rep1	Ortho-E_HiChIP_K9me3	description	Homo sapiens	123721948	Li et al., 2023	1	1	1	1		1	1	H3K9me3	MboI	1	Ortho-E	
GSE183993		GSM5575499	SRR15860063	Ortho-E_HiChIP_K9me3_rep2	Ortho-E_HiChIP_K9me3	description	Homo sapiens	92830214	Li et al., 2023	2	1	2	1		1	1	H3K9me3	MboI	1	Ortho-E	
GSE183993		GSM5575500	SRR15860064	D12_HiChIP_GATA1_rep1	D12_HiChIP_GATA1	description	Homo sapiens	125535728	Li et al., 2023	1	1	1	1		1	1	GATA1	MboI	1	D12	
GSE183993		GSM5575501	SRR15860065	D12_HiChIP_GATA1_rep2	D12_HiChIP_GATA1	description	Homo sapiens	94396800	Li et al., 2023	2	1	2	1		1	1	GATA1	MboI	1	D12	
GSE183993		GSM5575502	SRR15860066	D12_HiChIP_KLF1_rep1	D12_HiChIP_KLF1	description	Homo sapiens	142903326	Li et al., 2023	1	1	1	1		1	1	KLF1	MboI	1	D12	
GSE183993		GSM5575503	SRR15860067	D12_HiChIP_KLF1_rep2	D12_HiChIP_KLF1	description	Homo sapiens	121633922	Li et al., 2023	2	1	2	1		1	1	KLF1	MboI	1	D12	
GSE185883		GSM5625253	SRR16323933	KO_K27Ac_HiChIP_rep1	BMDC		Mus musculus	685060864	Yang et al., 2023	1	1	1	1		1	1	H3K27ac	MboI	1	BMDC-CTCF_cKO	
GSE185883		GSM5625254	SRR16323934	KO_K27Ac_HiChIP_rep2	BMDC		Mus musculus	738678700	Yang et al., 2023	2	1	2	1		1	1	H3K27ac	MboI	1	BMDC-CTCF_cKO	
GSE185883		GSM5625255	SRR16323935	KOLPS_K27Ac_HiChIP_rep1	BMDC		Mus musculus	582173922	Yang et al., 2023	1	1	1	1		1	1	H3K27ac	MboI	1	BMDC-CTCF_cKO-LPS	
GSE185883		GSM5625256	SRR16323936	KOLPS_K27Ac_HiChIP_rep2	BMDC		Mus musculus	725573888	Yang et al., 2023	2	1	2	1		1	1	H3K27ac	MboI	1	BMDC-CTCF_cKO-LPS	
GSE185883		GSM5625257	SRR16323937	WT_K27Ac_HiChIP_rep1	BMDC		Mus musculus	736319400	Yang et al., 2023	1	1	1	1		1	1	H3K27ac	MboI	1	BMDC-WT	
GSE185883		GSM5625258	SRR16323938	WT_K27Ac_HiChIP_rep2	BMDC		Mus musculus	794302886	Yang et al., 2023	2	1	2	1		1	1	H3K27ac	MboI	1	BMDC-WT	
GSE185883		GSM5625259	SRR16323939	WTLPS_K27Ac_HiChIP_rep1	BMDC		Mus musculus	605462664	Yang et al., 2023	1	1	1	1		1	1	H3K27ac	MboI	1	BMDC-WT-LPS	
GSE185883		GSM5625260	SRR16323940	WTLPS_K27Ac_HiChIP_rep2	BMDC		Mus musculus	727218516	Yang et al., 2023	2	1	2	1		1	1	H3K27ac	MboI	1	BMDC-WT-LPS	
GSE185883		GSM5625261	SRR16323941	WTLPS_p65_HiChIP_rep1	BMDC		Mus musculus	679871304	Yang et al., 2023	1	1	1	1		1	1	p65	MboI	1	BMDC-WT-LPS_p65	
GSE185883		GSM5625262	SRR16323942	WTLPS_p65_HiChIP_rep2	BMDC		Mus musculus	667893182	Yang et al., 2023	2	1	2	1		1	1	p65	MboI	1	BMDC-WT-LPS_p65	
GSE185884	GSE215044	GSM6620346	SRR21839695	WTJSH_K27Ac_HiChIP_rep1	BMDC		Mus musculus	790486338	Yang et al., 2023	1	1	1	1		1	1	H3K27ac	MboI	0	BMDC-JSH	
GSE185884	GSE215044	GSM6620347	SRR21839694	WTJSH_K27Ac_HiChIP_rep2	BMDC		Mus musculus	825419562	Yang et al., 2023	2	1	2	1		1	1	H3K27ac	MboI	0	BMDC-JSH	
GSE185884	GSE215044	GSM6620348	SRR21839693	WTJSHLPS_K27Ac_HiChIP_rep1	BMDC		Mus musculus	751525812	Yang et al., 2023	1	1	1	1		1	1	H3K27ac	MboI	0	BMDC-JSH-JSH-LPS	
GSE185884	GSE215044	GSM6620349	SRR21839692	WTJSHLPS_K27Ac_HiChIP_rep2	BMDC		Mus musculus	741764096	Yang et al., 2023	2	1	2	1		1	1	H3K27ac	MboI	0	BMDC-JSH-JSH-LPS	
GSE185884	GSE215044	GSM6620350	SRR21839691	WT_K27Ac_HiChIP_rep3	BMDC		Mus musculus	801761816	Yang et al., 2023	1	1	1	1		1	1	H3K27ac	MboI	0	BMDC	
GSE185884	GSE215044	GSM6620351	SRR21839690	WT_K27Ac_HiChIP_rep4	BMDC		Mus musculus	827110660	Yang et al., 2023	2	1	2	1		1	1	H3K27ac	MboI	0	BMDC	
GSE185884	GSE215044	GSM6620352	SRR21839689	WTLPS_K27Ac_HiChIP_rep3	BMDC		Mus musculus	722669262	Yang et al., 2023	1	1	1	1		1	1	H3K27ac	MboI	0	BMDC-LPS	
GSE185884	GSE215044	GSM6620353	SRR21839688	WTLPS_K27Ac_HiChIP_rep4	BMDC		Mus musculus	791760490	Yang et al., 2023	2	1	2	1		1	1	H3K27ac	MboI	0	BMDC-LPS	
GSE188713		GSM5688732	SRR16932084	Nalm6_0hr_H3K27ac_HiChIP	Nalm6 (ALL cell line)		Homo sapiens	373242238	Bergeron et al., 2022	1	1	1	1		1	1	H3K27ac	MNase	0	Nalm6-0hr	X
GSE188713		GSM5688733	SRR16932085	Nalm6_6hr_H3K27ac_HiChIP	Nalm6 (ALL cell line)		Homo sapiens	376955436	Bergeron et al., 2022	2	1	1	1		0	1	H3K27ac	MNase	0	Nalm6-6hr	X
GSE188713		GSM5688734	SRR16932086	Nalm6_24hr_H3K27ac_HiChIP	Nalm6 (ALL cell line)		Homo sapiens	468539348	Bergeron et al., 2022	3	1	1	1		0	1	H3K27ac	MNase	0	Nalm6-24hr	X
GSE188713		GSM5688735	SRR16932087	697_0hr_H3K27ac_HiChIP	697 (ALL cell line)		Homo sapiens	424654876	Bergeron et al., 2022	1	1	1	1		1	1	H3K27ac	MNase	0	697-0hr	X
GSE188713		GSM5688736	SRR16932088	697_6hr_H3K27ac_HiChIP	697 (ALL cell line)		Homo sapiens	378222580	Bergeron et al., 2022	2	1	1	1		0	1	H3K27ac	MNase	0	697-6hr	X
GSE188713		GSM5688737	SRR16932089	697_24hr_H3K27ac_HiChIP	697 (ALL cell line)		Homo sapiens	355439942	Bergeron et al., 2022	3	1	1	1		0	1	H3K27ac	MNase	0	697-24hr	X
GSE189453		GSM5702195	SRR17022157	Vehicle	B lymphoblastoid cell line		Homo sapiens	1659199022	Nguyen et al., 2022	1	1	1	1		1	1	H3K27ac	Arima	1	GM17261-Vehicle	
GSE189453		GSM5702196	SRR17022156	Cortisol	B lymphoblastoid cell line		Homo sapiens	1078835224	Nguyen et al., 2022	1	1	1	1		1	1	H3K27ac	Arima	1	GM17261-Cortisol	
GSE196922	GSE196920	GSM5904706	SRR18054317	HCT116 Control H3K4me1 HiChIP replicate 1 Technical replicate 1	Large intestine; Colon	description	Homo sapiens	365297852	Kim et al., 2023	1	1	1	1		1	1	H3K4me1	MNase	1	HCT116	
GSE196922	GSE196920	GSM5904707	SRR18054316	HCT116 FOXD2 H3K4me1 HiChIP replicate 1 Technical replicate 1	Large intestine; Colon	description	Homo sapiens	336281158	Kim et al., 2023	1	1	1	1		1	1	H3K4me1	MNase	1	HCT116-FOXD2	
GSE196922	GSE196920	GSM5904708	SRR18054315	HCT116 Control H3K27ac HiChIP replicate 1 Technical replicate 1	Large intestine; Colon	description	Homo sapiens	337093630	Kim et al., 2023	1	1	1	1		1	1	H3K27ac	MNase	1	HCT116	
GSE196922	GSE196920	GSM5904709	SRR18054314	HCT116 FOXD2 H3K27ac HiChIP replicate 1 Technical replicate 1	Large intestine; Colon	description	Homo sapiens	338205352	Kim et al., 2023	1	1	1	1		1	1	H3K27ac	MNase	1	HCT116-FOXD2	
GSE196922	GSE196920	GSM5904710	SRR18054313	HCT116 Control H3K4me3 HiChIP replicate 1 Technical replicate 1	Large intestine; Colon	description	Homo sapiens	331777732	Kim et al., 2023	1	1	1	1		1	1	H3K4me3	MNase	1	HCT116	
GSE196922	GSE196920	GSM5904711	SRR18054312	HCT116 FOXD2 H3K4me3 HiChIP replicate 1 Technical replicate 1	Large intestine; Colon	description	Homo sapiens	337903328	Kim et al., 2023	1	1	1	1		1	1	H3K4me3	MNase	1	HCT116-FOXD2	
GSE196922	GSE196920	GSM6431522	SRR20822285	HCT116 Control H3K4me1 HiChIP replicate 1 Technical replicate 2	HCT116	description	Homo sapiens	163464052	Kim et al., 2023	1	2	2	1		0	0	H3K4me1	MNase	1	HCT116	
GSE196922	GSE196920	GSM6431523	SRR20822284	HCT116 FOXD2 H3K4me1 HiChIP replicate 1 Technical replicate 2	HCT116	description	Homo sapiens	145124026	Kim et al., 2023	1	2	2	1		0	0	H3K4me1	MNase	1	HCT116-FOXD2	
GSE196922	GSE196920	GSM6431524	SRR20822283	HCT116 Control H3K27ac HiChIP replicate 1 Technical replicate 2	HCT116	description	Homo sapiens	132789752	Kim et al., 2023	1	2	2	1		0	0	H3K27ac	MNase	1	HCT116	
GSE196922	GSE196920	GSM6431525	SRR20822282	HCT116 FOXD2 H3K27ac HiChIP replicate 1 Technical replicate 2	HCT116	description	Homo sapiens	167502532	Kim et al., 2023	1	2	2	1		0	0	H3K27ac	MNase	1	HCT116-FOXD2	
GSE196922	GSE196920	GSM6431526	SRR20822281	HCT116 Control H3K4me3 HiChIP replicate 1 Technical replicate 2	HCT116	description	Homo sapiens	143979292	Kim et al., 2023	1	2	2	1		0	0	H3K4me3	MNase	1	HCT116	
GSE196922	GSE196920	GSM6431527	SRR20822280	HCT116 FOXD2 H3K4me3 HiChIP replicate 1 Technical replicate 2	HCT116	description	Homo sapiens	289860982	Kim et al., 2023	1	2	2	1		0	0	H3K4me3	MNase	1	HCT116-FOXD2	
GSE196922	GSE196920	GSM6431528	SRR20822279	HCT116 Control H3K4me1 HiChIP replicate 2 Technical replicate 1	HCT116	description	Homo sapiens	244636884	Kim et al., 2023	2	1	3	1		0	1	H3K4me1	MNase	1	HCT116	
GSE196922	GSE196920	GSM6431529	SRR20822278	HCT116 FOXD2 H3K4me1 HiChIP replicate 2 Technical replicate 1	HCT116	description	Homo sapiens	171561554	Kim et al., 2023	2	1	3	1		0	1	H3K4me1	MNase	1	HCT116-FOXD2	
GSE200165		GSM6016405	SRR18609945	HICHIP-22RV1-C1-CTCF	22Rv1 cells	description	Homo sapiens	304392616	Wei et al., 2023	1	1	1	1		1	1	CTCF	MboI	1	22RV1-Control	
GSE200165		GSM6016406	SRR18609944	HICHIP-22RV1-C2-CTCF	22Rv1 cells	description	Homo sapiens	384466176	Wei et al., 2023	1	1	2	1		0	1	CTCF	MboI	1	22RV1-Control	
GSE200165		GSM6016407	SRR18609943	HICHIP-22RV1-M1-CTCF	22Rv1 cells	description	Homo sapiens	422194938	Wei et al., 2023	1	1	1	1		1	1	CTCF	MboI	1	22RV1-Myc	
GSE200165		GSM6016408	SRR18609942	HICHIP-22RV1-M2-CTCF	22Rv1 cells	description	Homo sapiens	452711434	Wei et al., 2023	1	1	2	1		0	1	CTCF	MboI	1	22RV1-Myc	
GSE200165		GSM6016409	SRR18609941	HICHIP-22RV1-C1-H3K27ac	22Rv1 cells	description	Homo sapiens	393279768	Wei et al., 2023	1	1	1	1		1	1	H3K27ac	MboI	1	22RV1-Control	
GSE200165		GSM6016410	SRR18609940	HICHIP-22RV1-C2-H3K27ac	22Rv1 cells	description	Homo sapiens	324182384	Wei et al., 2023	1	1	2	1		0	1	H3K27ac	MboI	1	22RV1-Control	
GSE200165		GSM6016411	SRR18609939	HICHIP-22RV1-M1-H3K27ac	22Rv1 cells	description	Homo sapiens	439361310	Wei et al., 2023	1	1	1	1		1	1	H3K27ac	MboI	1	22RV1-Myc	
GSE200165		GSM6016412	SRR18609938	HICHIP-22RV1-M2-H3K27ac	22Rv1 cells	description	Homo sapiens	382334902	Wei et al., 2023	1	1	2	1		0	1	H3K27ac	MboI	1	22RV1-Myc	
GSE200165		GSM6856446	SRR22797201	HiChIP_22RV1_CTCF_Rep1	22Rv1 cells	description	Homo sapiens	357526306	Wei et al., 2023	1	1	1	1		1	1	CTCF	MboI	1	22RV1	
GSE200165		GSM6856447	SRR22797200	HiChIP_22RV1_CTCF_Rep2	22Rv1 cells	description	Homo sapiens	393144974	Wei et al., 2023	2	1	2	1		1	1	CTCF	MboI	1	22RV1	
GSE200165		GSM6856448	SRR22797199	HiChIP_VCaP_CTCF_Rep1	VCaP cells	description	Homo sapiens	350531946	Wei et al., 2023	1	1	1	1		1	1	CTCF	MboI	1	VCaP	
GSE200165		GSM6856449	SRR22797198	HiChIP_VCaP_CTCF_Rep2	VCaP cells	description	Homo sapiens	695417686	Wei et al., 2023	2	1	2	1		1	1	CTCF	MboI	1	VCaP	
GSE205218	GSE201911	GSM6080942	SRR18976881	CTCF-HiCHIP-noIAA-Replicate 1	cell line	description	Homo sapiens	199649948	Hyle et al., 2023	1	1	1	1		1	1	CTCF	MboI	0	SEM-noIAA	
GSE205218	GSE201911	GSM6080942	SRR18976882	CTCF-HiCHIP-noIAA-Replicate 1	cell line	description	Homo sapiens	199649948	Hyle et al., 2023	1	2	1	2		1	1	CTCF	MboI	0	SEM-noIAA	
GSE205218	GSE201911	GSM6080942	SRR18976883	CTCF-HiCHIP-noIAA-Replicate 1	cell line	description	Homo sapiens	199649948	Hyle et al., 2023	1	3	1	3		1	1	CTCF	MboI	0	SEM-noIAA	
GSE205218	GSE201911	GSM6080942	SRR18976884	CTCF-HiCHIP-noIAA-Replicate 1	cell line	description	Homo sapiens	199649948	Hyle et al., 2023	1	4	1	4		1	1	CTCF	MboI	0	SEM-noIAA	
GSE205218	GSE201911	GSM6080943	SRR18976885	CTCF-HiCHIP-noIAA-Replicate 2	cell line	description	Homo sapiens	214444414	Hyle et al., 2023	2	1	2	1		1	1	CTCF	MboI	0	SEM-noIAA	
GSE205218	GSE201911	GSM6080943	SRR18976886	CTCF-HiCHIP-noIAA-Replicate 2	cell line	description	Homo sapiens	214444414	Hyle et al., 2023	2	2	2	2		1	1	CTCF	MboI	0	SEM-noIAA	
GSE205218	GSE201911	GSM6080943	SRR18976887	CTCF-HiCHIP-noIAA-Replicate 2	cell line	description	Homo sapiens	214444414	Hyle et al., 2023	2	3	2	3		1	1	CTCF	MboI	0	SEM-noIAA	
GSE205218	GSE201911	GSM6080943	SRR18976888	CTCF-HiCHIP-noIAA-Replicate 2	cell line	description	Homo sapiens	214444414	Hyle et al., 2023	2	4	2	4		1	1	CTCF	MboI	0	SEM-noIAA	
GSE205218	GSE201911	GSM6080944	SRR18976879	CTCF-HiCHIP-IAA-6hrs-Replicate 1	cell line	description	Homo sapiens	211537716	Hyle et al., 2023	1	1	1	1		1	1	CTCF	MboI	0	SEM-IAA-6hrs	
GSE205218	GSE201911	GSM6080944	SRR18976880	CTCF-HiCHIP-IAA-6hrs-Replicate 1	cell line	description	Homo sapiens	211537716	Hyle et al., 2023	1	2	1	2		1	1	CTCF	MboI	0	SEM-IAA-6hrs	
GSE205218	GSE201911	GSM6080944	SRR18976889	CTCF-HiCHIP-IAA-6hrs-Replicate 1	cell line	description	Homo sapiens	211537716	Hyle et al., 2023	1	3	1	3		1	1	CTCF	MboI	0	SEM-IAA-6hrs	
GSE205218	GSE201911	GSM6080944	SRR18976890	CTCF-HiCHIP-IAA-6hrs-Replicate 1	cell line	description	Homo sapiens	211537716	Hyle et al., 2023	1	4	1	4		1	1	CTCF	MboI	0	SEM-IAA-6hrs	
GSE205218	GSE201911	GSM6080945	SRR18976877	CTCF-HiCHIP-IAA-6hrs-Replicate 2	cell line	description	Homo sapiens	215631978	Hyle et al., 2023	2	1	2	1		1	1	CTCF	MboI	0	SEM-IAA-6hrs	
GSE205218	GSE201911	GSM6080945	SRR18976878	CTCF-HiCHIP-IAA-6hrs-Replicate 2	cell line	description	Homo sapiens	215631978	Hyle et al., 2023	2	2	2	2		1	1	CTCF	MboI	0	SEM-IAA-6hrs	
GSE205218	GSE201911	GSM6080945	SRR18976891	CTCF-HiCHIP-IAA-6hrs-Replicate 2	cell line	description	Homo sapiens	215631978	Hyle et al., 2023	2	3	2	3		1	1	CTCF	MboI	0	SEM-IAA-6hrs	
GSE205218	GSE201911	GSM6080945	SRR18976892	CTCF-HiCHIP-IAA-6hrs-Replicate 2	cell line	description	Homo sapiens	215631978	Hyle et al., 2023	2	4	2	4		1	1	CTCF	MboI	0	SEM-IAA-6hrs	
GSE205780		GSM6226299	SRR19601532	H3K27ac HiChIP of wt stembryos at 120h	stembryo		Mus musculus	278343742	Rekaik et al., 2023	1	1	1	1		1	1	H3K27ac	DpnII	0	stembryos-120h	
GSE205853		GSM6234567	SRR19619888	HiChIP EndoC 3cyt-hi 72h	EndoC_betaH1 cell line	description	Homo sapiens	276128192	Benaglio et al., 2022	1	1	1	1		1	1	H3K27ac	Arima	1	EndoC-3cyt-hi-72h	
GSE205853		GSM6234568	SRR19619887	HiChIP EndoC untreat 72h	EndoC_betaH1 cell line	description	Homo sapiens	293893870	Benaglio et al., 2022	1	1	1	1		1	1	H3K27ac	Arima	1	EndoC-untreat-72h	
GSE205980		GSM6236300	SRR19639177	LNCaPXIP_BG15n_AR	Prostate cancer cell line		Homo sapiens	987836254				1	1		0	0	AR	TBD	0	LNCaP-BG15n	
GSE205980		GSM6236301	SRR19639176	LNCaPXIP_DMSO_AR	Prostate cancer cell line		Homo sapiens	871486804				1	1		0	0	AR	TBD	0	LNCaP-DMSO	
GSE205980		GSM6236302	SRR19639175	LNCaPXIP_NT_low_AR	Prostate cancer cell line		Homo sapiens	851897532				1	1		0	0	AR	TBD	0	LNCaP-NT-low-AR	
GSE205980		GSM6236303	SRR19639174	LNCaPXIP_NT_med_AR	Prostate cancer cell line		Homo sapiens	773993066				1	1		0	0	AR	TBD	0	LNCaP-NT-med-AR	
GSE205980		GSM6236304	SRR19639173	LNCaPXIP_AR_dupin	Prostate cancer cell line		Homo sapiens	659009614				1	1		0	0	AR	TBD	0	LNCaP-AR-dupin	
GSE205980		GSM6236305	SRR19639172	LNCaPXIP_BG15n_H3K27ac	Prostate cancer cell line		Homo sapiens	666033934				1	1		0	0	H3K27ac	TBD	0	LNCaP-BG15n	
GSE205980		GSM6236306	SRR19639171	LNCaPXIP_DMSO_H3K27ac	Prostate cancer cell line		Homo sapiens	793384436				1	1		0	0	H3K27ac	TBD	0	LNCaP-DMSO	
GSE205980		GSM6236307	SRR19639170	LNCaPXIP_CTCF	Prostate cancer cell line		Homo sapiens	750073040				1	1		0	0	CTCF	TBD	0	LNCaP	
GSE205980		GSM6236308	SRR19639169	LNCaPXIP_DMSO_1hr_AR	Prostate cancer cell line		Homo sapiens	965175746				1	1		0	0	AR	TBD	0	LNCaP-DMSO-1hr	
GSE205980		GSM6236309	SRR19639168	LNCaPXIP_BG15n_1hr_AR	Prostate cancer cell line		Homo sapiens	953619306				1	1		0	0	AR	TBD	0	LNCaP-BG15n-1hr	
GSE205980		GSM6236310	SRR19639167	LNCaPXIP_BG15n_6hr_AR	Prostate cancer cell line		Homo sapiens	611082070				1	1		0	0	AR	TBD	0	LNCaP-BG15n-6hr	
GSE205980		GSM6236311	SRR19639166	LNCaPXIP_BG15n_24hr_AR	Prostate cancer cell line		Homo sapiens	793058870				1	1		0	0	AR	TBD	0	LNCaP-BG15n-24hr	
GSE206354	GSE206351	GSM6252537	SRR19735923	DMS273_HiChIP_H3K27ac	Lung		Homo sapiens	768583956	Pongor et al., 2023	1	1	1	1		1	1	H3K27Ac	MboI	1	DMS273	
GSE206354	GSE206351	GSM6252538	SRR19735922	NCI-H889_HiChIP_H3K27ac	Lung		Homo sapiens	800702398	Pongor et al., 2023	1	1	1	1		1	1	H3K27Ac	MboI	1	NCI-H889	
GSE206354	GSE206351	GSM6252539	SRR19735921	NCI-H524_HiChIP_H3K27ac	Lung		Homo sapiens	424249894	Pongor et al., 2023	1	1	1	1		1	1	H3K27Ac	MboI	1	NCI-H524	
GSE207801		GSM6318726	SRR20066532	mNSC_H3K27ac-ChIP-seq-1	brain		Mus musculus	205715926	Hu et al., 2023	1	1	1	1		1	1	H3K27ac	MNase	1	mNSC	
GSE207801		GSM6318727	SRR20066531	mNSC_H3K27ac-ChIP-seq-2	brain		Mus musculus	1233505384	Hu et al., 2023	2	1	2	1		1	1	H3K27ac	MNase	1	mNSC	
GSE207801		GSM6318728	SRR20066530	YAP-M tumor_H3K27ac-ChIP-seq-1	brain		Mus musculus	120502082	Hu et al., 2023	1	1	1	1		1	1	H3K27ac	MNase	1	YAP-M-tumor	
GSE207801		GSM6318729	SRR20066529	YAP-M tumor_H3K27ac-ChIP-seq-2	brain		Mus musculus	1339080492	Hu et al., 2023	2	1	2	1		1	1	H3K27ac	MNase	1	YAP-M-tumor	
GSE210424	GSE210423	GSM6430040	SRR20791621	A375_H3K27ac_HiChIP	A375		Homo sapiens	446340202	Wang et al., 2023	1	1	1	1		1	1	H3K27ac	MboI	0	A375	
GSE210525		GSM6431777	SRR20825598	BETA_H3K27ac_HiChIP_Rep1	H9 hESCs	description	Homo sapiens	49637104	Lyu et al., 2023			1	1		0	0	H3K27ac	DpnII	1	H9-BETA	
GSE210525		GSM6431778	SRR20825597	BETA_H3K27ac_HiChIP_Rep2	H9 hESCs	description	Homo sapiens	118821636	Lyu et al., 2023			2	1		0	0	H3K27ac	DpnII	1	H9-BETA	
GSE210525		GSM6431779	SRR20825596	DE_H3K27ac_HiChIP_Rep1	H9 hESCs	description	Homo sapiens	54893820	Lyu et al., 2023			1	1		0	0	H3K27ac	DpnII	1	H9-DE	
GSE210525		GSM6431780	SRR20825595	H9_H3K27ac_HiChIP_Rep1	H9 hESCs	description	Homo sapiens	88405962	Lyu et al., 2023			1	1		0	0	H3K27ac	DpnII	1	H9	
GSE210525		GSM6431781	SRR20825594	H9_H3K27ac_HiChIP_Rep2	H9 hESCs	description	Homo sapiens	129599872	Lyu et al., 2023			2	1		0	0	H3K27ac	DpnII	1	H9	
GSE210525		GSM6431782	SRR20825593	PGT_H3K27ac_HiChIP_Rep1	H9 hESCs	description	Homo sapiens	64217776	Lyu et al., 2023			1	1		0	0	H3K27ac	DpnII	1	H9-PGT	
GSE210525		GSM6431783	SRR20825592	PGT_H3K27ac_HiChIP_Rep2	H9 hESCs	description	Homo sapiens	116556898	Lyu et al., 2023			2	1		0	0	H3K27ac	DpnII	1	H9-PGT	
GSE210525		GSM6431784	SRR20825591	PH_H3K27ac_HiChIP_Rep1	H9 hESCs	description	Homo sapiens	69821096	Lyu et al., 2023			1	1		0	0	H3K27ac	DpnII	1	H9-PH	
GSE210525		GSM6431785	SRR20825590	PH_H3K27ac_HiChIP_Rep2	H9 hESCs	description	Homo sapiens	90206760	Lyu et al., 2023			2	1		0	0	H3K27ac	DpnII	1	H9-PH	
GSE210525		GSM6431786	SRR20825589	PP_H3K27ac_HiChIP_Rep1	H9 hESCs	description	Homo sapiens	56773478	Lyu et al., 2023			1	1		0	0	H3K27ac	DpnII	1	H9-PP	
GSE210525		GSM6431787	SRR20825588	PP_H3K27ac_HiChIP_Rep2	H9 hESCs	description	Homo sapiens	88220094	Lyu et al., 2023			2	1		0	0	H3K27ac	DpnII	1	H9-PP	
GSE210525		GSM6431788	SRR20825587	BETA_H3K4me1_HiChIP_Rep1	H9 hESCs	description	Homo sapiens	66557450	Lyu et al., 2023			1	1		0	0	H3K4me1	DpnII	1	H9-BETA	
GSE210525		GSM6431789	SRR20825586	BETA_H3K4me1_HiChIP_Rep2	H9 hESCs	description	Homo sapiens	37571590	Lyu et al., 2023			2	1		0	0	H3K4me1	DpnII	1	H9-BETA	
GSE210525		GSM6431790	SRR20825585	DE_H3K4me1_HiChIP_Rep1	H9 hESCs	description	Homo sapiens	74484918	Lyu et al., 2023			1	1		0	0	H3K4me1	DpnII	1	H9-DE	
GSE210525		GSM6431791	SRR20825584	H9_H3K4me1_HiChIP_Rep1	H9 hESCs	description	Homo sapiens	77440324	Lyu et al., 2023			1	1		0	0	H3K4me1	DpnII	1	H9	
GSE210525		GSM6431792	SRR20825583	H9_H3K4me1_HiChIP_Rep2	H9 hESCs	description	Homo sapiens	95954168	Lyu et al., 2023			2	1		0	0	H3K4me1	DpnII	1	H9	
GSE210525		GSM6431793	SRR20825582	PGT_H3K4me1_HiChIP_Rep1	H9 hESCs	description	Homo sapiens	65083634	Lyu et al., 2023			1	1		0	0	H3K4me1	DpnII	1	H9-PGT	
GSE210525		GSM6431794	SRR20825581	PGT_H3K4me1_HiChIP_Rep2	H9 hESCs	description	Homo sapiens	93983780	Lyu et al., 2023			2	1		0	0	H3K4me1	DpnII	1	H9-PGT	
GSE210525		GSM6431795	SRR20825580	PH_H3K4me1_HiChIP_Rep1	H9 hESCs	description	Homo sapiens	81750430	Lyu et al., 2023			1	1		0	0	H3K4me1	DpnII	1	H9-PH	
GSE210525		GSM6431796	SRR20825579	PH_H3K4me1_HiChIP_Rep2	H9 hESCs	description	Homo sapiens	96815598	Lyu et al., 2023			2	1		0	0	H3K4me1	DpnII	1	H9-PH	
GSE210525		GSM6431797	SRR20825578	PP_H3K4me1_HiChIP_Rep1	H9 hESCs	description	Homo sapiens	98238188	Lyu et al., 2023			1	1		0	0	H3K4me1	DpnII	1	H9-PP	
GSE210525		GSM6431798	SRR20825577	PP_H3K4me1_HiChIP_Rep2	H9 hESCs	description	Homo sapiens	80710762	Lyu et al., 2023			2	1		0	0	H3K4me1	DpnII	1	H9-PP	
GSE210525		GSM6431799	SRR20825576	BETA_H3K9me3_HiChIP_Rep1	H9 hESCs	description	Homo sapiens	51915180	Lyu et al., 2023			1	1		0	0	H3K9me3	DpnII	1	H9-BETA	
GSE210525		GSM6431800	SRR20825575	BETA_H3K9me3_HiChIP_Rep2	H9 hESCs	description	Homo sapiens	65287546	Lyu et al., 2023			2	1		0	0	H3K9me3	DpnII	1	H9-BETA	
GSE210525		GSM6431801	SRR20825574	DE_H3K9me3_HiChIP_Rep1	H9 hESCs	description	Homo sapiens	92820390	Lyu et al., 2023			1	1		0	0	H3K9me3	DpnII	1	H9-DE	
GSE210525		GSM6431802	SRR20825573	DE_H3K9me3_HiChIP_Rep2	H9 hESCs	description	Homo sapiens	134969968	Lyu et al., 2023			2	1		0	0	H3K9me3	DpnII	1	H9-DE	
GSE210525		GSM6431803	SRR20825572	H9_H3K9me3_HiChIP_Rep1	H9 hESCs	description	Homo sapiens	191722758	Lyu et al., 2023			1	1		0	0	H3K9me3	DpnII	1	H9	
GSE210525		GSM6431804	SRR20825571	H9_H3K9me3_HiChIP_Rep2	H9 hESCs	description	Homo sapiens	55090700	Lyu et al., 2023			2	1		0	0	H3K9me3	DpnII	1	H9	
GSE210525		GSM6431805	SRR20825569	PGT_H3K9me3_HiChIP_Rep1	H9 hESCs	description	Homo sapiens	156919900	Lyu et al., 2023			1	1		0	0	H3K9me3	DpnII	1	H9-PGT	
GSE210525		GSM6431806	SRR20825570	PGT_H3K9me3_HiChIP_Rep2	H9 hESCs	description	Homo sapiens	63556506	Lyu et al., 2023			2	1		0	0	H3K9me3	DpnII	1	H9-PGT	
GSE210525		GSM6431807	SRR20825568	PH_H3K9me3_HiChIP_Rep1	H9 hESCs	description	Homo sapiens	42832600	Lyu et al., 2023			1	1		0	0	H3K9me3	DpnII	1	H9-PH	
GSE210525		GSM6431808	SRR20825567	PH_H3K9me3_HiChIP_Rep2	H9 hESCs	description	Homo sapiens	59119736	Lyu et al., 2023			2	1		0	0	H3K9me3	DpnII	1	H9-PH	
GSE210525		GSM6431809	SRR20825566	PP_H3K9me3_HiChIP_Rep1	H9 hESCs	description	Homo sapiens	74408348	Lyu et al., 2023			1	1		0	0	H3K9me3	DpnII	1	H9-PP	
GSE210525		GSM6431810	SRR20825565	PP_H3K9me3_HiChIP_Rep2	H9 hESCs	description	Homo sapiens	95665962	Lyu et al., 2023			2	1		0	0	H3K9me3	DpnII	1	H9-PP	
GSE210525		GSM6431811	SRR20825564	BETA_PolII_HiChIP_Rep1	H9 hESCs	description	Homo sapiens	224245280	Lyu et al., 2023			1	1		0	0	PolII	DpnII	1	H9-BETA	
GSE210525		GSM6431812	SRR20825563	BETA_PolII_HiChIP_Rep2	H9 hESCs	description	Homo sapiens	59241976	Lyu et al., 2023			2	1		0	0	PolII	DpnII	1	H9-BETA	
GSE210525		GSM6431813	SRR20825562	DE_PolII_HiChIP_Rep1	H9 hESCs	description	Homo sapiens	80209062	Lyu et al., 2023			1	1		0	0	PolII	DpnII	1	H9-DE	
GSE210525		GSM6431814	SRR20825561	H9_PolII_HiChIP_Rep1	H9 hESCs	description	Homo sapiens	165888886	Lyu et al., 2023			1	1		0	0	PolII	DpnII	1	H9	
GSE210525		GSM6431815	SRR20825560	H9_PolII_HiChIP_Rep2	H9 hESCs	description	Homo sapiens	95516604	Lyu et al., 2023			2	1		0	0	PolII	DpnII	1	H9	
GSE210525		GSM6431816	SRR20825559	PGT_PolII_HiChIP_Rep1	H9 hESCs	description	Homo sapiens	261440324	Lyu et al., 2023			1	1		0	0	PolII	DpnII	1	H9-PGT	
GSE210525		GSM6431817	SRR20825558	PGT_PolII_HiChIP_Rep2	H9 hESCs	description	Homo sapiens	313088002	Lyu et al., 2023			2	1		0	0	PolII	DpnII	1	H9-PGT	
GSE210525		GSM6431818	SRR20825557	PH_PolII_HiChIP_Rep1	H9 hESCs	description	Homo sapiens	155099238	Lyu et al., 2023			1	1		0	0	PolII	DpnII	1	H9-PH	
GSE210525		GSM6431819	SRR20825556	PH_PolII_HiChIP_Rep2	H9 hESCs	description	Homo sapiens	129046220	Lyu et al., 2023			2	1		0	0	PolII	DpnII	1	H9-PH	
GSE210525		GSM6431820	SRR20825555	PP_PolII_HiChIP_Rep1	H9 hESCs	description	Homo sapiens	301042102	Lyu et al., 2023			1	1		0	0	PolII	DpnII	1	H9-PP	
GSE210525		GSM6431821	SRR20825554	PP_PolII_HiChIP_Rep2	H9 hESCs	description	Homo sapiens	91803136	Lyu et al., 2023			2	1		0	0	PolII	DpnII	1	H9-PP	
GSE210525		GSM6431822	SRR20825553	H9_S2P_HiChIP_Rep1	H9 hESCs	description	Homo sapiens	160654786	Lyu et al., 2023			1	1		0	0	RNAPII-S2ph	DpnII	1	H9	
GSE210525		GSM6431823	SRR20825552	BETA_SA1_HiChIP_Rep1	H9 hESCs	description	Homo sapiens	83844260	Lyu et al., 2023			1	1		0	0	STAG1	DpnII	1	BETA	
GSE210525		GSM6431824	SRR20825551	BETA_SA1_HiChIP_Rep2	H9 hESCs	description	Homo sapiens	95248244	Lyu et al., 2023			2	1		0	0	STAG1	DpnII	1	BETA	
GSE210525		GSM6431825	SRR20825550	DE_SA1_HiChIP_Rep1	H9 hESCs	description	Homo sapiens	71519400	Lyu et al., 2023			1	1		0	0	STAG1	DpnII	1	DE	
GSE210525		GSM6431826	SRR20825549	H9_SA1_HiChIP_Rep1	H9 hESCs	description	Homo sapiens	61406314	Lyu et al., 2023			1	1		0	0	STAG1	DpnII	1	H9	
GSE210525		GSM6431827	SRR20825548	H9_SA1_HiChIP_Rep2	H9 hESCs	description	Homo sapiens	108710162	Lyu et al., 2023			2	1		0	0	STAG1	DpnII	1	H9	
GSE210525		GSM6431828	SRR20825547	PGT_SA1_HiChIP_Rep1	H9 hESCs	description	Homo sapiens	143581108	Lyu et al., 2023			1	1		0	0	STAG1	DpnII	1	PGT	
GSE210525		GSM6431829	SRR20825546	PGT_SA1_HiChIP_Rep2	H9 hESCs	description	Homo sapiens	94557312	Lyu et al., 2023			2	1		0	0	STAG1	DpnII	1	PGT	
GSE210525		GSM6431830	SRR20825545	PH_SA1_HiChIP_Rep1	H9 hESCs	description	Homo sapiens	82510452	Lyu et al., 2023			1	1		0	0	STAG1	DpnII	1	PH	
GSE210525		GSM6431831	SRR20825544	PH_SA1_HiChIP_Rep2	H9 hESCs	description	Homo sapiens	107169078	Lyu et al., 2023			2	1		0	0	STAG1	DpnII	1	PH	
GSE210525		GSM6431832	SRR20825543	PP_SA1_HiChIP_Rep1	H9 hESCs	description	Homo sapiens	64389796	Lyu et al., 2023			1	1		0	0	STAG1	DpnII	1	PP	
GSE210525		GSM6431833	SRR20825542	PP_SA1_HiChIP_Rep2	H9 hESCs	description	Homo sapiens	72707380	Lyu et al., 2023			2	1		0	0	STAG1	DpnII	1	PP	
GSE210525		GSM6431834	SRR20825541	BETA_SA2_HiChIP_Rep1	H9 hESCs	description	Homo sapiens	98522484	Lyu et al., 2023			1	1		0	0	STAG2	DpnII	1	BETA	
GSE210525		GSM6431835	SRR20825540	BETA_SA2_HiChIP_Rep2	H9 hESCs	description	Homo sapiens	112679596	Lyu et al., 2023			2	1		0	0	STAG2	DpnII	1	BETA	
GSE210525		GSM6431836	SRR20825539	DE_SA2_HiChIP_Rep1	H9 hESCs	description	Homo sapiens	63645130	Lyu et al., 2023			1	1		0	0	STAG2	DpnII	1	DE	
GSE210525		GSM6431837	SRR20825538	H9_SA2_HiChIP_Rep1	H9 hESCs	description	Homo sapiens	90022866	Lyu et al., 2023			1	1		0	0	STAG2	DpnII	1	H9	
GSE210525		GSM6431838	SRR20825537	H9_SA2_HiChIP_Rep2	H9 hESCs	description	Homo sapiens	74753936	Lyu et al., 2023			2	1		0	0	STAG2	DpnII	1	H9	
GSE210525		GSM6431839	SRR20825536	PGT_SA2_HiChIP_Rep1	H9 hESCs	description	Homo sapiens	63784192	Lyu et al., 2023			1	1		0	0	STAG2	DpnII	1	PGT	
GSE210525		GSM6431840	SRR20825535	PGT_SA2_HiChIP_Rep2	H9 hESCs	description	Homo sapiens	84498310	Lyu et al., 2023			2	1		0	0	STAG2	DpnII	1	PGT	
GSE210525		GSM6431841	SRR20825534	PH_SA2_HiChIP_Rep1	H9 hESCs	description	Homo sapiens	89275426	Lyu et al., 2023			1	1		0	0	STAG2	DpnII	1	PH	
GSE210525		GSM6431842	SRR20825533	PH_SA2_HiChIP_Rep2	H9 hESCs	description	Homo sapiens	114420276	Lyu et al., 2023			2	1		0	0	STAG2	DpnII	1	PH	
GSE210525		GSM6431843	SRR20825532	PP_SA2_HiChIP_Rep1	H9 hESCs	description	Homo sapiens	61426734	Lyu et al., 2023			1	1		0	0	STAG2	DpnII	1	PP	
GSE210525		GSM6431844	SRR20825531	PP_SA2_HiChIP_Rep2	H9 hESCs	description	Homo sapiens	93968184	Lyu et al., 2023			2	1		0	0	STAG2	DpnII	1	PP	
GSE212226		GSM6514277	SRR21292639	H9 Passage 4 CNCC, Input, bio rep 1 [HiChIP]	Neural Crest Cells		Homo sapiens	28261370	Mohammed et al., 2023	1	1	1	1		1	1	?	MboI	0	H9_derived-CNCC-Input	1
GSE212226		GSM6514278	SRR21292630	H9 Passage 4 CNCC, Input, bio rep 5 [HiChIP]	Neural Crest Cells		Homo sapiens	36082728	Mohammed et al., 2023	5	1	2	1		0	1	?	MboI	0	H9_derived-CNCC-Input	1
GSE212226		GSM6514279	SRR21292629	H9 Passage 4 CNCC, H3K27ac, bio rep 1 [HiChIP]	Neural Crest Cells		Homo sapiens	42497818	Mohammed et al., 2023	1	1	1	1		1	1	H3K27ac	MboI	0	H9_derived-CNCC	
GSE212226		GSM6514280	SRR21292628	H9 Passage 4 CNCC, H3K27ac, bio rep 2 [HiChIP]	Neural Crest Cells		Homo sapiens	42642760	Mohammed et al., 2023	2	1	2	1		1	1	H3K27ac	MboI	0	H9_derived-CNCC	
GSE212226		GSM6514281	SRR21292627	H9 Passage 4 CNCC, H3K27ac, bio rep 3 [HiChIP]	Neural Crest Cells		Homo sapiens	40762412	Mohammed et al., 2023	3	1	3	1		1	1	H3K27ac	MboI	0	H9_derived-CNCC	
GSE212226		GSM6514282	SRR21292626	H9 Passage 4 CNCC, H3K27ac, bio rep 4 [HiChIP]	Neural Crest Cells		Homo sapiens	46367658	Mohammed et al., 2023	4	1	4	1		1	1	H3K27ac	MboI	0	H9_derived-CNCC	
GSE212226		GSM6514283	SRR21292625	H9 Passage 4 CNCC, H3K27ac, bio rep 5 [HiChIP]	Neural Crest Cells		Homo sapiens	33475128	Mohammed et al., 2023	5	1	5	1		1	1	H3K27ac	MboI	0	H9_derived-CNCC	
GSE212226		GSM6514284	SRR21292624	H9 Passage 4 CNCC, H3K27ac, bio rep 6 [HiChIP]	Neural Crest Cells		Homo sapiens	37217202	Mohammed et al., 2023	6	1	6	1		1	1	H3K27ac	MboI	0	H9_derived-CNCC	
GSE212226		GSM6514285	SRR21292623	H9 Passage 4 CNCC, H3K27ac, bio rep 7 [HiChIP]	Neural Crest Cells		Homo sapiens	41878292	Mohammed et al., 2023	7	1	7	1		1	1	H3K27ac	MboI	0	H9_derived-CNCC	
GSE212226		GSM6514286	SRR21292622	H9 Passage 4 CNCC, H3K27ac, bio rep 8 [HiChIP]	Neural Crest Cells		Homo sapiens	42367782	Mohammed et al., 2023	8	1	8	1		1	1	H3K27ac	MboI	0	H9_derived-CNCC	
GSE212226		GSM6514287	SRR21292621	H9 Day 5 Chondrocyte, Input, bio rep 1 [HiChIP]	Chondrocytes		Homo sapiens	19809948	Mohammed et al., 2023	1	1	1	1		1	1	?	MboI	0	H9_derived-Chondrocyte-Input	1
GSE212226		GSM6514288	SRR21292620	H9 Day 5 Chondrocyte, Input, bio rep 5 [HiChIP]	Chondrocytes		Homo sapiens	47347072	Mohammed et al., 2023	5	1	2	1		0	1	?	MboI	0	H9_derived-Chondrocyte-Input	1
GSE212226		GSM6514289	SRR21292619	H9 Day 5 Chondrocyte, H3K27ac, bio rep 1 [HiChIP]	Chondrocytes		Homo sapiens	43808952	Mohammed et al., 2023	1	1	1	1		1	1	H3K27ac	MboI	0	H9_derived-Chondrocyte	
GSE212226		GSM6514290	SRR21292618	H9 Day 5 Chondrocyte, H3K27ac, bio rep 2 [HiChIP]	Chondrocytes		Homo sapiens	55211752	Mohammed et al., 2023	2	1	2	1		1	1	H3K27ac	MboI	0	H9_derived-Chondrocyte	
GSE212226		GSM6514291	SRR21292617	H9 Day 5 Chondrocyte, H3K27ac, bio rep 3 [HiChIP]	Chondrocytes		Homo sapiens	44123530	Mohammed et al., 2023	3	1	3	1		1	1	H3K27ac	MboI	0	H9_derived-Chondrocyte	
GSE212226		GSM6514292	SRR21292616	H9 Day 5 Chondrocyte, H3K27ac, bio rep 4 [HiChIP]	Chondrocytes		Homo sapiens	51601798	Mohammed et al., 2023	4	1	4	1		1	1	H3K27ac	MboI	0	H9_derived-Chondrocyte	
GSE212226		GSM6514293	SRR21292615	H9 Day 5 Chondrocyte, H3K27ac, bio rep 5 [HiChIP]	Chondrocytes		Homo sapiens	46300642	Mohammed et al., 2023	5	1	5	1		1	1	H3K27ac	MboI	0	H9_derived-Chondrocyte	
GSE212226		GSM6514294	SRR21292638	H9 Day 5 Chondrocyte, H3K27ac, bio rep 6 [HiChIP]	Chondrocytes		Homo sapiens	42590644	Mohammed et al., 2023	6	1	6	1		1	1	H3K27ac	MboI	0	H9_derived-Chondrocyte	
GSE212226		GSM6514295	SRR21292637	H9 Day 5 Chondrocyte, H3K27ac, bio rep 7 [HiChIP]	Chondrocytes		Homo sapiens	35350418	Mohammed et al., 2023	7	1	7	1		1	1	H3K27ac	MboI	0	H9_derived-Chondrocyte	
GSE212226		GSM6514296	SRR21292636	H9 Day 5 Chondrocyte, H3K27ac, bio rep 8 [HiChIP]	Chondrocytes		Homo sapiens	48757360	Mohammed et al., 2023	8	1	8	1		1	1	H3K27ac	MboI	0	H9_derived-Chondrocyte	
GSE212226		GSM6514297	SRR21292635	H9 Day 5 Chondrocyte, Undigested, Input, bio rep 1 [HiChIP]	Chondrocytes		Homo sapiens	34823652	Mohammed et al., 2023	1	1	1	1		1	1	?	MboI	0	H9_derived-Chondrocyte-Undigested-Input	1
GSE212226		GSM6514298	SRR21292634	H9 Day 5 Chondrocyte, Undigested, H3K27ac, bio rep 1 [HiChIP]	Chondrocytes		Homo sapiens	50002500	Mohammed et al., 2023	1	1	1	1		1	1	H3K27ac	MboI	0	H9_derived-Chondrocyte-Undigested	
GSE212226		GSM6514299	SRR21292633	H9 Day 5 Chondrocyte, Undigested, H3K27ac, bio rep 2 [HiChIP]	Chondrocytes		Homo sapiens	42445720	Mohammed et al., 2023	2	1	2	1		1	1	H3K27ac	MboI	0	H9_derived-Chondrocyte-Undigested	
GSE212226		GSM6514300	SRR21292632	H9 Day 5 Chondrocyte, Undigested, H3K27ac, bio rep 3 [HiChIP]	Chondrocytes		Homo sapiens	50114136	Mohammed et al., 2023	3	1	3	1		1	1	H3K27ac	MboI	0	H9_derived-Chondrocyte-Undigested	
GSE212226		GSM6514301	SRR21292631	H9 Day 5 Chondrocyte, Undigested, H3K27ac, bio rep 4 [HiChIP]	Chondrocytes		Homo sapiens	56204046	Mohammed et al., 2023	4	1	4	1		1	1	H3K27ac	MboI	0	H9_derived-Chondrocyte-Undigested	
GSE212978		GSM6568076	SRR21493538	JN-DSRCT1.shEWSWT1.HiChIP	JN-DSRCT1_shEWSWT1		Homo sapiens	358253716	NaN	1	1	1	1		1	1	H3K27ac	MboI	1	JN-DSRCT1.shEWSWT1	
GSE212978		GSM6568077	SRR21493537	JN-DSRCT1.shGFP.HiChIP	JN-DSRCT1_shGFP		Homo sapiens	372556042	NaN	1	1	1	1		1	1	H3K27ac	MboI	1	JN-DSRCT1.shGFP	
GSE212978		GSM6568078	SRR21493536	JN-DSRCT1.wt.HiChIP	JN-DSRCT1.wt		Homo sapiens	74139164	NaN	1	1	1	1		1	1	H3K27ac	MboI	1	JN-DSRCT1	
GSE213397	GSE213385	GSM6585401	SRR21582712	L36_HiCHIP_Rep1	L3.6pl	description	Homo sapiens	82538672	Wang et al., 2023	1	1	1	1		1	1	H3K27ac	MboI, DpnII and HinfI (NEB)	1	L3.6pl	
GSE213397	GSE213385	GSM6585402	SRR21582711	L36_HiCHIP_Rep2	L3.6pl	description	Homo sapiens	150275996	Wang et al., 2023	2	1	2	1		1	1	H3K27ac	MboI, DpnII and HinfI (NEB)	1	L3.6pl	
GSE213418		GSM6585954	SRR21590011	RNA-pol2 HiChIP of Mus musculus: NPC-WT-Rep1	Embryonic stem cell	description	Mus musculus	507269004	Bi et al.., 2022	1	1	1	1		1	1	RNA pol II	MboI	0	NPC-WT	
GSE213418		GSM6585955	SRR21590012	RNA-pol2 HiChIP of Mus musculus: NPC-WT-Rep2	Embryonic stem cell	description	Mus musculus	305057702	Bi et al.., 2022	2	1	2	1		1	1	RNA pol II	MboI	0	NPC-WT	
GSE213418		GSM6585956	SRR21590010	RNA-pol2 HiChIP of Mus musculus: NPC-KLF4-KO-Rep1	Embryonic stem cell	description	Mus musculus	335865442	Bi et al.., 2022	1	1	1	1		1	1	RNA pol II	MboI	0	NPC-KLF4-KO	
GSE213418		GSM6585957	SRR21590009	RNA-pol2 HiChIP of Mus musculus: NPC-KLF4-KO-Rep2	Embryonic stem cell	description	Mus musculus	372333006	Bi et al.., 2022	2	1	2	1		1	1	RNA pol II	MboI	0	NPC-KLF4-KO	
GSE213644		GSM6590720	SRR21626054	TSC replicate1 [HiChIP]	TSC	description	Mus musculus	920899954	Murphy et al., 2023	1	1	1	1		1	1	H3K27ac	Arima	0	TSC	
GSE213644		GSM6590721	SRR21626053	TSC replicate2 [HiChIP]	TSC	description	Mus musculus	962612796	Murphy et al., 2023	2	1	2	1		1	1	H3K27ac	Arima	0	TSC	
GSE213644		GSM6590722	SRR21626052	XEN replicate1 [HiChIP]	XEN	description	Mus musculus	589161560	Murphy et al., 2023	1	1	1	1		1	1	H3K27ac	Arima	0	Extra-ESC	
GSE213644		GSM6590723	SRR21626051	XEN replicate2 [HiChIP]	XEN	description	Mus musculus	856710226	Murphy et al., 2023	2	1	2	1		1	1	H3K27ac	Arima	0	Extra-ESC	
GSE213644		GSM6590724	SRR21626050	EPISC replicate1 [HiChIP]	EPISC	description	Mus musculus	860625154	Murphy et al., 2023	1	1	1	1		1	1	H3K27ac	Arima	0	EPISC	
GSE213644		GSM6590725	SRR21626049	EPISC replicate2 [HiChIP]	EPISC	description	Mus musculus	900473300	Murphy et al., 2023	2	1	2	1		1	1	H3K27ac	Arima	0	EPISC	
GSE214591		GSM6612431	SRR21776454	HiChIP, K562-dTAG-BRD4, 120min-dTAG7, R1	K562 dTAG-BRD-1		Homo sapiens	248507168	Bressin et al., 2023	1	1	1	1		1	1	H3K27ac	MboI	1	K562-dTAG-BRD4-dTAG7	
GSE214591		GSM6612432	SRR21776453	HiChIP, K562-dTAG-BRD4, 120min-dTAG7, R2	K562 dTAG-BRD0		Homo sapiens	206635202	Bressin et al., 2023	2	1	2	1		1	1	H3K27ac	MboI	1	K562-dTAG-BRD4-dTAG7	
GSE214591		GSM6612433	SRR21776452	HiChIP, K562-dTAG-BRD4, 120min-dTAG7, R3	K562 dTAG-BRD1		Homo sapiens	236191458	Bressin et al., 2023	3	1	3	1		1	1	H3K27ac	MboI	1	K562-dTAG-BRD4-dTAG7	
GSE214591		GSM6612434	SRR21776451	HiChIP, K562-dTAG-BRD4, 120min-DMSO, R1	K562 dTAG-BRD2		Homo sapiens	239495090	Bressin et al., 2023	1	1	1	1		1	1	H3K27ac	MboI	1	K562-dTAG-BRD4-DMSO	
GSE214591		GSM6612435	SRR21776450	HiChIP, K562-dTAG-BRD4, 120min-DMSO, R2	K562 dTAG-BRD3		Homo sapiens	221780240	Bressin et al., 2023	2	1	2	1		1	1	H3K27ac	MboI	1	K562-dTAG-BRD4-DMSO	
GSE214591		GSM6612436	SRR21776449	HiChIP, K562-dTAG-BRD4, 120min-DMSO, R3	K562 dTAG-BRD4		Homo sapiens	229312766	Bressin et al., 2023	3	1	3	1		1	1	H3K27ac	MboI	1	K562-dTAG-BRD4-DMSO	
GSE214678	GSE214674	GSM6614098	SRR21787036	WT-PDX1-HiChIP-1	Beta-TC6		Mus musculus	147944568	Weidemann et al., 2023	1	1	1	1		1	1	PDX1	MboI	0	Beta-TC6	
GSE214678	GSE214674	GSM6614099	SRR21787035	WT-PDX1-HiChIP-2	Beta-TC6		Mus musculus	159743674	Weidemann et al., 2023	2	1	2	1		1	1	PDX1	MboI	0	Beta-TC6	
GSE214811	GSE214807	GSM6616188	SRR21694174	HiChIP_GATA1_Day5_Rep1	Cord Blood		Homo sapiens	0	Li et al., 2023	1	1	1	1		1	1	GATA1	MboI	0	Erythroid-progenitor-Day5	
GSE214811	GSE214807	GSM6616189	SRR21694173	HiChIP_GATA1_Day5_Rep2	Cord Blood		Homo sapiens	0	Li et al., 2023	2	1	2	1		1	1	GATA1	MboI	0	Erythroid-progenitor-Day5	
GSE214811	GSE214807	GSM6616190	SRR21694172	HiChIP_GATA1_Day12_Rep1	Cord Blood		Homo sapiens	860388090	Li et al., 2023	1	1	1	1		1	1	GATA1	MboI	0	Erythroid-progenitor-Day12	
GSE214811	GSE214807	GSM6616191	SRR21694171	HiChIP_GATA1_Day12_Rep2	Cord Blood		Homo sapiens	759969844	Li et al., 2023	2	1	2	1		1	1	GATA1	MboI	0	Erythroid-progenitor-Day12	
GSE215020		GSM6620056	SRR21838997	HiChIP_A1	atrium	description	Mus musculus	1059313380	Cao et al., 2023	1	1	1	1		1	1	H3K27ac	Arima	0	Atrial	
GSE215020		GSM6620057	SRR21838996	HiChIP_A2	atrium	description	Mus musculus	658336818	Cao et al., 2023	2	1	2	1		1	1	H3K27ac	Arima	0	Atrial	
GSE215020		GSM6620058	SRR21838995	HiChIP_A3	atrium	description	Mus musculus	657890380	Cao et al., 2023	3	1	3	1		1	1	H3K27ac	Arima	0	Atrial	
GSE215020		GSM6620059	SRR21838994	HiChIP_V1	ventricle	description	Mus musculus	747436606	Cao et al., 2023	1	1	1	1		1	1	H3K27ac	Arima	0	Ventrial	
GSE215020		GSM6620060	SRR21838993	HiChIP_V2	ventricle	description	Mus musculus	650997014	Cao et al., 2023	2	1	2	1		1	1	H3K27ac	Arima	0	Ventrial	
GSE215020		GSM6620061	SRR21838992	HiChIP_V3	ventricle	description	Mus musculus	652119836	Cao et al., 2023	3	1	3	1		1	1	H3K27ac	Arima	0	Ventrial	
GSE217349		GSM6715248	SRR22197627	astrocytes, cells, control (HiChIP)	hAstro		Homo sapiens	201874980	Chakraborty et al., 2023	1	1	1	1		1	1	H3K4me3	Arima	1	astrocytes	
GSE217349		GSM6715249	SRR22197625	U3008, cells, GBM (HiChIP)	U3008		Homo sapiens	210145262	Chakraborty et al., 2023	1	1	1	1		1	1	H3K4me3	Arima	1	U3008-GBM	
GSE217349		GSM6715250	SRR22197624	U3009, cells, GBM (HiChIP)	U3009		Homo sapiens	215589678	Chakraborty et al., 2023	1	1	1	1		1	1	H3K4me3	Arima	1	U3009-GBM	
GSE217349		GSM6715251	SRR22197623	U3013, cells, GBM (HiChIP)	U3013		Homo sapiens	235175912	Chakraborty et al., 2023	1	1	1	1		1	1	H3K4me3	Arima	1	U3013-GBM	
GSE217349		GSM6715252	SRR22197626	U3028, cells, GBM (HiChIP)	U3028		Homo sapiens	202464718	Chakraborty et al., 2023	1	1	1	1		1	1	H3K4me3	Arima	1	U3028-GBM	
GSE217349		GSM6715253	SRR22197622	U3031, cells, GBM (HiChIP)	U3031		Homo sapiens	204142272	Chakraborty et al., 2023	1	1	1	1		1	1	H3K4me3	Arima	1	U3031-GBM	
GSE217349		GSM6715254	SRR22197621	U3039, cells, GBM (HiChIP)	U3039		Homo sapiens	232431204	Chakraborty et al., 2023	1	1	1	1		1	1	H3K4me3	Arima	1	U3039-GBM	
GSE217349		GSM6715255	SRR22197620	U3042, cells, GBM (HiChIP)	U3042		Homo sapiens	238448710	Chakraborty et al., 2023	1	1	1	1		1	1	H3K4me3	Arima	1	U3042-GBM	
GSE217349		GSM6715256	SRR22197619	U3054, cells, GBM (HiChIP)	U3054		Homo sapiens	232034480	Chakraborty et al., 2023	1	1	1	1		1	1	H3K4me3	Arima	1	U3054-GBM	
GSE217349		GSM6715257	SRR22197618	U3073, cells, GBM (HiChIP)	U3073		Homo sapiens	304094338	Chakraborty et al., 2023	1	1	1	1		1	1	H3K4me3	Arima	1	U3073-GBM	
GSE217349		GSM6715258	SRR22197617	U3078, cells, GBM (HiChIP)	U3078		Homo sapiens	292538006	Chakraborty et al., 2023	1	1	1	1		1	1	H3K4me3	Arima	1	U3078-GBM	
GSE217349		GSM6715259	SRR22197616	U3085, cells, GBM (HiChIP)	U3085		Homo sapiens	186100198	Chakraborty et al., 2023	1	1	1	1		1	1	H3K4me3	Arima	1	U3085-GBM	
GSE217349		GSM6715260	SRR22197615	U3086, cells, GBM (HiChIP)	U3086		Homo sapiens	224593690	Chakraborty et al., 2023	1	1	1	1		1	1	H3K4me3	Arima	1	U3086-GBM	
GSE217349		GSM6715261	SRR22197614	U3118, cells, GBM (HiChIP)	U3118		Homo sapiens	200058016	Chakraborty et al., 2023	1	1	1	1		1	1	H3K4me3	Arima	1	U3118-GBM	
GSE217349		GSM6715262	SRR22197613	U3121, cells, GBM (HiChIP)	U3121		Homo sapiens	242866042	Chakraborty et al., 2023	1	1	1	1		1	1	H3K4me3	Arima	1	U3121-GBM	
GSE219164		GSM6774888	SRR22486296	B80T5 replicate A	Breast		Homo sapiens	1568545968	Tuano et al., 2023	1	1	1	1		1	1	H3K27ac	Arima	1	B80T5	
GSE219164		GSM6774889	SRR22486295	B80T5 replicate B	Breast		Homo sapiens	1760108804	Tuano et al., 2023	2	1	2	1		1	1	H3K27ac	Arima	1	B80T5	
GSE219164		GSM6774890	SRR22486294	K5plusK19plus replicate A	Breast		Homo sapiens	1683113000	Tuano et al., 2023	1	1	1	1		1	1	H3K27ac	Arima	1	K5plusK19plus	
GSE219164		GSM6774891	SRR22486293	K5plusK19plus replicate B	Breast		Homo sapiens	1293829280	Tuano et al., 2023	2	1	2	1		1	1	H3K27ac	Arima	1	K5plusK19plus	
GSE221052		GSM6841219	SRR22750544	GP5d, H3K27ac HiChIP	GP5d		Homo sapiens	381755506	Karttunen et al., 2023	1	1	1	1		1	1	H3K27ac	MboI	0	GP5d	
GSE222160		GSM6916794	SRR22972366	Purified Cardiomyocyte-E12.5_rep1	Heart		Mus musculus	1027187006	Zhou et al., 2023	1	1	1	1		1	1	H3K27ac	Arima	0	Cardiomyocyte-E12.5	
GSE222160		GSM6916795	SRR22972365	Purified Cardiomyocyte-E12.5_rep2	Heart		Mus musculus	689926662	Zhou et al., 2023	2	1	2	1		1	1	H3K27ac	Arima	0	Cardiomyocyte-E12.5	
GSE222160		GSM6916796	SRR22972364	Purified Cardiomyocyte-P42_rep1	Heart		Mus musculus	923451084	Zhou et al., 2023	1	1	1	1		1	1	H3K27ac	Arima	0	Cardiomyocyte-P42	
GSE222160		GSM6916797	SRR22972363	Purified Cardiomyocyte-P42_rep2	Heart		Mus musculus	961852244	Zhou et al., 2023	2	1	2	1		1	1	H3K27ac	Arima	0	Cardiomyocyte-P42	
GSE222206		GSM6917965	SRR22985197	HiChIP Mock rep1	HepG2		Homo sapiens	258590656	Yuan et al., 2023	1	1	1	1		1	1	RNA-Pol-II	MboI	0	HepG2	X
GSE222206		GSM6917966	SRR22985196	HiChIP Mock rep2	HepG2		Homo sapiens	270961242	Yuan et al., 2023	2	1	1	1		0	1	RNA-Pol-II	MboI	0	HepG2	X
GSE222206		GSM6917967	SRR22985195	HiChIP PDS rep1	HepG2		Homo sapiens	127645736	Yuan et al., 2023	1	1	1	1		1	1	RNA-Pol-II	MboI	0	HepG2-PDS	X
GSE222206		GSM6917968	SRR22985194	HiChIP PDS rep2	HepG2		Homo sapiens	137303994	Yuan et al., 2023	2	1	2	1		1	1	RNA-Pol-II	MboI	0	HepG2-PDS	X
GSE222970	GSE222370	GSM6921728	SRR23009836	H3K27ac control atria 1	Atria- complex tissue	description	Mus musculus	873236020	Sweat et al., 2023	1	1	1	1		1	1	H3K27ac	Arima	0	Atria-Control	
GSE222970	GSE222370	GSM6921729	SRR23009835	H3K27ac control atria 2	Atria- complex tissue	description	Mus musculus	1135075868	Sweat et al., 2023	2	1	2	1		1	1	H3K27ac	Arima	0	Atria-Control	
GSE222970	GSE222370	GSM6921730	SRR23009834	H3K27ac TBX5AKO atria 1	Atria- complex tissue	description	Mus musculus	1124624764	Sweat et al., 2023	1	1	1	1		1	1	H3K27ac	Arima	0	Atria-TBX5AKO	
GSE222970	GSE222370	GSM6921731	SRR23009833	H3K27ac TBX5AKO atria 2	Atria- complex tissue	description	Mus musculus	824002634	Sweat et al., 2023	2	1	2	1		1	1	H3K27ac	Arima	0	Atria-TBX5AKO	
GSE223259		GSM6944052	SRR23132802	HiChIP_BlueActivation_REPLICATE1	HEK293 cells		Homo sapiens	44977514	Liu et al., 2023	1	1	1	1		1	1	DAXX	MboI	0	HEK293-BlueActivation	
GSE223259		GSM6944053	SRR23132801	HiChIP_BlueActivation_REPLICATE2	HEK293 cells		Homo sapiens	50603594	Liu et al., 2023	2	1	2	1		1	1	DAXX	MboI	0	HEK293-BlueActivation	
GSE223259		GSM6944054	SRR23132800	HiChIP_NoBlueActivation	HEK293 cells		Homo sapiens	34558438	Liu et al., 2023	1	1	1	1		1	1	DAXX	MboI	0	HEK293-NoBlueActivation	
GSE225922		GSM7060403	SRR23597826	TFAP2A_KO_rep1	H9 day7		Homo sapiens	413510086	Collier et al., 2023	1	1	1	1		1	1	SMC1A	MboI	0	H9-TFAP2A_KO	
GSE225922		GSM7060403	SRR23597827	TFAP2A_KO_rep1	H9 day7		Homo sapiens	413510086	Collier et al., 2023	1	2	1	2		1	1	SMC1A	MboI	0	H9-TFAP2A_KO	
GSE225922		GSM7060404	SRR23597824	TFAP2A_KO_rep2	H9 day7		Homo sapiens	644144812	Collier et al., 2023	2	1	2	1		1	1	SMC1A	MboI	0	H9-TFAP2A_KO	
GSE225922		GSM7060404	SRR23597825	TFAP2A_KO_rep2	H9 day7		Homo sapiens	644144812	Collier et al., 2023	2	2	2	2		1	1	SMC1A	MboI	0	H9-TFAP2A_KO	
GSE225922		GSM7060405	SRR23597822	TFAP2A_KO_rep3	H9 day7		Homo sapiens	355623484	Collier et al., 2023	3	1	3	1		1	1	SMC1A	MboI	0	H9-TFAP2A_KO	
GSE225922		GSM7060405	SRR23597823	TFAP2A_KO_rep3	H9 day7		Homo sapiens	355623484	Collier et al., 2023	3	2	3	2		1	1	SMC1A	MboI	0	H9-TFAP2A_KO	
GSE227242		GSM7093754	SRR23851755	Ishikawa H3K27ac HiChIP_DMSO_rep1	Ishikawa	description	Homo sapiens	197706630	Ginley-Hidinger et al., 2023	1	1	1	1		1	1	H3K27ac	DpnII	1	Ishikawa-DMSO	
GSE227242		GSM7093755	SRR23851756	Ishikawa H3K27ac HiChIP_DMSO_rep2	Ishikawa	description	Homo sapiens	171426668	Ginley-Hidinger et al., 2023	2	1	2	1		1	1	H3K27ac	DpnII	1	Ishikawa-DMSO	
GSE227242		GSM7093756	SRR23851757	Ishikawa H3K27ac HiChIP_E2_rep1	Ishikawa	description	Homo sapiens	175405430	Ginley-Hidinger et al., 2023	1	1	1	1		1	1	H3K27ac	DpnII	1	Ishikawa-E2	
GSE227242		GSM7093757	SRR23851758	Ishikawa H3K27ac HiChIP_E2_rep2	Ishikawa	description	Homo sapiens	212105594	Ginley-Hidinger et al., 2023	2	1	2	1		1	1	H3K27ac	DpnII	1	Ishikawa-E2	
GSE227242		GSM7093758	SRR23851759	T-47D H3K27ac HiChIP	T-47D	description	Homo sapiens	145180216	Ginley-Hidinger et al., 2023	1	1	1	1		1	1	H3K27ac	DpnII	1	T-47D	
GSE227242		GSM7093759	SRR23851754	LNCaP H3K27ac HiChIP_rep1	LNCaP	description	Homo sapiens	75035514	Ginley-Hidinger et al., 2023	1	1	1	1		1	1	H3K27ac	DpnII	1	LNCaP	
GSE227242		GSM7093760	SRR23851760	LNCaP H3K27ac HiChIP_rep2	LNCaP	description	Homo sapiens	112927152	Ginley-Hidinger et al., 2023	2	1	2	1		1	1	H3K27ac	DpnII	1	LNCaP	
GSE227663		GSM7104842	SRR23908109	NK92_Control_H3K27ac_HiChIP_rep1	NK92		Homo sapiens	677866860	Lee et al., 2023	1	1	1	1		1	1	H3K27ac	DpnII	1	NK92	
GSE227663		GSM7104843	SRR23908108	NK92_Control_H3K27ac_HiChIP_rep2	NK92		Homo sapiens	641386182	Lee et al., 2023	2	1	2	1		1	1	H3K27ac	DpnII	1	NK92	
GSE227663		GSM7104844	SRR23908107	NK92_SAHA_H3K27ac_HiChIP_rep1	NK92		Homo sapiens	649755042	Lee et al., 2023	1	1	1	1		1	1	H3K27ac	DpnII	1	NK92-SAHA	
GSE227663		GSM7104845	SRR23908106	NK92_SAHA_H3K27ac_HiChIP_rep2	NK92		Homo sapiens	614499138	Lee et al., 2023	2	1	2	1		1	1	H3K27ac	DpnII	1	NK92-SAHA	
GSE229049		GSM7148378	SRR24087628	Foxa2_HiChIP_veh	liver		Mus musculus	479303056	Hao et al., Biorxiv	1	1	1	1		1	1	FOXA2	MboI	1	Liver-Vehicle	
GSE229049		GSM7148379	SRR24087627	Foxa2_HiChIP_GW	liver		Mus musculus	438788094	Hao et al., Biorxiv	1	1	1	1		1	1	FOXA2	MboI	1	Liver-GW4064	
GSE230313		GSM7213512	SRR24258571	Jurkat-1G2_H3K27AcHiChiP_Rep1	Blood		Homo sapiens	1715579238	Collora et al., 2023	1	1	1	1		1	1	H3K27ac	MboI	1	Jurkat-1G2	
GSE230313		GSM7213513	SRR24258570	Jurkat-5F9_H3K27AcHiChiP_Rep1	Blood		Homo sapiens	577798270	Collora et al., 2023	1	1	1	1		1	1	H3K27ac	MboI	1	Jurkat-5F9	
GSE230313		GSM7213514	SRR24258569	Jurkat-8B10_H3K27AcHiChiP_Rep1	Blood		Homo sapiens	989959756	Collora et al., 2023	1	1	1	1		1	1	H3K27ac	MboI	1	Jurkat-8B10	
GSE230313		GSM7213515	SRR24258568	Jurkat-8B10_H3K27AcHiChiP_Rep2	Blood		Homo sapiens	1044995744	Collora et al., 2023	2	1	2	1		1	1	H3K27ac	MboI	1	Jurkat-8B10	
GSE230313		GSM7213516	SRR24258567	Jurkat-uninfected_H3K27AcHiChiP_Rep1	Blood		Homo sapiens	620994146	Collora et al., 2023	1	1	1	1		1	1	H3K27ac	MboI	1	Jurkat-uninfected	
GSE230313		GSM7213517	SRR24258566	Jurkat-1D7_H3K27AcHiChiP_Rep1	Blood		Homo sapiens	1002647582	Collora et al., 2023	1	1	1	1		1	1	H3K27ac	MboI	1	Jurkat-1D7	
GSE230313		GSM7213518	SRR24258565	Jurkat-1D7_H3K27AcHiChiP_Rep2	Blood		Homo sapiens	1509776354	Collora et al., 2023	2	1	2	1		1	1	H3K27ac	MboI	1	Jurkat-1D7	
GSE230332		GSM7213981	SRR24263556	gg8tTAtetOP2, H3K27ac HiChIP, r1	Olfactory Sensory Neurons	description	Mus musculus	724147264	NaN	1	1	1	1		1	1	H3K27Ac	DpnII	0	OSN-gg8tTAtetOP2	
GSE230332		GSM7213981	SRR24263557	gg8tTAtetOP2, H3K27ac HiChIP, r1	Olfactory Sensory Neurons	description	Mus musculus	724147264	NaN	1	2	1	2		1	1	H3K27Ac	DpnII	0	OSN-gg8tTAtetOP2	
GSE230332		GSM7213982	SRR24263554	gg8tTAtetOP2, H3K27ac HiChIP, r2	Olfactory Sensory Neurons	description	Mus musculus	567122020	NaN	2	1	2	1		1	1	H3K27Ac	DpnII	0	OSN-gg8tTAtetOP2	
GSE230332		GSM7213982	SRR24263555	gg8tTAtetOP2, H3K27ac HiChIP, r2	Olfactory Sensory Neurons	description	Mus musculus	567122020	NaN	2	2	2	2		1	1	H3K27Ac	DpnII	0	OSN-gg8tTAtetOP2	
GSE231957		GSM7306456	SRR24474811	Jurkat_DOX_Neg_HiChIP	Jurkat		Homo sapiens	804525842	Tan et al., 2023	1	1	1	1		1	1	H3K27ac	Arima or MboI	1	Jurkat-DOX-Neg	1
GSE231957		GSM7306457	SRR24474810	Jurkat_DOX_Pos_HiChIP	Jurkat		Homo sapiens	873999080	Tan et al., 2023	1	1	1	1		1	1	H3K27ac	Arima or MboI	1	Jurkat-DOX-Pos	1
GSE231957		GSM7306458	SRR24474809	RPMI_DOX_Neg_HiChIP	RPMI-8402		Homo sapiens	798807336	Tan et al., 2023	1	1	1	1		1	1	H3K27ac	Arima or MboI	1	RPMI-DOX-Neg	1
GSE231957		GSM7306459	SRR24474808	RPMI_DOX_Pos_HiChIP	RPMI-8402		Homo sapiens	841131036	Tan et al., 2023	1	1	1	1		1	1	H3K27ac	Arima or MboI	1	RPMI-DOX-Pos	1
GSE232459	GSE232458	GSM7336686	SRR16542733	L2-3 H3K27ac HiChIP	L2-3		Mus musculus	1000822572	Li et al., 2023	1	1	1	1		1	1	H3K27ac	Mbol	0	L2-3	
GSE232459	GSE232458	GSM7336687	SRR16542732	KO H3K27ac HiChIP	KO		Mus musculus	988350728	Li et al., 2023	1	1	1	1		1	1	H3K27ac	Mbol	0	L2-3-Kdm5d-KO	
GSE232942		GSM7396134	SRR24661432	H3K27ac_HiChIP.Pro.Rep1.Batch1	IMR90		Homo sapiens	231585884	Wang et al., 2023	1	1	1	1		1	1	H3K27ac	MboI	1	IMR90-Control	
GSE232942		GSM7396136	SRR24661431	H3K27ac_HiChIP.Pro.Rep1.Batch2	IMR90		Homo sapiens	529589752	Wang et al., 2023	1	2	2	1		0	0	H3K27ac	MboI	1	IMR90-Control	
GSE232942		GSM7396137	SRR24661430	H3K27ac_HiChIP.Pro.Rep2.Batch1	IMR90		Homo sapiens	219073976	Wang et al., 2023	2	1	3	1		0	1	H3K27ac	MboI	1	IMR90-Control	
GSE232942		GSM7396138	SRR24661429	H3K27ac_HiChIP.Pro.Rep2.Batch2	IMR90		Homo sapiens	406865570	Wang et al., 2023	2	2	4	1		0	0	H3K27ac	MboI	1	IMR90-Control	
GSE232942		GSM7396139	SRR24661428	H3K27ac_HiChIP.Pro.Rep2.Batch3	IMR90		Homo sapiens	397210822	Wang et al., 2023	2	3	5	1		0	0	H3K27ac	MboI	1	IMR90-Control	
GSE232942		GSM7396140	SRR24661427	H3K27ac_HiChIP.OIS.Rep1.Batch1	IMR90		Homo sapiens	286855942	Wang et al., 2023	1	1	1	1		1	1	H3K27ac	MboI	1	IMR90-OIS	
GSE232942		GSM7396142	SRR24661426	H3K27ac_HiChIP.OIS.Rep1.Batch2	IMR90		Homo sapiens	423338924	Wang et al., 2023	1	2	2	1		0	0	H3K27ac	MboI	1	IMR90-OIS	
GSE232942		GSM7396143	SRR24661425	H3K27ac_HiChIP.OIS.Rep2.Batch1	IMR90		Homo sapiens	235169130	Wang et al., 2023	2	1	3	1		0	1	H3K27ac	MboI	1	IMR90-OIS	
GSE232942		GSM7396144	SRR24661424	H3K27ac_HiChIP.OIS.Rep2.Batch2	IMR90		Homo sapiens	494039312	Wang et al., 2023	2	2	4	1		0	0	H3K27ac	MboI	1	IMR90-OIS	
GSE232942		GSM7396145	SRR24661423	H3K27ac_HiChIP.OIS.Rep2.Batch3	IMR90		Homo sapiens	483256402	Wang et al., 2023	2	3	5	1		0	0	H3K27ac	MboI	1	IMR90-OIS	
GSE235245		GSM7497613	SRR24968253	LNCaP, H3K27ac ,HiChIP, rep1	prostate	description	Homo sapiens	366468396	Armaos et al., 2023	1	1	1	1		1	1	H3K27ac	MboI	0	LNCaP	
GSE235245		GSM7497614	SRR24968252	LNCaP, H3K27ac ,HiChIP, rep2	prostate	description	Homo sapiens	469894924	Armaos et al., 2023	2	1	2	1		1	1	H3K27ac	MboI	0	LNCaP	
GSE235245		GSM7497615	SRR24968251	LNCaP, H3K27ac ,HiChIP, rep3	prostate	description	Homo sapiens	407427746	Armaos et al., 2023	3	1	3	1		1	1	H3K27ac	MboI	0	LNCaP	
GSE235245		GSM7497616	SRR24968250	LNCaP, H3K27ac ,HiChIP, rep4	prostate	description	Homo sapiens	468312442	Armaos et al., 2023	4	1	4	1		1	1	H3K27ac	MboI	0	LNCaP	
GSE235245		GSM7497617	SRR24968249	LNCaP, H3K27ac ,HiChIP, rep5	prostate	description	Homo sapiens	409307434	Armaos et al., 2023	5	1	5	1		1	1	H3K27ac	MboI	0	LNCaP	
GSE235245		GSM7497618	SRR24968248	LHSAR, H3K27ac ,HiChIP, rep1	prostate		Homo sapiens	388153436	Armaos et al., 2023	1	1	1	1		1	1	H3K27ac	MboI	0	LHSAR	
GSE235245		GSM7497619	SRR24968247	LHSAR, H3K27ac ,HiChIP, rep2	prostate		Homo sapiens	57143084	Armaos et al., 2023	2	1	2	1		1	1	H3K27ac	MboI	0	LHSAR	
GSE235245		GSM7497620	SRR24968246	LHSAR, H3K27ac ,HiChIP, rep3	prostate		Homo sapiens	149201814	Armaos et al., 2023	3	1	3	1		1	1	H3K27ac	MboI	0	LHSAR	
GSE235245		GSM7497621	SRR24968245	LHSAR, H3K27ac ,HiChIP, rep4	prostate		Homo sapiens	82708228	Armaos et al., 2023	4	1	4	1		1	1	H3K27ac	MboI	0	LHSAR	
GSE235847		GSM7510766	SRR25031088	CUTLL3, H3K27ac (HiChIP)	CUTLL3	description	Homo sapiens	298594510	NaN	1	1	1	1		1	1	H3K27ac	Arima	0	CUTLL3	
GSE235847		GSM7510766	SRR25031089	CUTLL3, H3K27ac (HiChIP)	CUTLL3	description	Homo sapiens	298594510	NaN	1	2	1	2		1	1	H3K27ac	Arima	0	CUTLL3	
GSE235847		GSM7510767	SRR25031090	Loucy H3K27ac (HiChIP)	Loucy	description	Homo sapiens	174179758	NaN	1	1	1	1		1	1	H3K27ac	Arima	0	Loucy	
GSE235847		GSM7510767	SRR25031091	Loucy H3K27ac (HiChIP)	Loucy	description	Homo sapiens	174179758	NaN	1	2	1	2		1	1	H3K27ac	Arima	0	Loucy	
GSE235847		GSM7510767	SRR25031092	Loucy H3K27ac (HiChIP)	Loucy	description	Homo sapiens	174179758	NaN	1	3	1	3		1	1	H3K27ac	Arima	0	Loucy	
GSE235847		GSM7510767	SRR25031093	Loucy H3K27ac (HiChIP)	Loucy	description	Homo sapiens	174179758	NaN	1	4	1	4		1	1	H3K27ac	Arima	0	Loucy	
GSE239992		GSM7679532	SRR25512382	SNU719 H3K27ac HiChIP rep1	SNU719		Homo sapiens, Human gammaherpesvirus 4	605651684	Maestri et al., 2023	1	1	1	1		1	1	H3K27ac	MboI	0	SNU719	
GSE239992		GSM7679533	SRR25512381	SNU719 H3K27ac HiChIP rep2	SNU719		Homo sapiens, Human gammaherpesvirus 4	971216052	Maestri et al., 2023	2	1	2	1		1	1	H3K27ac	MboI	0	SNU719	
GSE239992		GSM7679534	SRR25512380	YCCEL1 H3K27ac HiChIP rep1	YCCEL1		Homo sapiens, Human gammaherpesvirus 4	359332522	Maestri et al., 2023	1	1	1	1		1	1	H3K27ac	MboI	0	YCCEL1	
GSE239992		GSM7679535	SRR25512379	YCCEL1 H3K27ac HiChIP rep2	YCCEL1		Homo sapiens, Human gammaherpesvirus 4	752875306	Maestri et al., 2023	2	1	2	1		1	1	H3K27ac	MboI	0	YCCEL1	
GSE240151		GSM7683292	SRR25524687	SMZ1_HiChIP_rep1	SMZ1		Homo sapiens	125371466	Wu et al., 2023	1	1	1	1		1	1	H3K27ac	MboI	1	SMZ1	
GSE240151		GSM7683293	SRR25524686	SMZ1_HiChIP_rep2	SMZ1		Homo sapiens	141904336	Wu et al., 2023	2	1	2	1		1	1	H3K27ac	MboI	1	SMZ1	
GSE243915	GSE243913	GSM7798256	SRR26158142	T-ALL_p01, H3K27ac (HiChIP)	bone marrow aspirate		Homo sapiens	314105064	Javier et al., 2023	1	1	1	1		1	1	H3K27ac	Arima	0	T-ALL-p01	
GSE243915	GSE243913	GSM7798257	SRR26158141	T-ALL_p03, H3K27ac (HiChIP)	bone marrow aspirate		Homo sapiens	268865806	Javier et al., 2023	1	1	1	1		1	1	H3K27ac	Arima	0	T-ALL-p03	
GSE243915	GSE243913	GSM7798258	SRR26158140	ETP-ALL_p04, H3K27ac (HiChIP)	bone marrow aspirate		Homo sapiens	264188630	Javier et al., 2023	1	1	1	1		1	1	H3K27ac	Arima	0	ETP-ALL-p04	
GSE243915	GSE243913	GSM7798259	SRR26158139	T-ALL_p06, H3K27ac (HiChIP)	bone marrow aspirate		Homo sapiens	82985842	Javier et al., 2023	1	1	1	1		1	1	H3K27ac	Arima	0	T-ALL-p06	
GSE243915	GSE243913	GSM7798260	SRR26158138	T-ALL_p11, H3K27ac (HiChIP)	peripheral blood		Homo sapiens	278407102	Javier et al., 2023	1	1	1	1		1	1	H3K27ac	Arima	0	T-ALL-p11	
GSE243915	GSE243913	GSM7798261	SRR26158137	ETP-ALL_p15, H3K27ac (HiChIP)	peripheral blood		Homo sapiens	191941582	Javier et al., 2023	1	1	1	1		1	1	H3K27ac	Arima	0	ETP-ALL-p15	
GSE243915	GSE243913	GSM7798262	SRR26158136	ETP-ALL_p16, H3K27ac (HiChIP)	bone marrow aspirate		Homo sapiens	216451800	Javier et al., 2023	1	1	1	1		1	1	H3K27ac	Arima	0	ETP-ALL-p16	
GSE243915	GSE243913	GSM7798263	SRR26158135	CD34_2190, H3K27ac (HiChIP)	bone marrow		Homo sapiens	375357080	Javier et al., 2023	1	1	1	1		1	1	H3K27ac	Arima	0	CD34-HSPC-2190	
GSE243915	GSE243913	GSM7798264	SRR26158134	CD34_2583, H3K27ac (HiChIP)	bone marrow		Homo sapiens	292639588	Javier et al., 2023	1	1	1	1		1	1	H3K27ac	Arima	0	CD34-HSPC-2583	
GSE243915	GSE243913	GSM7798265	SRR26158133	Thy_2123, H3K27ac (HiChIP)	thymus		Homo sapiens	331841246	Javier et al., 2023	1	1	1	1		1	1	H3K27ac	Arima	0	Thymocyte_2123	
GSE243915	GSE243913	GSM7798266	SRR26158129	Thy_2124, H3K27ac (HiChIP)	thymus		Homo sapiens	433563734	Javier et al., 2023	1	1	1	1		1	1	H3K27ac	Arima	0	Thymocyte_2124	
GSE243915	GSE243913	GSM7798267	SRR26158130	CUTLL1_DMSO, H3K27ac (HiChIP)	CUTLL1		Homo sapiens	263358362	Javier et al., 2023	1	1	1	1		1	1	H3K27ac	Arima	0	CUTLL1-DMSO	
GSE243915	GSE243913	GSM7798267	SRR26158131	CUTLL1_DMSO, H3K27ac (HiChIP)	CUTLL1		Homo sapiens	263358362	Javier et al., 2023	1	2	1	2		1	1	H3K27ac	Arima	0	CUTLL1-DMSO	
GSE243915	GSE243913	GSM7798267	SRR26158132	CUTLL1_DMSO, H3K27ac (HiChIP)	CUTLL1		Homo sapiens	263358362	Javier et al., 2023	1	3	1	3		1	1	H3K27ac	Arima	0	CUTLL1-DMSO	
GSE243915	GSE243913	GSM7798268	SRR26158127	CUTLL3-untreated, H3K27ac (HiChIP)	CUTLL3		Homo sapiens	298594510	Javier et al., 2023	1	1	1	1		1	1	H3K27ac	Arima	0	CUTLL3-untreated	
GSE243915	GSE243913	GSM7798268	SRR26158128	CUTLL3-untreated, H3K27ac (HiChIP)	CUTLL3		Homo sapiens	298594510	Javier et al., 2023	1	2	1	2		1	1	H3K27ac	Arima	0	CUTLL3-untreated	
GSE243915	GSE243913	GSM7798270	SRR26158123	CUTLL1_untreated, H3K27ac (HiChIP)	CUTLL1		Homo sapiens	666720924	Javier et al., 2023	1	1	1	1		1	1	H3K27ac	Arima	0	CUTLL1-untreated	
GSE243915	GSE243913	GSM7798270	SRR26158124	CUTLL1_untreated, H3K27ac (HiChIP)	CUTLL1		Homo sapiens	666720924	Javier et al., 2023	1	2	1	2		1	1	H3K27ac	Arima	0	CUTLL1-untreated	
GSE243915	GSE243913	GSM7798271	SRR26158117	CUTLL1_MybKDOWN, H3K27ac (HiChIP)	CUTLL1		Homo sapiens	407547168	Javier et al., 2023	1	1	1	1		1	1	H3K27ac	Arima	0	CUTLL1-MybKDOWN	
GSE243915	GSE243913	GSM7798271	SRR26158118	CUTLL1_MybKDOWN, H3K27ac (HiChIP)	CUTLL1		Homo sapiens	407547168	Javier et al., 2023	1	2	1	2		1	1	H3K27ac	Arima	0	CUTLL1-MybKDOWN	
GSE243915	GSE243913	GSM7798272	SRR26158119	LOUCY-DMSO, H3K27ac (HiChIP)	LOUCY		Homo sapiens	174179758	Javier et al., 2023	1	1	1	1		1	1	H3K27ac	Arima	0	LOUCY-DMSO	
GSE243915	GSE243913	GSM7798272	SRR26158120	LOUCY-DMSO, H3K27ac (HiChIP)	LOUCY		Homo sapiens	174179758	Javier et al., 2023	1	2	1	2		1	1	H3K27ac	Arima	0	LOUCY-DMSO	
GSE243915	GSE243913	GSM7798272	SRR26158121	LOUCY-DMSO, H3K27ac (HiChIP)	LOUCY		Homo sapiens	174179758	Javier et al., 2023	1	3	1	3		1	1	H3K27ac	Arima	0	LOUCY-DMSO	
GSE243915	GSE243913	GSM7798272	SRR26158122	LOUCY-DMSO, H3K27ac (HiChIP)	LOUCY		Homo sapiens	174179758	Javier et al., 2023	1	4	1	4		1	1	H3K27ac	Arima	0	LOUCY-DMSO	
GSE245495		GSM7843893	SRR26400235	RD, H3K27ac, HiChIP	RD		Homo sapiens	830100728	Pomella et al. Biorxiv	1	1	1	1		1	1	H3K27ac	MNase	1	RD	
GSE245495		GSM7843894	SRR26400234	RH4, H3K27ac, HiChIP	RH4		Homo sapiens	716828368	Pomella et al. Biorxiv	1	1	1	1		1	1	H3K27ac	MNase	1	RH4	
															365	389					