std_sample_name	gse_id	gsm_id	srr_id	organism	bio_rep	tech_rep	antibody_target	restriction_enzyme	sample_name
mES_25m.GSE101498.Mus_Musculus.H3K27ac.b1	GSE101498	GSM2705031	SRR5831479	Mus_Musculus	1	1	H3K27ac	MboI	mES_25m
mES_25m.GSE101498.Mus_Musculus.H3K27ac.b1	GSE101498	GSM2705032	SRR5831480	Mus_Musculus	1	2	H3K27ac	MboI	mES_25m
mES_25m.GSE101498.Mus_Musculus.H3K27ac.b2	GSE101498	GSM2705033	SRR5831481	Mus_Musculus	2	1	H3K27ac	MboI	mES_25m
mES_25m.GSE101498.Mus_Musculus.H3K27ac.b2	GSE101498	GSM2705034	SRR5831482	Mus_Musculus	2	2	H3K27ac	MboI	mES_25m
mES_500k.GSE101498.Mus_Musculus.H3K27ac.b1	GSE101498	GSM2705035	SRR5831483	Mus_Musculus	1	1	H3K27ac	MboI	mES_500k
mES_500k.GSE101498.Mus_Musculus.H3K27ac.b2	GSE101498	GSM2705036	SRR5831484	Mus_Musculus	2	1	H3K27ac	MboI	mES_500k
mES_100k.GSE101498.Mus_Musculus.H3K27ac.b1	GSE101498	GSM2705037	SRR5831485	Mus_Musculus	1	1	H3K27ac	MboI	mES_100k
mES_100k.GSE101498.Mus_Musculus.H3K27ac.b2	GSE101498	GSM2705038	SRR5831486	Mus_Musculus	2	1	H3K27ac	MboI	mES_100k
mES_50k.GSE101498.Mus_Musculus.H3K27ac.b1	GSE101498	GSM2705039	SRR5831487	Mus_Musculus	1	1	H3K27ac	MboI	mES_50k
mES_50k.GSE101498.Mus_Musculus.H3K27ac.b2	GSE101498	GSM2705040	SRR5831488	Mus_Musculus	2	1	H3K27ac	MboI	mES_50k
Villus.GSE148691.Mus_Musculus.H3K4me3.b1	GSE148691	GSM4476739	SRR11548368	Mus_Musculus	1	1	H3K4me3	MboI	Villus
Villus.GSE148691.Mus_Musculus.H3K4me3.b1	GSE148691	GSM4476740	SRR11548369	Mus_Musculus	1	2	H3K4me3	MboI	Villus
Crypt.GSE148691.Mus_Musculus.H3K4me3.b1	GSE148691	GSM4476741	SRR11548370	Mus_Musculus	1	1	H3K4me3	MboI	Crypt
Crypt.GSE148691.Mus_Musculus.H3K4me3.b1	GSE148691	GSM4476742	SRR11548371	Mus_Musculus	1	2	H3K4me3	MboI	Crypt
Villus_Hnf4DKO.GSE148691.Mus_Musculus.H3K4me3.b1	GSE148691	GSM4476743	SRR11548372	Mus_Musculus	1	1	H3K4me3	MboI	Villus_Hnf4DKO
Villus_Hnf4DKO.GSE148691.Mus_Musculus.H3K4me3.b1	GSE148691	GSM4476744	SRR11548373	Mus_Musculus	1	2	H3K4me3	MboI	Villus_Hnf4DKO
Crypt_Hnf4DKO.GSE148691.Mus_Musculus.H3K4me3.b1	GSE148691	GSM4476745	SRR11548374	Mus_Musculus	1	1	H3K4me3	MboI	Crypt_Hnf4DKO
Crypt_Hnf4DKO.GSE148691.Mus_Musculus.H3K4me3.b1	GSE148691	GSM4476746	SRR11548375	Mus_Musculus	1	2	H3K4me3	MboI	Crypt_Hnf4DKO
MLL_AF9.GSE110898.Mus_Musculus.H3K27ac.b1	GSE110898	GSM3018483	SRR6756804	Mus_Musculus	1	1	H3K27ac	MboI	MLL_AF9
MLL_AF9_LSD1i.GSE110898.Mus_Musculus.H3K27ac.b1	GSE110898	GSM3018484	SRR6756805	Mus_Musculus	1	1	H3K27ac	MboI	MLL_AF9_LSD1i
Treg_WT.GSE112176.Mus_Musculus.H3K27ac.b1	GSE112176	GSM3059349	SRR6876290	Mus_Musculus	1	1	H3K27ac	MboI	Treg_WT
Treg_WT.GSE112176.Mus_Musculus.H3K27ac.b2	GSE112176	GSM3059350	SRR6876291	Mus_Musculus	2	1	H3K27ac	MboI	Treg_WT
Treg_MT.GSE112176.Mus_Musculus.H3K27ac.b1	GSE112176	GSM3059351	SRR6876292	Mus_Musculus	1	1	H3K27ac	MboI	Treg_MT
Treg_MT.GSE112176.Mus_Musculus.H3K27ac.b2	GSE112176	GSM3059352	SRR6876293	Mus_Musculus	2	1	H3K27ac	MboI	Treg_MT
EryP.GSE112717.Mus_Musculus.Gata1.b1	GSE112717	GSM3903795	SRR9592213	Mus_Musculus	1	1	Gata1	MboI	EryP
EryP.GSE112717.Mus_Musculus.Gata1.b2	GSE112717	GSM3903796	SRR9592214	Mus_Musculus	2	1	Gata1	MboI	EryP
EryD.GSE112717.Mus_Musculus.Gata1.b1	GSE112717	GSM3903797	SRR9592215	Mus_Musculus	1	1	Gata1	MboI	EryD
EryD.GSE112717.Mus_Musculus.Gata1.b2	GSE112717	GSM3903798	SRR9592216	Mus_Musculus	2	1	Gata1	MboI	EryD
ES.GSE113339.Mus_Musculus.KLF4.b1	GSE113339	GSM3103910	SRR7030443	Mus_Musculus	1	1	KLF4	MboI	ES
ES.GSE113339.Mus_Musculus.KLF4.b1	GSE113339	GSM3103910	SRR7030444	Mus_Musculus	1	2	KLF4	MboI	ES
ES.GSE113339.Mus_Musculus.KLF4.b2	GSE113339	GSM3103911	SRR7030445	Mus_Musculus	2	1	KLF4	MboI	ES
ES.GSE113339.Mus_Musculus.KLF4.b2	GSE113339	GSM3103911	SRR7030446	Mus_Musculus	2	2	KLF4	MboI	ES
ES.GSE113339.Mus_Musculus.KLF4.b3	GSE113339	GSM3103912	SRR7030447	Mus_Musculus	3	1	KLF4	MboI	ES
ES.GSE113339.Mus_Musculus.KLF4.b3	GSE113339	GSM3103912	SRR7030448	Mus_Musculus	3	2	KLF4	MboI	ES
ES.GSE113339.Mus_Musculus.KLF4.b4	GSE113339	GSM3103913	SRR7030449	Mus_Musculus	4	1	KLF4	MboI	ES
ES.GSE113339.Mus_Musculus.KLF4.b4	GSE113339	GSM3103913	SRR7030450	Mus_Musculus	4	2	KLF4	MboI	ES
D3.GSE113339.Mus_Musculus.KLF4.b1	GSE113339	GSM3103914	SRR7030451	Mus_Musculus	1	1	KLF4	MboI	D3
D3.GSE113339.Mus_Musculus.KLF4.b2	GSE113339	GSM3103915	SRR7030452	Mus_Musculus	2	1	KLF4	MboI	D3
D3.GSE113339.Mus_Musculus.KLF4.b3	GSE113339	GSM3103916	SRR7030453	Mus_Musculus	3	1	KLF4	MboI	D3
D6.GSE113339.Mus_Musculus.KLF4.b1	GSE113339	GSM3103917	SRR7030454	Mus_Musculus	1	1	KLF4	MboI	D6
D6.GSE113339.Mus_Musculus.KLF4.b1	GSE113339	GSM3103917	SRR7030455	Mus_Musculus	1	2	KLF4	MboI	D6
D6.GSE113339.Mus_Musculus.KLF4.b2	GSE113339	GSM3103918	SRR7030456	Mus_Musculus	2	1	KLF4	MboI	D6
D6.GSE113339.Mus_Musculus.KLF4.b2	GSE113339	GSM3103918	SRR7030457	Mus_Musculus	2	2	KLF4	MboI	D6
D6.GSE113339.Mus_Musculus.KLF4.b3	GSE113339	GSM3103919	SRR7030458	Mus_Musculus	3	1	KLF4	MboI	D6
D6.GSE113339.Mus_Musculus.KLF4.b3	GSE113339	GSM3103919	SRR7030459	Mus_Musculus	3	2	KLF4	MboI	D6
D6.GSE113339.Mus_Musculus.KLF4.b4	GSE113339	GSM3103920	SRR7030460	Mus_Musculus	4	1	KLF4	MboI	D6
D6.GSE113339.Mus_Musculus.KLF4.b4	GSE113339	GSM3103920	SRR7030461	Mus_Musculus	4	2	KLF4	MboI	D6
ES.GSE113339.Mus_Musculus.H3K27ac.b1	GSE113339	GSM3103921	SRR7030462	Mus_Musculus	1	1	H3K27ac	MboI	ES
ES.GSE113339.Mus_Musculus.H3K27ac.b1	GSE113339	GSM3103921	SRR7030463	Mus_Musculus	1	2	H3K27ac	MboI	ES
ES.GSE113339.Mus_Musculus.H3K27ac.b2	GSE113339	GSM3103922	SRR7030464	Mus_Musculus	2	1	H3K27ac	MboI	ES
ES.GSE113339.Mus_Musculus.H3K27ac.b2	GSE113339	GSM3103922	SRR7030465	Mus_Musculus	2	2	H3K27ac	MboI	ES
MEF.GSE113339.Mus_Musculus.H3K27ac.b1	GSE113339	GSM3103923	SRR7030467	Mus_Musculus	1	1	H3K27ac	MboI	MEF
MEF.GSE113339.Mus_Musculus.H3K27ac.b2	GSE113339	GSM3103924	SRR7030468	Mus_Musculus	2	1	H3K27ac	MboI	MEF
TKO_0H.GSE113339.Mus_Musculus.H3K27ac.b1	GSE113339	GSM3714977	SRR8874671	Mus_Musculus	1	1	H3K27ac	MboI	TKO_0H
TKO_0H.GSE113339.Mus_Musculus.H3K27ac.b1	GSE113339	GSM3714977	SRR8874672	Mus_Musculus	1	2	H3K27ac	MboI	TKO_0H
TKO_0H.GSE113339.Mus_Musculus.H3K27ac.b2	GSE113339	GSM3714978	SRR8874673	Mus_Musculus	2	1	H3K27ac	MboI	TKO_0H
TKO_0H.GSE113339.Mus_Musculus.H3K27ac.b2	GSE113339	GSM3714978	SRR8874674	Mus_Musculus	2	2	H3K27ac	MboI	TKO_0H
TKO_0H.GSE113339.Mus_Musculus.H3K27ac.b3	GSE113339	GSM3714979	SRR8874675	Mus_Musculus	3	1	H3K27ac	MboI	TKO_0H
TKO_0H.GSE113339.Mus_Musculus.H3K27ac.b3	GSE113339	GSM3714979	SRR8874676	Mus_Musculus	3	2	H3K27ac	MboI	TKO_0H
TKO_24H.GSE113339.Mus_Musculus.H3K27ac.b1	GSE113339	GSM3714980	SRR8874677	Mus_Musculus	1	1	H3K27ac	MboI	TKO_24H
TKO_24H.GSE113339.Mus_Musculus.H3K27ac.b1	GSE113339	GSM3714980	SRR8874678	Mus_Musculus	1	2	H3K27ac	MboI	TKO_24H
TKO_24H.GSE113339.Mus_Musculus.H3K27ac.b2	GSE113339	GSM3714981	SRR8874679	Mus_Musculus	2	1	H3K27ac	MboI	TKO_24H
TKO_24H.GSE113339.Mus_Musculus.H3K27ac.b2	GSE113339	GSM3714981	SRR8874680	Mus_Musculus	2	2	H3K27ac	MboI	TKO_24H
TKO_24H.GSE113339.Mus_Musculus.H3K27ac.b3	GSE113339	GSM3714982	SRR8874681	Mus_Musculus	3	1	H3K27ac	MboI	TKO_24H
TKO_24H.GSE113339.Mus_Musculus.H3K27ac.b3	GSE113339	GSM3714982	SRR8874682	Mus_Musculus	3	2	H3K27ac	MboI	TKO_24H
BMDM_EPSWT.GSE115524.Mus_Musculus.H3K4me3.b1	GSE115524	GSM3181431	SRR7281298	Mus_Musculus	1	1	H3K4me3	MboI	BMDM_EPSWT
BMDM_EPSWT.GSE115524.Mus_Musculus.H3K4me3.b2	GSE115524	GSM3181432	SRR7281299	Mus_Musculus	2	1	H3K4me3	MboI	BMDM_EPSWT
BMDM_EPSKO.GSE115524.Mus_Musculus.H3K4me3.b1	GSE115524	GSM3181433	SRR7281300	Mus_Musculus	1	1	H3K4me3	MboI	BMDM_EPSKO
BMDM_EPSKO.GSE115524.Mus_Musculus.H3K4me3.b2	GSE115524	GSM3181434	SRR7281301	Mus_Musculus	2	1	H3K4me3	MboI	BMDM_EPSKO
BMDM_EPSWT.GSE115524.Mus_Musculus.SMC1A.b1	GSE115524	GSM3181435	SRR7281302	Mus_Musculus	1	1	SMC1A	MboI	BMDM_EPSWT
BMDM_EPSWT.GSE115524.Mus_Musculus.SMC1A.b2	GSE115524	GSM3181436	SRR7281303	Mus_Musculus	2	1	SMC1A	MboI	BMDM_EPSWT
BMDM_EPSKO.GSE115524.Mus_Musculus.SMC1A.b1	GSE115524	GSM3181437	SRR7281304	Mus_Musculus	1	1	SMC1A	MboI	BMDM_EPSKO
BMDM_EPSKO.GSE115524.Mus_Musculus.SMC1A.b2	GSE115524	GSM3181438	SRR7281305	Mus_Musculus	2	1	SMC1A	MboI	BMDM_EPSKO
mES.GSE115524.Mus_Musculus.Oct4.b1	GSE115524	GSM3424978	SRR7990660	Mus_Musculus	1	1	Oct4	MboI	mES
mES.GSE115524.Mus_Musculus.Oct4.b2	GSE115524	GSM3424979	SRR7990661	Mus_Musculus	2	1	Oct4	MboI	mES
mES.GSE115524.Mus_Musculus.Oct4.b1	GSE115524	GSM3424980	SRR7990662	Mus_Musculus	1	1	Oct4	MboI	mES
mES.GSE115524.Mus_Musculus.Oct4.b2	GSE115524	GSM3424981	SRR7990663	Mus_Musculus	2	1	Oct4	MboI	mES
Cardiac_Embryo_WT.GSE121671.Mus_Musculus.SMC1A.b1	GSE121671	GSM3466917	SRR8181443	Mus_Musculus	1	1	SMC1A	MboI	Cardiac_Embryo_WT
Cardiac_Embryo_DKO.GSE121671.Mus_Musculus.SMC1A.b1	GSE121671	GSM3466918	SRR8181444	Mus_Musculus	1	1	SMC1A	MboI	Cardiac_Embryo_DKO
Mesoderm_NoDox.GSE126362.Mus_Musculus.Pax3.b1	GSE126362	GSM3597235	SRR8556546	Mus_Musculus	1	1	Pax3	MboI	Mesoderm_NoDox
Paraxial_Mesoderm_Precursors_D1.GSE126362.Mus_Musculus.Pax3.b1	GSE126362	GSM3597236	SRR8556547	Mus_Musculus	1	1	Pax3	MboI	Paraxial_Mesoderm_Precursors_D1
Paraxial_Mesoderm_Precursors_D1.GSE126362.Mus_Musculus.Pax3.b2	GSE126362	GSM3597237	SRR8556548	Mus_Musculus	2	1	Pax3	MboI	Paraxial_Mesoderm_Precursors_D1
Myogenic_Progenitors_D6.GSE126362.Mus_Musculus.Pax3.b1	GSE126362	GSM3597238	SRR8556549	Mus_Musculus	1	1	Pax3	MboI	Myogenic_Progenitors_D6
Myogenic_Progenitors_D6.GSE126362.Mus_Musculus.Pax3.b2	GSE126362	GSM3597239	SRR8556550	Mus_Musculus	2	1	Pax3	MboI	Myogenic_Progenitors_D6
shCtrl_D6.GSE126362.Mus_Musculus.Pax3.b1	GSE126362	GSM3597240	SRR8556551	Mus_Musculus	1	1	Pax3	MboI	shCtrl_D6
shCtrl_D6.GSE126362.Mus_Musculus.Pax3.b2	GSE126362	GSM3597241	SRR8556552	Mus_Musculus	2	1	Pax3	MboI	shCtrl_D6
shLdb1_D6.GSE126362.Mus_Musculus.Pax3.b1	GSE126362	GSM3597242	SRR8556553	Mus_Musculus	1	1	Pax3	MboI	shLdb1_D6
shLdb1_D6.GSE126362.Mus_Musculus.Pax3.b2	GSE126362	GSM3597243	SRR8556554	Mus_Musculus	2	1	Pax3	MboI	shLdb1_D6
dTAD_NoDox.GSE126362.Mus_Musculus.Lbd1.b1	GSE126362	GSM3597244	SRR8556555	Mus_Musculus	1	1	Lbd1	MboI	dTAD_NoDox
dTAD_D1.GSE126362.Mus_Musculus.Lbd1.b1	GSE126362	GSM3597245	SRR8556556	Mus_Musculus	1	1	Lbd1	MboI	dTAD_D1
dTAD_D1.GSE126362.Mus_Musculus.Lbd1.b2	GSE126362	GSM3597246	SRR8556557	Mus_Musculus	2	1	Lbd1	MboI	dTAD_D1
NIH3T3.GSE135296.Mus_Musculus.H3K27ac.b1	GSE135296	GSM4002963	SRR9889945	Mus_Musculus	1	1	H3K27ac	MboI	NIH3T3
NIH3T3.GSE135296.Mus_Musculus.H3K27ac.b2	GSE135296	GSM4002964	SRR9889946	Mus_Musculus	2	1	H3K27ac	MboI	NIH3T3
AML12_shCtrl.GSE141113.Mus_Musculus.H3K9me3 .b1	GSE141113	GSM4195082	SRR10545048	Mus_Musculus	1	1	H3K9me3 	MboI	AML12_shCtrl
AML12_shCtrl.GSE141113.Mus_Musculus.H3K9me3 .b1	GSE141113	GSM4195083	SRR10545049	Mus_Musculus	1	2	H3K9me3 	MboI	AML12_shCtrl
AML12_shCtrl.GSE141113.Mus_Musculus.H3K9me3 .b2	GSE141113	GSM4195084	SRR10545050	Mus_Musculus	2	1	H3K9me3 	MboI	AML12_shCtrl
AML12_shCtrl.GSE141113.Mus_Musculus.H3K9me3 .b2	GSE141113	GSM4195085	SRR10545051	Mus_Musculus	2	2	H3K9me3 	MboI	AML12_shCtrl
AML12_shSafb.GSE141113.Mus_Musculus.H3K9me3 .b1	GSE141113	GSM4195086	SRR10545052	Mus_Musculus	1	1	H3K9me3 	MboI	AML12_shSafb
AML12_shSafb.GSE141113.Mus_Musculus.H3K9me3 .b1	GSE141113	GSM4195087	SRR10545053	Mus_Musculus	1	2	H3K9me3 	MboI	AML12_shSafb
AML12_shSafb.GSE141113.Mus_Musculus.H3K9me3 .b2	GSE141113	GSM4195088	SRR10545054	Mus_Musculus	2	1	H3K9me3 	MboI	AML12_shSafb
AML12_shSafb.GSE141113.Mus_Musculus.H3K9me3 .b2	GSE141113	GSM4195089	SRR10545055	Mus_Musculus	2	2	H3K9me3 	MboI	AML12_shSafb
BL6_CD4_CD8.GSE141847.Mus_Musculus.SMC1A.b1	GSE141847	GSM4214153	SRR10669672	Mus_Musculus	1	1	SMC1A	MboI	BL6_CD4_CD8
BL6_CD4_CD8.GSE141847.Mus_Musculus.SMC1A.b2	GSE141847	GSM4214154	SRR10669673	Mus_Musculus	2	1	SMC1A	MboI	BL6_CD4_CD8
BL6_CD4_CD8.GSE141847.Mus_Musculus.SMC1A.b2	GSE141847	GSM4214154	SRR10669674	Mus_Musculus	2	2	SMC1A	MboI	BL6_CD4_CD8
NOD_CD4_CD8.GSE141847.Mus_Musculus.SMC1A.b1	GSE141847	GSM4214155	SRR10669675	Mus_Musculus	1	1	SMC1A	MboI	NOD_CD4_CD8
NOD_CD4_CD8.GSE141847.Mus_Musculus.SMC1A.b2	GSE141847	GSM4214156	SRR10669676	Mus_Musculus	2	1	SMC1A	MboI	NOD_CD4_CD8
F1_CD4_CD8.GSE141847.Mus_Musculus.SMC1A.b1	GSE141847	GSM4214157	SRR10669677	Mus_Musculus	1	1	SMC1A	MboI	F1_CD4_CD8
BL6_CD4_CD8.GSE141847.Mus_Musculus.H3K27ac.b1	GSE141847	GSM4214158	SRR10669678	Mus_Musculus	1	1	H3K27ac	MboI	BL6_CD4_CD8
BL6_CD4_CD8.GSE141847.Mus_Musculus.H3K27ac.b2	GSE141847	GSM4214159	SRR10669679	Mus_Musculus	2	1	H3K27ac	MboI	BL6_CD4_CD8
NOD_CD4_CD8.GSE141847.Mus_Musculus.H3K27ac.b1	GSE141847	GSM4214160	SRR10669680	Mus_Musculus	1	1	H3K27ac	MboI	NOD_CD4_CD8
NOD_CD4_CD8.GSE141847.Mus_Musculus.H3K27ac.b2	GSE141847	GSM4214161	SRR10669681	Mus_Musculus	2	1	H3K27ac	MboI	NOD_CD4_CD8
Erythroid_0hr.GSE142004.Mus_Musculus.H3K27ac.b1	GSE142004	GSM4217570	SRR10690955	Mus_Musculus	1	1	H3K27ac	MboI	Erythroid_0hr
Erythroid_1hr.GSE142004.Mus_Musculus.H3K27ac.b1	GSE142004	GSM4217571	SRR10690956	Mus_Musculus	1	1	H3K27ac	MboI	Erythroid_1hr
Erythroid_0hr.GSE142004.Mus_Musculus.H3K27ac.b2	GSE142004	GSM4217572	SRR10690957	Mus_Musculus	2	1	H3K27ac	MboI	Erythroid_0hr
Erythroid_1hr.GSE142004.Mus_Musculus.H3K27ac.b2	GSE142004	GSM4217573	SRR10690958	Mus_Musculus	2	1	H3K27ac	MboI	Erythroid_1hr
Erythroid_0hr.GSE142004.Mus_Musculus.YY1.b1	GSE142004	GSM4217574	SRR10690959	Mus_Musculus	1	1	YY1	MboI	Erythroid_0hr
Erythroid_1hr.GSE142004.Mus_Musculus.YY1.b1	GSE142004	GSM4217575	SRR10690960	Mus_Musculus	1	1	YY1	MboI	Erythroid_1hr
Erythroid_0hr.GSE142004.Mus_Musculus.YY1.b2	GSE142004	GSM4217576	SRR10690961	Mus_Musculus	2	1	YY1	MboI	Erythroid_0hr
Erythroid_1hr.GSE142004.Mus_Musculus.YY1.b2	GSE142004	GSM4217577	SRR10690962	Mus_Musculus	2	1	YY1	MboI	Erythroid_1hr
mES_Untreated.GSE145793.Mus_Musculus.H3K27ac.b1	GSE145793	GSM4333045	SRR11117731	Mus_Musculus	1	1	H3K27ac	AluI	mES_Untreated
mES_Untreated.GSE145793.Mus_Musculus.H3K27ac.b2	GSE145793	GSM4333046	SRR11117730	Mus_Musculus	2	1	H3K27ac	AluI	mES_Untreated
mES_IAA_6h.GSE145793.Mus_Musculus.H3K27ac.b1	GSE145793	GSM4333047	SRR11117729	Mus_Musculus	1	1	H3K27ac	AluI	mES_IAA_6h
mES_IAA_6h.GSE145793.Mus_Musculus.H3K27ac.b2	GSE145793	GSM4333048	SRR11117728	Mus_Musculus	2	1	H3K27ac	AluI	mES_IAA_6h
Adult_CTX_SSTcre.GSE150536.Mus_Musculus.H3K27ac.b1	GSE150536	GSM4551964	SRR11787753	Mus_Musculus	1	1	H3K27ac	MboI	Adult_CTX_SSTcre
Adult_CTX_SSTcre.GSE150536.Mus_Musculus.H3K27ac.b2	GSE150536	GSM4551965	SRR11787754	Mus_Musculus	2	1	H3K27ac	MboI	Adult_CTX_SSTcre
Adult_CTX_SSTcre.GSE150536.Mus_Musculus.H3K27ac.b1	GSE150536	GSM4551966	SRR11787755	Mus_Musculus	1	1	H3K27ac	MboI	Adult_CTX_SSTcre
Adult_CTX_SSTcre.GSE150536.Mus_Musculus.H3K27ac.b2	GSE150536	GSM4551967	SRR11787756	Mus_Musculus	2	1	H3K27ac	MboI	Adult_CTX_SSTcre
ESC.GSE153884.Mus_Musculus.FGFR1.b1	GSE153884	GSM4658092	SRR12158525	Mus_Musculus	1	1	FGFR1	MboI	ESC
ESC.GSE153884.Mus_Musculus.FGFR1.b2	GSE153884	GSM4658093	SRR12158526	Mus_Musculus	2	1	FGFR1	MboI	ESC
ESC.GSE153884.Mus_Musculus.CTCF.b1	GSE153884	GSM4658094	SRR12158527	Mus_Musculus	1	1	CTCF	MboI	ESC
ESC.GSE153884.Mus_Musculus.CTCF.b2	GSE153884	GSM4658095	SRR12158528	Mus_Musculus	2	1	CTCF	MboI	ESC
NCC.GSE153884.Mus_Musculus.FGFR1.b1	GSE153884	GSM4658098	SRR12158531	Mus_Musculus	1	1	FGFR1	MboI	NCC
NCC.GSE153884.Mus_Musculus.FGFR1.b2	GSE153884	GSM4658099	SRR12158532	Mus_Musculus	2	1	FGFR1	MboI	NCC
NCC.GSE153884.Mus_Musculus.CTCF.b1	GSE153884	GSM4658100	SRR12158533	Mus_Musculus	1	1	CTCF	MboI	NCC
NCC.GSE153884.Mus_Musculus.CTCF.b2	GSE153884	GSM4658101	SRR12158534	Mus_Musculus	2	1	CTCF	MboI	NCC
OPC.GSE157666.Mus_Musculus.H3K27ac.b1	GSE157666	GSM4773063	SRR12610296	Mus_Musculus	1	1	H3K27ac	MboI	OPC
OPC.GSE157666.Mus_Musculus.H3K27ac.b2	GSE157666	GSM4773064	SRR12610297	Mus_Musculus	2	1	H3K27ac	MboI	OPC
OPC.GSE157666.Mus_Musculus.H3K27ac.b3	GSE157666	GSM4773065	SRR12610298	Mus_Musculus	3	1	H3K27ac	MboI	OPC
BMDM_Basal.GSE159629.Mus_Musculus.H3K4me3.b1	GSE159629	GSM4836421	SRR12844351	Mus_Musculus	1	1	H3K4me3	MboI	BMDM_Basal
BMDM_Basal.GSE159629.Mus_Musculus.H3K4me3.b2	GSE159629	GSM4836422	SRR12844352	Mus_Musculus	2	1	H3K4me3	MboI	BMDM_Basal
BMDM_24hIL4.GSE159629.Mus_Musculus.H3K4me3.b1	GSE159629	GSM4836423	SRR12844353	Mus_Musculus	1	1	H3K4me3	MboI	BMDM_24hIL4
BMDM_24hIL4.GSE159629.Mus_Musculus.H3K4me3.b2	GSE159629	GSM4836424	SRR12844354	Mus_Musculus	2	1	H3K4me3	MboI	BMDM_24hIL4
E14_mESC_AntNPC.GSE160656.Mus_Musculus.H3K27ac.b1	GSE160656	GSM4876553	SRR12965869	Mus_Musculus	1	1	H3K27ac	Arima	E14_mESC_AntNPC
E14_mESC_AntNPC.GSE160656.Mus_Musculus.H3K27ac.b2	GSE160656	GSM4876554	SRR12965870	Mus_Musculus	2	1	H3K27ac	Arima	E14_mESC_AntNPC
E14_mESC_AntNPC.GSE160656.Mus_Musculus.H3K4me3.b1	GSE160656	GSM4876555	SRR12965871	Mus_Musculus	1	1	H3K4me3	Arima	E14_mESC_AntNPC
E14_mESC_WT.GSE160656.Mus_Musculus.H3K27me3.b1	GSE160656	GSM4876556	SRR12965872	Mus_Musculus	1	1	H3K27me3	Arima	E14_mESC_WT
E14_mESC_WT.GSE160656.Mus_Musculus.H3K27me3.b2	GSE160656	GSM4876557	SRR12965873	Mus_Musculus	2	1	H3K27me3	Arima	E14_mESC_WT
E14_mESC_WT.GSE160656.Mus_Musculus.H3K4me3.b1	GSE160656	GSM4876558	SRR12965874	Mus_Musculus	1	1	H3K4me3	Arima	E14_mESC_WT
E14_mESC_WT.GSE160656.Mus_Musculus.H3K4me3.b2	GSE160656	GSM4876559	SRR12965875	Mus_Musculus	2	1	H3K4me3	Arima	E14_mESC_WT
E14_mESC_EEDko.GSE160656.Mus_Musculus.H3K4me3.b1	GSE160656	GSM4876560	SRR12965876	Mus_Musculus	1	1	H3K4me3	Arima	E14_mESC_EEDko
E14_mESC_EEDko.GSE160656.Mus_Musculus.H3K4me3.b2	GSE160656	GSM4876561	SRR12965877	Mus_Musculus	2	1	H3K4me3	Arima	E14_mESC_EEDko
E105_Whole_Brain.GSE160656.Mus_Musculus.H3K27ac.b1	GSE160656	GSM4876562	SRR12965878	Mus_Musculus	1	1	H3K27ac	Arima	E105_Whole_Brain
E105_Whole_Brain.GSE160656.Mus_Musculus.H3K27ac.b2	GSE160656	GSM4876563	SRR12965879	Mus_Musculus	2	1	H3K27ac	Arima	E105_Whole_Brain
E14_mESC_RINGko_fl.GSE160656.Mus_Musculus.H3K4me3.b1	GSE160656	GSM4876564	SRR12965880	Mus_Musculus	1	1	H3K4me3	Arima	E14_mESC_RINGko_fl
E14_mESC_RINGko_fl.GSE160656.Mus_Musculus.H3K4me3.b2	GSE160656	GSM4876565	SRR12965881	Mus_Musculus	2	1	H3K4me3	Arima	E14_mESC_RINGko_fl
3134_WT.GSE162617.Mus_Musculus.GR.b1	GSE162617	GSM4955432	SRR13192948	Mus_Musculus	1	1	GR	MboI	3134_WT
3134_siCTRL_1hr_Dex.GSE162617.Mus_Musculus.GR.b1	GSE162617	GSM4955433	SRR13192949	Mus_Musculus	1	1	GR	MboI	3134_siCTRL_1hr_Dex
3134_siNIPBL_1hr_Dex.GSE162617.Mus_Musculus.GR.b1	GSE162617	GSM4955434	SRR13192950	Mus_Musculus	1	1	GR	MboI	3134_siNIPBL_1hr_Dex
mOPC_Ctrl.GSE166177.Mus_Musculus.H3K27ac.b1	GSE166177	GSM5065198	SRR13631521	Mus_Musculus	1	1	H3K27ac	MboI	mOPC_Ctrl
mOPC_IFN.GSE166177.Mus_Musculus.H3K27ac.b1	GSE166177	GSM5065199	SRR13631522	Mus_Musculus	1	1	H3K27ac	MboI	mOPC_IFN
mOPC_Ctrl.GSE166177.Mus_Musculus.H3K27ac.b2	GSE166177	GSM5065200	SRR13631523	Mus_Musculus	2	1	H3K27ac	MboI	mOPC_Ctrl
mOPC_IFN.GSE166177.Mus_Musculus.H3K27ac.b2	GSE166177	GSM5065201	SRR13631524	Mus_Musculus	2	1	H3K27ac	MboI	mOPC_IFN
mOPC_Ctrl.GSE166177.Mus_Musculus.H3K27ac.b3	GSE166177	GSM5065202	SRR13631525	Mus_Musculus	3	1	H3K27ac	MboI	mOPC_Ctrl
mOPC_IFN.GSE166177.Mus_Musculus.H3K27ac.b3	GSE166177	GSM5065203	SRR13631526	Mus_Musculus	3	1	H3K27ac	MboI	mOPC_IFN
3T3_Norm.GSE178344.Mus_Musculus.SMC1A.b1	GSE178344	GSM5388160	SRR14850834	Mus_Musculus	1	1	SMC1A	MboI	3T3_Norm
3T3_TCF1.GSE178344.Mus_Musculus.SMC1A.b1	GSE178344	GSM5388161	SRR14850835	Mus_Musculus	1	1	SMC1A	MboI	3T3_TCF1
Treg.GSE189442.Mus_Musculus.H3K27ac.b1	GSE189442	GSM5701992	SRR17021167	Mus_Musculus	1	1	H3K27ac	MboI	Treg
Treg.GSE189442.Mus_Musculus.H3K27ac.b2	GSE189442	GSM5701993	SRR17021168	Mus_Musculus	2	1	H3K27ac	MboI	Treg
Tconv.GSE189442.Mus_Musculus.H3K27ac.b1	GSE189442	GSM5701994	SRR17021169	Mus_Musculus	1	1	H3K27ac	MboI	Tconv
Tconv.GSE189442.Mus_Musculus.H3K27ac.b2	GSE189442	GSM5701995	SRR17021170	Mus_Musculus	2	1	H3K27ac	MboI	Tconv
Treg_WTGFP.GSE189442.Mus_Musculus.H3K27ac.b1	GSE189442	GSM5701996	SRR17021171	Mus_Musculus	1	1	H3K27ac	MboI	Treg_WTGFP
Treg_WTGFP.GSE189442.Mus_Musculus.H3K27ac.b2	GSE189442	GSM5701997	SRR17021172	Mus_Musculus	2	1	H3K27ac	MboI	Treg_WTGFP
Treg_KOGFP.GSE189442.Mus_Musculus.H3K27ac.b1	GSE189442	GSM5701998	SRR17021173	Mus_Musculus	1	1	H3K27ac	MboI	Treg_KOGFP
Treg_KOGFP.GSE189442.Mus_Musculus.H3K27ac.b2	GSE189442	GSM5701999	SRR17021174	Mus_Musculus	2	1	H3K27ac	MboI	Treg_KOGFP
Treg.GSE189442.Mus_Musculus.FoxP3.b1	GSE189442	GSM5702000	SRR17021175	Mus_Musculus	1	1	FoxP3	MboI	Treg
Treg.GSE189442.Mus_Musculus.FoxP3.b2	GSE189442	GSM5702001	SRR17021176	Mus_Musculus	2	1	FoxP3	MboI	Treg
Treg.GSE189442.Mus_Musculus.YY1.b1	GSE189442	GSM5702002	SRR17021177	Mus_Musculus	1	1	YY1	MboI	Treg
Treg.GSE189442.Mus_Musculus.YY1.b2	GSE189442	GSM5702003	SRR17021178	Mus_Musculus	2	1	YY1	MboI	Treg
Treg.GSE189442.Mus_Musculus.IgG.b1	GSE189442	GSM5702004	SRR17021179	Mus_Musculus	1	1	IgG	MboI	Treg
Tconv.GSE189442.Mus_Musculus.IgG.b1	GSE189442	GSM5702005	SRR17021180	Mus_Musculus	1	1	IgG	MboI	Tconv
P14_CD8.GSE192387.Mus_Musculus.BATF.b1	GSE192387	GSM5746143	SRR17296605	Mus_Musculus	1	1	BATF	MboI	P14_CD8
P14_CD8.GSE192387.Mus_Musculus.CTCF.b1	GSE192387	GSM5746144	SRR17296606	Mus_Musculus	1	1	CTCF	MboI	P14_CD8
3T3.GSE192387.Mus_Musculus.BATF.b1	GSE192387	GSM5746145	SRR17296607	Mus_Musculus	1	1	BATF	MboI	3T3
3T3_Irf4.GSE192387.Mus_Musculus.BATF.b1	GSE192387	GSM5746146	SRR17296608	Mus_Musculus	1	1	BATF	MboI	3T3_Irf4
3T3_Irf4_Runx3_Tbet.GSE192387.Mus_Musculus.BATF.b1	GSE192387	GSM5746147	SRR17296609	Mus_Musculus	1	1	BATF	MboI	3T3_Irf4_Runx3_Tbet
3T3.GSE192387.Mus_Musculus.CTCF.b1	GSE192387	GSM5746148	SRR17296610	Mus_Musculus	1	1	CTCF	MboI	3T3
MEF_B6_0m.GSE193079.Mus_Musculus.H3K27ac.b1	GSE193079	GSM5772882	SRR17446922	Mus_Musculus	1	1	H3K27ac	MboI	MEF_B6_0m
MEF_B6_0m.GSE193079.Mus_Musculus.H3K27ac.b2	GSE193079	GSM5772883	SRR17446921	Mus_Musculus	2	1	H3K27ac	MboI	MEF_B6_0m
MEF_B6_0m.GSE193079.Mus_Musculus.H3K27ac.b3	GSE193079	GSM5772884	SRR17446920	Mus_Musculus	3	1	H3K27ac	MboI	MEF_B6_0m
MEF_B6_90m.GSE193079.Mus_Musculus.H3K27ac.b1	GSE193079	GSM5772885	SRR17446919	Mus_Musculus	1	1	H3K27ac	MboI	MEF_B6_90m
MEF_B6_90m.GSE193079.Mus_Musculus.H3K27ac.b2	GSE193079	GSM5772886	SRR17446918	Mus_Musculus	2	1	H3K27ac	MboI	MEF_B6_90m
MEF_B6_90m.GSE193079.Mus_Musculus.H3K27ac.b3	GSE193079	GSM5772887	SRR17446917	Mus_Musculus	3	1	H3K27ac	MboI	MEF_B6_90m
mES.GSE80820.Mus_Musculus.SMC1A.b1	GSE80820	GSM2138328	SRR3467179	Mus_Musculus	1	1	SMC1A	MboI	mES
mES.GSE80820.Mus_Musculus.SMC1A.b1	GSE80820	GSM2138329	SRR3467180	Mus_Musculus	1	2	SMC1A	MboI	mES
mES.GSE80820.Mus_Musculus.SMC1A.b2	GSE80820	GSM2138330	SRR3467181	Mus_Musculus	2	1	SMC1A	MboI	mES
mES.GSE80820.Mus_Musculus.SMC1A.b2	GSE80820	GSM2138331	SRR3467182	Mus_Musculus	2	2	SMC1A	MboI	mES
mES_10m.GSE80820.Mus_Musculus.SMC1A.b1	GSE80820	GSM2138332	SRR3467183	Mus_Musculus	1	1	SMC1A	MboI	mES_10m
mES_10m.GSE80820.Mus_Musculus.SMC1A.b1	GSE80820	GSM2138333	SRR3467184	Mus_Musculus	1	2	SMC1A	MboI	mES_10m
mES_5m.GSE80820.Mus_Musculus.SMC1A.b1	GSE80820	GSM2138334	SRR3467185	Mus_Musculus	1	1	SMC1A	MboI	mES_5m
mES_5m.GSE80820.Mus_Musculus.SMC1A.b1	GSE80820	GSM2138335	SRR3467186	Mus_Musculus	1	2	SMC1A	MboI	mES_5m
mES_1m.GSE80820.Mus_Musculus.SMC1A.b1	GSE80820	GSM2138336	SRR3467187	Mus_Musculus	1	1	SMC1A	MboI	mES_1m
mES_1m.GSE80820.Mus_Musculus.SMC1A.b1	GSE80820	GSM2138337	SRR3467188	Mus_Musculus	1	2	SMC1A	MboI	mES_1m
mES.GSE80820.Mus_Musculus.Oct4.b1	GSE80820	GSM2238504	SRR3928687	Mus_Musculus	1	1	Oct4	MboI	mES
mES.GSE80820.Mus_Musculus.Oct4.b1	GSE80820	GSM2238508	SRR3928688	Mus_Musculus	1	2	Oct4	MboI	mES
mES.GSE80820.Mus_Musculus.Oct4.b2	GSE80820	GSM2238510	SRR3928689	Mus_Musculus	2	1	Oct4	MboI	mES
mES.GSE80820.Mus_Musculus.Oct4.b2	GSE80820	GSM2238512	SRR3928690	Mus_Musculus	2	2	Oct4	MboI	mES
mESC_WT.GSE99519.Mus_Musculus.H3K27ac.b1	GSE99519	GSM2645434	SRR5634325	Mus_Musculus	1	1	H3K27ac	MboI	mESC_WT
mESC_WT.GSE99519.Mus_Musculus.H3K27ac.b1	GSE99519	GSM2645434	SRR5634326	Mus_Musculus	1	2	H3K27ac	MboI	mESC_WT
mESC_WT.GSE99519.Mus_Musculus.H3K27ac.b1	GSE99519	GSM2645434	SRR5634327	Mus_Musculus	1	3	H3K27ac	MboI	mESC_WT
mESC_WT.GSE99519.Mus_Musculus.H3K27ac.b2	GSE99519	GSM2645435	SRR5634328	Mus_Musculus	2	1	H3K27ac	MboI	mESC_WT
mESC_WT.GSE99519.Mus_Musculus.H3K27ac.b2	GSE99519	GSM2645435	SRR5634329	Mus_Musculus	2	2	H3K27ac	MboI	mESC_WT
mESC_WT.GSE99519.Mus_Musculus.H3K27ac.b2	GSE99519	GSM2645435	SRR5634330	Mus_Musculus	2	3	H3K27ac	MboI	mESC_WT
mESC_WT.GSE99519.Mus_Musculus.H3K27ac.b3	GSE99519	GSM2645436	SRR5634331	Mus_Musculus	3	1	H3K27ac	MboI	mESC_WT
mESC_WT.GSE99519.Mus_Musculus.H3K27ac.b3	GSE99519	GSM2645436	SRR5634332	Mus_Musculus	3	2	H3K27ac	MboI	mESC_WT
mESC_WT.GSE99519.Mus_Musculus.H3K27ac.b3	GSE99519	GSM2645436	SRR5634333	Mus_Musculus	3	3	H3K27ac	MboI	mESC_WT
mESC_Degraded.GSE99519.Mus_Musculus.H3K27ac.b1	GSE99519	GSM2645437	SRR5634334	Mus_Musculus	1	1	H3K27ac	MboI	mESC_Degraded
mESC_Degraded.GSE99519.Mus_Musculus.H3K27ac.b1	GSE99519	GSM2645437	SRR5634335	Mus_Musculus	1	2	H3K27ac	MboI	mESC_Degraded
mESC_Degraded.GSE99519.Mus_Musculus.H3K27ac.b1	GSE99519	GSM2645437	SRR5634336	Mus_Musculus	1	3	H3K27ac	MboI	mESC_Degraded
mESC_Degraded.GSE99519.Mus_Musculus.H3K27ac.b2	GSE99519	GSM2645438	SRR5634337	Mus_Musculus	2	1	H3K27ac	MboI	mESC_Degraded
mESC_Degraded.GSE99519.Mus_Musculus.H3K27ac.b2	GSE99519	GSM2645438	SRR5634338	Mus_Musculus	2	2	H3K27ac	MboI	mESC_Degraded
mESC_Degraded.GSE99519.Mus_Musculus.H3K27ac.b2	GSE99519	GSM2645438	SRR5634339	Mus_Musculus	2	3	H3K27ac	MboI	mESC_Degraded
mESC_Degraded.GSE99519.Mus_Musculus.H3K27ac.b3	GSE99519	GSM2645439	SRR5634340	Mus_Musculus	3	1	H3K27ac	MboI	mESC_Degraded
mESC_Degraded.GSE99519.Mus_Musculus.H3K27ac.b3	GSE99519	GSM2645439	SRR5634341	Mus_Musculus	3	2	H3K27ac	MboI	mESC_Degraded
mESC_Degraded.GSE99519.Mus_Musculus.H3K27ac.b3	GSE99519	GSM2645439	SRR5634342	Mus_Musculus	3	3	H3K27ac	MboI	mESC_Degraded
mESC_UT.GSE99519.Mus_Musculus.H3K27ac.b1	GSE99519	GSM2774003	SRR6010264	Mus_Musculus	1	1	H3K27ac	MboI	mESC_UT
mESC_UT.GSE99519.Mus_Musculus.H3K27ac.b2	GSE99519	GSM2774004	SRR6010265	Mus_Musculus	2	1	H3K27ac	MboI	mESC_UT
mESC_UT.GSE99519.Mus_Musculus.H3K27ac.b3	GSE99519	GSM2774005	SRR6010266	Mus_Musculus	3	1	H3K27ac	MboI	mESC_UT
mESC_TR.GSE99519.Mus_Musculus.H3K27ac.b1	GSE99519	GSM2774006	SRR6010267	Mus_Musculus	1	1	H3K27ac	MboI	mESC_TR
mESC_TR.GSE99519.Mus_Musculus.H3K27ac.b2	GSE99519	GSM2774007	SRR6010268	Mus_Musculus	2	1	H3K27ac	MboI	mESC_TR
mESC_WO.GSE99519.Mus_Musculus.H3K27ac.b1	GSE99519	GSM2774008	SRR6010269	Mus_Musculus	1	1	H3K27ac	MboI	mESC_WO
mESC_WO.GSE99519.Mus_Musculus.H3K27ac.b2	GSE99519	GSM2774009	SRR6010270	Mus_Musculus	2	1	H3K27ac	MboI	mESC_WO
mESC_WO.GSE99519.Mus_Musculus.H3K27ac.b3	GSE99519	GSM2774010	SRR6010271	Mus_Musculus	3	1	H3K27ac	MboI	mESC_WO
mESC.GSE150906.Mus_Musculus.H3K27me3.b1	GSE150906	GSM4560484	SRR11816732	Mus_Musculus	1	1	H3K27me3	MboI	mESC
mESC.GSE150906.Mus_Musculus.H3K27ac.b1	GSE150906	GSM4560485	SRR11816733	Mus_Musculus	1	1	H3K27ac	MboI	mESC
3T3_Norm.GSE178348.Mus_Musculus.SMC1A.b1	GSE178348	GSM5388160	SRR14850834	Mus_Musculus	1	1	SMC1A	MboI	3T3_Norm
3T3_TCF1.GSE178348.Mus_Musculus.SMC1A.b1	GSE178348	GSM5388161	SRR14850835	Mus_Musculus	1	1	SMC1A	MboI	3T3_TCF1
mESC_RYBP_WT.GSE147919.Mus_Musculus.CTCF.b1	GSE147919	GSM4448890	SRR11465548	Mus_Musculus	1	1	CTCF	MboI	mESC_RYBP_WT
mESC_RYBP_WT.GSE147919.Mus_Musculus.CTCF.b2	GSE147919	GSM4448891	SRR11465549	Mus_Musculus	2	1	CTCF	MboI	mESC_RYBP_WT
mESC_RYBP_KO.GSE147919.Mus_Musculus.CTCF.b1	GSE147919	GSM4448892	SRR11465550	Mus_Musculus	1	1	CTCF	MboI	mESC_RYBP_KO
mESC_RYBP_KO.GSE147919.Mus_Musculus.CTCF.b2	GSE147919	GSM4448893	SRR11465551	Mus_Musculus	2	1	CTCF	MboI	mESC_RYBP_KO
