Sample Name	Study	GSE ID of Corresponding HiChIP Data	GSM ID	SRR ID	GEO Title	Control GSM(s)	Control SRR(s)	Control GEO Title(s)	GEO Source	GEO Description	Organism	Number of Reads	Replicate Serial No	ChIP-seq Pull Down	Restriction Enzyme	GSE ID For ChIP-seq Data	Downloaded fastq files	Aligned control inputs to reference genome	Ran peak calling	Merged replicates (if there are replicates)	T2T Alignment	T2T Peak Calling	T2T Merged Replicates	Comments			
HK2	Duan et al., 2021	GSE147646	GSM4437217	SRR11434872	H3K27ac_ChIPSeq	GSM4437220	SRR11434875	input DNA	kidney tubule HK2 cells	N/A	Homo sapiens	114,039,394	1	H3K27ac	MboI	GSE147646	1	1	1	1	1	1	1				
HK2	Duan et al., 2021	GSE147646	GSM4956217	SRR13197691	H3K27ac_ChIPSeq_rep2	GSM4437220	SRR11434875	input DNA	kidney tubule HK2 cells	N/A	Homo sapiens	95,768,718	2	H3K27ac	MboI	GSE147646	1	1	1	1	1	1	1				
BC3	Wang et al., 2020	GSE136090	GSM4040945	SRR10008155	BC3_ChIP_seq	GSM4040946	SRR10008157	BC3_ChIP_seq_Input	B lymphoma cells	2 replicates	Homo sapiens	9,064,714	1	H3K27ac	MboI	GSE136090	1	1	1	1	1	1	1				
BC3	Wang et al., 2020	GSE136090	GSM4040945	SRR10008156	BC3_ChIP_seq	GSM4040946	SRR10008157	BC3_ChIP_seq_Input	B lymphoma cells	2 replicates	Homo sapiens	8,186,810	2	H3K27ac	MboI	GSE136090	1	1	1	1	1	1	1				
BCBL1	Wang et al., 2020	GSE136090	GSM4040947	SRR10008158	BCBL1_ChIP_seq	GSM4040948	SRR10008160	BCBL1_ChIP_seq_Input	B lymphoma cells	2 replicates	Homo sapiens	48,917,134	1	H3K27ac	MboI	GSE136090	1	1	1	1	1	1	1				
BCBL1	Wang et al., 2020	GSE136090	GSM4040947	SRR10008159	BCBL1_ChIP_seq	GSM4040948	SRR10008160	BCBL1_ChIP_seq_Input	B lymphoma cells	2 replicates	Homo sapiens	31,648,359	2	H3K27ac	MboI	GSE136090	1	1	1	1	1	1	1				
BC1	Wang et al., 2020	GSE136090	GSM4040949	SRR10008161	BC1_ChIP_seq	GSM4040950	SRR10008163	BC1_ChIP_seq_Input	B lymphoma cells	2 replicates	Homo sapiens	8,856,042	1	H3K27ac	MboI	GSE136090	1	1	1	1	1	1	1				
BC1	Wang et al., 2020	GSE136090	GSM4040949	SRR10008162	BC1_ChIP_seq	GSM4040950	SRR10008163	BC1_ChIP_seq_Input	B lymphoma cells	2 replicates	Homo sapiens	11,450,703	2	H3K27ac	MboI	GSE136090	1	1	1	1	1	1	1				
JSC	Wang et al., 2020	GSE136090	GSM4040951	SRR10008164	JSC_ChIP_seq	GSM4040952	SRR10008166	JSC_ChIP_seq_Input	B lymphoma cells	2 replicates	Homo sapiens	13,101,230	1	H3K27ac	MboI	GSE136090	1	1	1	1	1	1	1				
JSC	Wang et al., 2020	GSE136090	GSM4040951	SRR10008165	JSC_ChIP_seq	GSM4040952	SRR10008166	JSC_ChIP_seq_Input	B lymphoma cells	2 replicates	Homo sapiens	9,173,204	2	H3K27ac	MboI	GSE136090	1	1	1	1	1	1	1				
HAVIC	Chignon et al., 2022	GSE154512	GSM4672358	SRR12231658	ChIP-seq H3K27ac in human aortic valve interstitial cells	GSM4672359	SRR12231659	ChIP-seq H3K27ac in human aortic valve interstitial cells (input)	Human aortic valve interstitial cells from non-mineralized aortic valves	N/A	Homo sapiens	56,980,102	1	H3K27ac	MboI	GSE154511	-1	-1	-1	-1	-1	-1	-1	deleted to avoid duplicates (GSE154513 refers to the same study)			
lgs301283	Pelikan et al., 2018	GSE116193	GSM3212820	SRR7417409	lgs301283_H3K27ac ChIP-seq	GSM3212870	SRR7417459	lgs301283_Input Chromatin ChIP-seq control	H3K27ac ChIP-seq	H3K27ac ChIP-Seq experiment	Homo sapiens	186,275,286	1	H3K27ac	MboI	GSE116193	1	1	1	1	1	1	1				
lgs101645	Pelikan et al., 2018	GSE116193	GSM3212825	SRR7417414	lgs101645_H3K27ac ChIP-seq	GSM3212875	SRR7417464	lgs101645_Input Chromatin ChIP-seq control	H3K27ac ChIP-seq	H3K27ac ChIP-Seq experiment	Homo sapiens	142,818,628	1	H3K27ac	MboI	GSE116193	1	1	1	1	1	1	1				
lgs102580	Pelikan et al., 2018	GSE116193	GSM3212826	SRR7417415	lgs102580_H3K27ac ChIP-seq	GSM3212876	SRR7417465	lgs102580_Input Chromatin ChIP-seq control	H3K27ac ChIP-seq	H3K27ac ChIP-Seq experiment	Homo sapiens	184,922,026	1	H3K27ac	MboI	GSE116193	1	1	1	1	1	1	1				
lgs301315	Pelikan et al., 2018	GSE116193	GSM3212836	SRR7417425	lgs301315_H3K27ac ChIP-seq	GSM3212886	SRR7417475	lgs301315_Input Chromatin ChIP-seq control	H3K27ac ChIP-seq	H3K27ac ChIP-Seq experiment	Homo sapiens	109,088,684	1	H3K27ac	MboI	GSE116193	1	1	1	1	1	1	1				
lgs102943	Pelikan et al., 2018	GSE116193	GSM3212840	SRR7417429	lgs102943_H3K27ac ChIP-seq	GSM3212890	SRR7417479	lgs102943_Input Chromatin ChIP-seq control	H3K27ac ChIP-seq	H3K27ac ChIP-Seq experiment	Homo sapiens	146,065,550	1	H3K27ac	MboI	GSE116193	1	1	1	1	1	1	1				
lgs000379	Pelikan et al., 2018	GSE116193	GSM3212841	SRR7417430	lgs000379_H3K27ac ChIP-seq	GSM3212891	SRR7417480	lgs000379_Input Chromatin ChIP-seq control	H3K27ac ChIP-seq	H3K27ac ChIP-Seq experiment	Homo sapiens	146,178,102	1	H3K27ac	MboI	GSE116193	1	1	1	1	1	1	1				
H9	Lyu et al., 2018	GSE105028	GSM2816615	SRR6177934	Rad21 ChIP-Seq Rep1	N/A	N/A	N/A	H9 hESCs	ChIP-Seq under normal conditions Rad21_NT.bw	Homo sapiens	36016390	1	Rad21	DpnII	GSE105028	1	1	1	1	1	1	1				
H9	Lyu et al., 2018	GSE105028	GSM2816616	SRR6177935	Rad21 ChIP-Seq Rep2	N/A	N/A	N/A	H9 hESCs	ChIP-Seq under normal conditions Rad21_NT.bw	Homo sapiens	80882260	2	Rad21	DpnII	GSE105028	1	1	1	1	1	1	1				
H9-HS	Lyu et al., 2018	GSE105028	GSM2816617	SRR6177936	HS Rad21 ChIP-Seq Rep1	N/A	N/A	N/A	H9 hESCs	ChIP-Seq under heat shock conditions Rad21_HS.bw	Homo sapiens	36,017,108	1	Rad21	DpnII	GSE105028	1	1	1	1	1	1	1				
H9-HS	Lyu et al., 2018	GSE105028	GSM2816618	SRR6177937	HS Rad21 ChIP-Seq Rep2	N/A	N/A	N/A	H9 hESCs	ChIP-Seq under heat shock conditions Rad21_HS.bw	Homo sapiens	90532406	2	Rad21	DpnII	GSE105028	1	1	1	1	1	1	1				
H9	Lyu et al., 2018	GSE105028	GSM2816619	SRR6177938	CTCF ChIP-Seq	N/A	N/A	N/A	H9 hESCs	ChIP-Seq under normal conditions	Homo sapiens	29223008	1	CTCF	DpnII	GSE105028	1	1	1	1	1	1	1				
H9-HS	Lyu et al., 2018	GSE105028	GSM2816620	SRR6177939	HS CTCF ChIP-Seq	N/A	N/A	N/A	H9 hESCs	ChIP-Seq under heat shock conditions	Homo sapiens	56978264	1	CTCF	DpnII	GSE105028	1	1	1	1	1	1	1				
H9	Lyu et al., 2018	GSE105028	GSM2816629	SRR6177948	OCT4 ChIP-Seq	N/A	N/A	N/A	H9 hESCs	ChIP-Seq under normal conditions	Homo sapiens	82848772	1	OCT4	DpnII	GSE105028	1	1	1	1	1	1	1				
H9-HS	Lyu et al., 2018	GSE105028	GSM2816630	SRR6177949	HS OCT4 ChIP-Seq	N/A	N/A	N/A	H9 hESCs	ChIP-Seq under heat shock conditions	Homo sapiens	68495366	1	OCT4	DpnII	GSE105028	1	1	1	1	1	1	1				
H9	Lyu et al., 2018	GSE105028	GSM2816625	SRR6177944	NANOG ChIP-Seq	N/A	N/A	N/A	H9 hESCs	ChIP-Seq under normal conditions	Homo sapiens	69443112	1	NANOG	DpnII	GSE105028	1	1	1	1	1	1	1				
H9-HS	Lyu et al., 2018	GSE105028	GSM2816626	SRR6177945	HS NANOG ChIP-Seq	N/A	N/A	N/A	H9 hESCs	ChIP-Seq under heat shock conditions	Homo sapiens	69689862	1	NANOG	DpnII	GSE105028	1	1	1	1	1	1	1				
H9	Lyu et al., 2018	GSE105028	GSM2816627	SRR6177946	KLF4 ChIP-Seq	N/A	N/A	N/A	H9 hESCs	ChIP-Seq under normal conditions	Homo sapiens	50233478	1	KLF4	DpnII	GSE105028	1	1	1	1	1	1	1				
H9-HS	Lyu et al., 2018	GSE105028	GSM2816628	SRR6177947	HS KLF4 ChIP-Seq	N/A	N/A	N/A	H9 hESCs	ChIP-Seq under heat shock conditions	Homo sapiens	93849478	1	KLF4	DpnII	GSE105028	1	1	1	1	1	1	1				
H9	Lyu et al., 2018	GSE105028	GSM2816654	SRR6177973	H3K4me1 ChIP-Seq	N/A	N/A	N/A	H9 hESCs	ChIP-Seq under normal conditions	Homo sapiens	54109020	1	H3K4me1	DpnII	GSE105028	1	1	1	1	1	1	1				
H9-HS	Lyu et al., 2018	GSE105028	GSM2816655	SRR6177974	HS H3K4me1 ChIP-Seq	N/A	N/A	N/A	H9 hESCs	ChIP-Seq under heat shock conditions	Homo sapiens	51838618	1	H3K4me1	DpnII	GSE105028	1	1	1	1	1	1	1				
HCT116-AuxinNeg	Lee et al., 2022	GSE179544	GSM5420207	SRR15050732	RNA Pol. II Auxin- rep1	GSM5420215, GSM5420217	SRR15050740, SRR15050742	Input DNA Auxin- rep1, Input DNA Auxin- rep2	HCT116 cells	Auxin Inducible Degron cell	Homo sapiens	72242674	1	RNA-Pol-II	DpnII	GSE179545	1	1	1	1	1	1	1				
HCT116-AuxinNeg	Lee et al., 2022	GSE179544	GSM5420209	SRR15050734	RNA Pol. II Auxin- rep2	GSM5420215, GSM5420217	SRR15050740, SRR15050742	Input DNA Auxin- rep1, Input DNA Auxin- rep2	HCT116 cells	Auxin Inducible Degron cell	Homo sapiens	69268810	2	RNA-Pol-II	DpnII	GSE179545	1	1	1	1	1	1	1				
HCT116-AuxinPos	Lee et al., 2022	GSE179544	GSM5420208	SRR15050733	RNA Pol. II Auxin+ rep1	GSM5420216, GSM5420218	SRR15050741, SRR15050743	Input DNA Auxin+ rep1, Input DNA Auxin+ rep2	HCT116 cells	Auxin Inducible Degron cell	Homo sapiens	75780914	1	RNA-Pol-II	DpnII	GSE179545	1	1	1	1	1	1	1				
HCT116-AuxinPos	Lee et al., 2022	GSE179544	GSM5420210	SRR15050735	RNA Pol. II Auxin+ rep2	GSM5420216, GSM5420218	SRR15050741, SRR15050743	Input DNA Auxin+ rep1, Input DNA Auxin+ rep2	HCT116 cells	Auxin Inducible Degron cell	Homo sapiens	68680726	2	RNA-Pol-II	DpnII	GSE179545	1	1	1	1	1	1	1				
293T	Li et al., 2020	GSE128106	GSM3664984	SRR8707607	ChIP-seq YY1 rep1	GSM3664982, GSM3664983	SRR8707605, SRR8707606	ChIP-seq control rep1, ChIP-seq control rep2	293T YY1-TAPTAG	N/A	Homo sapiens	220406226	1	YY1	HindIII	GSE128106	1	1	1	1	1	1	1				
293T	Li et al., 2020	GSE128106	GSM3664985	SRR8707608	ChIP-seq YY1 rep2	GSM3664982, GSM3664983	SRR8707605, SRR8707606	ChIP-seq control rep1, ChIP-seq control rep2	293T YY1-TAPTAG	N/A	Homo sapiens	234171286	2	YY1	HindIII	GSE128106	1	1	1	1	1	1	1				
293T-PDS	Li et al., 2020	GSE128106	GSM3664986	SRR8707609	ChIP-seq YY1-PDS rep1	GSM3664982, GSM3664983	SRR8707605, SRR8707606	ChIP-seq control rep1, ChIP-seq control rep2	293T YY1-TAPTAG	N/A	Homo sapiens	50913880	1	YY1	HindIII	GSE128106	1	1	1	1	1	1	1				
293T-PDS	Li et al., 2020	GSE128106	GSM3664987	SRR8707610	ChIP-seq YY1-PDS rep2	GSM3664982, GSM3664983	SRR8707605, SRR8707606	ChIP-seq control rep1, ChIP-seq control rep2	293T YY1-TAPTAG	N/A	Homo sapiens	40894724	2	YY1	HindIII	GSE128106	1	1	1	1	1	1	1				
293T-TMPYP4	Li et al., 2020	GSE128106	GSM3664988	SRR8707611	ChIP-seq YY1-TMPYP4 rep1	GSM3664982, GSM3664983	SRR8707605, SRR8707606	ChIP-seq control rep1, ChIP-seq control rep2	293T YY1-TAPTAG	N/A	Homo sapiens	91431398	1	YY1	HindIII	GSE128106	1	1	1	1	1	1	1				
293T-TMPYP4	Li et al., 2020	GSE128106	GSM3664989	SRR8707612	ChIP-seq YY1-TMPYP4 rep2	GSM3664982, GSM3664983	SRR8707605, SRR8707606	ChIP-seq control rep1, ChIP-seq control rep2	293T YY1-TAPTAG	N/A	Homo sapiens	93121852	2	YY1	HindIII	GSE128106	1	1	1	1	1	1	1				
Hela-S3-Control	Li et al., 2019	GSE108869	GSM2915166	SRR6453221	Control_CTCF_ChIPSeq	GSM2915165	SRR6453220	Control_Input	Hela S3 cells	N/A	Homo sapiens	131047790	1	CTCF	MboI	GSE108869	1	1	1	1	1	1	1				
Hela-S3-OE	Li et al., 2019	GSE108869	GSM2915168	SRR6453223	CTCF-s_OE_CTCF_ChIPSeq	GSM2915167	SRR6453222	CTCF-s_OE_Input	Hela S3 cells	N/A	Homo sapiens	120841808	1	CTCF	MboI	GSE108869	1	1	1	1	1	1	1				
OCI-AML3-WT	Smith et al., 2020	GSE111537	GSM3032900	SRR6815429	ChIP-Seq_WT_CTCF	GSM3032905	SRR6815434	ChIP-Seq_WT_Input	OCI-AML3	Chromatin	Homo sapiens	80285166	1	CTCF	MboI	GSE111537	1	1	1	1	1	1	1				
OCI-AML3-DeltaSTAG2	Smith et al., 2020	GSE111537	GSM3032906	SRR6815435	ChIP-Seq_deltaSTAG2_CTCF	GSM3032911	SRR6815440	ChIP-Seq_deltaSTAG2_Input	OCI-AML3	Chromatin	Homo sapiens	133733004	1	CTCF	MboI	GSE111537	1	1	1	1	1	1	1				
Nalm6	Tian et al., 2019	GSE115492	GSM3210231	SRR7408221	H3K27ac ChIP-seq	GSM3210233	SRR7408222	Input ChIP-seq	B cell precursor leukemia	The Nalm6 cell line was established from the peripheral blood of a 19-year-old man with acute lymphoblastic leukemia (ALL) in relapse in 1976.; processed data file: Nalm6_H3K27ac.bw	Homo sapiens	192321052	1	H3K27ac	MboI	GSE115494	1	1	1	1	1	1	1				
STAG2-WT	Adane et al., 2021	GSE116495	GSM5049898	SRR13577555	SMC1A on A673 STAG2 WT [BA_A673_STAG2WT_SMC1A]	GSM5049902	SRR13577559	Input on A673 STAG2 WT [BA_A673_STAG2WT_Input]	A673 clones with STAG2 wild type	N/A	Homo sapiens	118318418	1	SMC1A	MboI	GSE165783	1	1	1	1	1	1	1				
STAG2-KO	Adane et al., 2021	GSE116495	GSM5049899	SRR13577556	SMC1A on A673 STAG2 KO [BA_A673_STAG2KO_SMC1A]	GSM5049903	SRR13577560	Input on A673 STAG2 KO [BA_A673_STAG2KO_Input]	A673 clones with STAG2 knocked-out	N/A	Homo sapiens	189215394	1	SMC1A	MboI	GSE165783	1	1	1	1	1	1	1				
MB157-WT	Petrovic et al., 2019	GSE116869	GSM3263163	SRR7505559	MB157_untreated_SMC1a_ChIPseq_rep1	GSM3263167	SRR7505563	MB157_ChIPseq_input	MB157 cell line	N/A	Homo sapiens	188442910	1	SMC1A	MboI	GSE116876	1	1	1	1	1	1	1				
MB157-WT	Petrovic et al., 2019	GSE116869	GSM3263164	SRR7505560	MB157_untreated_SMC1a_ChIPseq_rep2	GSM3263167	SRR7505563	MB157_ChIPseq_input	MB157 cell line	N/A	Homo sapiens	26	2	SMC1A	MboI	GSE116876	1	1	-1	-1	-1	-1	-1	too few reads, unable to perform peak calling			
DEX	Wang et al., 2021	GSE117888	GSM3314497	SRR7624201	H3K27ac-CTL-ChIP-seq	GSM3314499	SRR7624203	input	human podocyte	DNA	Homo sapiens	77534828	1	H3K27ac	NlaIII	GSE117888	1	1	1	1	1	1	1				
CTL	Wang et al., 2021	GSE117888	GSM3314498	SRR7624202	H3K27ac-DEX-ChIP-seq	GSM3314499	SRR7624203	input	human podocyte	DNA	Homo sapiens	75006510	1	H3K27ac	NlaIII	GSE117888	1	1	1	1	1	1	1				
HUDEP-2-WT	Cheng et al., 2021	GSE131054	GSM3762815	SRR9044497	HUDEP2_Day3_H3K27ac_ChIP_rep1	GSM3762820	SRR9044502	HUDEP2_Day3_input_ChIP	HUDEP2_Day3_H3K27ac_ChIP	1440317_H3K27ac_H2-D3_R1_R1_trim_50bp_n	Homo sapiens	121485884	1	H3K27ac	MboI	GSE131052	1	1	1	1	1	1	1				
HUDEP-2-WT	Cheng et al., 2021	GSE131054	GSM3762816	SRR9044498	HUDEP2_Day3_H3K27ac_ChIP_rep2	GSM3762820	SRR9044502	HUDEP2_Day3_input_ChIP	HUDEP2_Day3_H3K27ac_ChIP	1440317_H3K27ac_H2-D3_R1_R1_trim_50bp_n	Homo sapiens	97628538	2	H3K27ac	MboI	GSE131052	1	1	1	1	1	1	1				
HUDEP-2-Mut1	Cheng et al., 2021	GSE131054	GSM3762818	SRR9044500	Mut1_Day3_H3K27ac_ChIP	N/A	N/A	N/A	Mut1_Day3_H3K27ac_ChIP	1579747_SNP235_C10_D3_H3K27AC_ChIP_R1_trim_50bp_n	Homo sapiens	43908586	1	H3K27ac	MboI	GSE131052	1	1	1	1	1	1	1				
Erythroblast	Cheng et al., 2021	GSE131054	GSM3762805	SRR9044487	CD34_Day12_H3K27ac_ChIP_Rep1	GSM3762812	SRR9044494	CD34_day12_input_ChIP	CD34_Day12_H3K27ac_ChIP	1240548_H3K27ac_CD34_R1_R1_trim_50bp_n	Homo sapiens	66743794	1	H3K27ac	MboI	GSE131052	1	1	1	1	1	1	1				
Erythroblast	Cheng et al., 2021	GSE131054	GSM3762806	SRR9044488	CD34_Day12_H3K27ac_ChIP_Rep2	GSM3762812	SRR9044494	CD34_day12_input_ChIP	CD34_Day12_H3K27ac_ChIP	1240549_H3K27ac_CD34_R2_R1_trim_50bp_n	Homo sapiens	64692898	2	H3K27ac	MboI	GSE131052	1	1	1	1	1	1	1				
NSD2-High-NTKO	Lhoumaud et al., 2019	GSE131651	GSM3791747	SRR9109456	NSD2_High_1_CTCF-ChIPseq	N/A	N/A	N/A	KMS11	CTCF ChIPseq in NSD2 High cells replicate 1 of 3	Homo sapiens	51059744	1	CTCF	MboI	GSE131651	1	1	1	1	1	1	1				
NSD2-High-NTKO	Lhoumaud et al., 2019	GSE131651	GSM3791748	SRR9109457	NSD2_High_2_CTCF-ChIPseq	N/A	N/A	N/A	NTKO	CTCF ChIPseq in NSD2 High cells replicate 2 of 3	Homo sapiens	72083674	2	CTCF	MboI	GSE131651	1	1	1	1	1	1	1				
NSD2-High-NTKO	Lhoumaud et al., 2019	GSE131651	GSM3791749	SRR9109458	NSD2_High_3_CTCF-ChIPseq	N/A	N/A	N/A	NTKO	CTCF ChIPseq in NSD2 High cells replicate 3 of 3	Homo sapiens	70262046	3	CTCF	MboI	GSE131651	1	1	1	1	1	1	1				
NSD2-Low-TKO	Lhoumaud et al., 2019	GSE131651	GSM3791750	SRR9109459	NSD2_Low_1_CTCF-ChIPseq	N/A	N/A	N/A	TKO	CTCF ChIPseq in NSD2 Low cells replicate 1 of 3	Homo sapiens	50898418	1	CTCF	MboI	GSE131651	1	1	1	1	1	1	1				
NSD2-Low-TKO	Lhoumaud et al., 2019	GSE131651	GSM3791751	SRR9109460	NSD2_Low_2_CTCF-ChIPseq	N/A	N/A	N/A	TKO	CTCF ChIPseq in NSD2 Low cells replicate 2 of 3	Homo sapiens	74745626	2	CTCF	MboI	GSE131651	1	1	1	1	1	1	1				
NSD2-Low-TKO	Lhoumaud et al., 2019	GSE131651	GSM3791752	SRR9109461	NSD2_Low_3_CTCF-ChIPseq	N/A	N/A	N/A	TKO	CTCF ChIPseq in NSD2 Low cells replicate 3 of 3	Homo sapiens	60877532	3	CTCF	MboI	GSE131651	1	1	1	1	1	1	1				
SW480	Orouji et al., 2020	GSE136629	GSM4060921	SRR10069059	SW480 Cell line H3K27ac ChIP-seq	GSM4060922	SRR10069060	SW480 Cell line Input ChIP-seq	ATCC	COAD-C002_C; ChIP-DNA	Homo sapiens	85846202	1	H3K27ac	MboI	GSE136889	1	1	1	1	1	1	1				
HCT116	Orouji et al., 2020	GSE136629	GSM4060925	SRR10069063	HCT116 Cell line H3K27ac ChIP-seq	GSM4060926	SRR10069064	HCT116 Cell line Input ChIP-seq	ATCC	COAD-C004_C; ChIP-DNA	Homo sapiens	60947468	1	H3K27ac	MboI	GSE136889	1	1	1	1	1	1	1				
SW620	Orouji et al., 2020	GSE136629	GSM4060933	SRR10069071	SW620 Cell line H3K27ac ChIP-seq	GSM4060934	SRR10069072	SW620 Cell line Input ChIP-seq	ATCC	COAD-C016_C; ChIP-DNA	Homo sapiens	56429464	1	H3K27ac	MboI	GSE136889	1	1	1	1	1	1	1				
HeLa-S3-shcontrol	Hu et al., 2020	GSE137849	GSM4089767	SRR10163440	HeLa-S3 cells, CTCF ChIP-seq (control shRNA, rep1)	GSM4089773	SRR10163446	HeLa-S3 cells, Input	Human cervical carcinoma cell line	N/A	Homo sapiens	92597092	1	CTCF	MboI	GSE137848	1	1	1	1	1	1	1				
HeLa-S3-shBHLHE40	Hu et al., 2020	GSE137849	GSM4089768	SRR10163441	HeLa-S3 cells, CTCF ChIP-seq (BHLHE40 shRNA, rep1)	GSM4089773	SRR10163446	HeLa-S3 cells, Input	Human cervical carcinoma cell line	N/A	Homo sapiens	104899432	1	CTCF	MboI	GSE137848	1	1	1	1	1	1	1				
HeLa-S3-shcontrol	Hu et al., 2020	GSE137849	GSM4589750	SRR11919826	HeLa-S3 cells, CTCF ChIP-seq (control shRNA, rep2)	GSM4089773	SRR10163446	HeLa-S3 cells, Input	Human cervical carcinoma cell line	N/A	Homo sapiens	78793850	2	CTCF	MboI	GSE137848	1	1	1	1	1	1	1				
HeLa-S3-shBHLHE40	Hu et al., 2020	GSE137849	GSM4589751	SRR11919827	HeLa-S3 cells, CTCF ChIP-seq (BHLHE40 shRNA, rep2)	GSM4089773	SRR10163446	HeLa-S3 cells, Input	Human cervical carcinoma cell line	N/A	Homo sapiens	55421810	2	CTCF	MboI	GSE137848	1	1	1	1	1	1	1				
THP-1-Vector-Batch1	Shi et al., 2021	GSE149420	GSM5379670	SRR14803946	ChIP-seq_H3K4me3_Vector	N/A	N/A	N/A	THP-1 cells	N/A	Homo sapiens	40776168	1	H3K4me3	Arima	GSE149420	1	1	1	1	1	1	1				
THP-1-Vector-Batch1	Shi et al., 2021	GSE149420	GSM5379670	SRR14803947	ChIP-seq_H3K4me3_Vector	N/A	N/A	N/A	THP-1 cells	N/A	Homo sapiens	40776168	2	H3K4me3	Arima	GSE149420	1	1	1	1	1	1	1				
THP-1-Vector-Batch1	Shi et al., 2021	GSE149420	GSM5379670	SRR14803948	ChIP-seq_H3K4me3_Vector	N/A	N/A	N/A	THP-1 cells	N/A	Homo sapiens	40776168	3	H3K4me3	Arima	GSE149420	1	1	1	1	1	1	1				
THP-1-Vector-Batch1	Shi et al., 2021	GSE149420	GSM5379670	SRR14803949	ChIP-seq_H3K4me3_Vector	N/A	N/A	N/A	THP-1 cells	N/A	Homo sapiens	40776168	4	H3K4me3	Arima	GSE149420	1	1	1	1	1	1	1				
THP-1-Vector-Batch2	Shi et al., 2021	GSE149420	GSM5379670	SRR14803946	ChIP-seq_H3K4me3_Vector	N/A	N/A	N/A	THP-1 cells	N/A	Homo sapiens	40776168	1	H3K4me3	Arima	GSE149420	1	1	1	1	1	1	1				
THP-1-Vector-Batch2	Shi et al., 2021	GSE149420	GSM5379670	SRR14803947	ChIP-seq_H3K4me3_Vector	N/A	N/A	N/A	THP-1 cells	N/A	Homo sapiens	40776168	2	H3K4me3	Arima	GSE149420	1	1	1	1	1	1	1				
THP-1-Vector-Batch2	Shi et al., 2021	GSE149420	GSM5379670	SRR14803948	ChIP-seq_H3K4me3_Vector	N/A	N/A	N/A	THP-1 cells	N/A	Homo sapiens	40776168	3	H3K4me3	Arima	GSE149420	1	1	1	1	1	1	1				
THP-1-Vector-Batch2	Shi et al., 2021	GSE149420	GSM5379670	SRR14803949	ChIP-seq_H3K4me3_Vector	N/A	N/A	N/A	THP-1 cells	N/A	Homo sapiens	40776168	4	H3K4me3	Arima	GSE149420	1	1	1	1	1	1	1				
THP-1-WT-Batch1	Shi et al., 2021	GSE149420	GSM5379671	SRR14803950	ChIP-seq_H3K4me3_WT	N/A	N/A	N/A	THP-1 cells	N/A	Homo sapiens	44263472	1	H3K4me3	Arima	GSE149420	1	1	1	1	1	1	1				
THP-1-WT-Batch1	Shi et al., 2021	GSE149420	GSM5379671	SRR14803951	ChIP-seq_H3K4me3_WT	N/A	N/A	N/A	THP-1 cells	N/A	Homo sapiens	44263472	2	H3K4me3	Arima	GSE149420	1	1	1	1	1	1	1				
THP-1-WT-Batch1	Shi et al., 2021	GSE149420	GSM5379671	SRR14803952	ChIP-seq_H3K4me3_WT	N/A	N/A	N/A	THP-1 cells	N/A	Homo sapiens	44263472	3	H3K4me3	Arima	GSE149420	1	1	1	1	1	1	1				
THP-1-WT-Batch1	Shi et al., 2021	GSE149420	GSM5379671	SRR14803953	ChIP-seq_H3K4me3_WT	N/A	N/A	N/A	THP-1 cells	N/A	Homo sapiens	44263472	4	H3K4me3	Arima	GSE149420	1	1	1	1	1	1	1				
THP-1-WT-Batch2	Shi et al., 2021	GSE149420	GSM5379671	SRR14803950	ChIP-seq_H3K4me3_WT	N/A	N/A	N/A	THP-1 cells	N/A	Homo sapiens	44263472	1	H3K4me3	Arima	GSE149420	1	1	1	1	1	1	1				
THP-1-WT-Batch2	Shi et al., 2021	GSE149420	GSM5379671	SRR14803951	ChIP-seq_H3K4me3_WT	N/A	N/A	N/A	THP-1 cells	N/A	Homo sapiens	44263472	2	H3K4me3	Arima	GSE149420	1	1	1	1	1	1	1				
THP-1-WT-Batch2	Shi et al., 2021	GSE149420	GSM5379671	SRR14803952	ChIP-seq_H3K4me3_WT	N/A	N/A	N/A	THP-1 cells	N/A	Homo sapiens	44263472	3	H3K4me3	Arima	GSE149420	1	1	1	1	1	1	1				
THP-1-WT-Batch2	Shi et al., 2021	GSE149420	GSM5379671	SRR14803953	ChIP-seq_H3K4me3_WT	N/A	N/A	N/A	THP-1 cells	N/A	Homo sapiens	44263472	4	H3K4me3	Arima	GSE149420	1	1	1	1	1	1	1				
THP-1-del-cIDR-Batch1	Shi et al., 2021	GSE149420	GSM5379672	SRR14803954	ChIP-seq_H3K4me3_del-cIDR	N/A	N/A	N/A	THP-1 cells	N/A	Homo sapiens	41154856	1	H3K4me3	Arima	GSE149420	1	1	1	1	1	1	1				
THP-1-del-cIDR-Batch1	Shi et al., 2021	GSE149420	GSM5379672	SRR14803955	ChIP-seq_H3K4me3_del-cIDR	N/A	N/A	N/A	THP-1 cells	N/A	Homo sapiens	41154856	2	H3K4me3	Arima	GSE149420	1	1	1	1	1	1	1				
THP-1-del-cIDR-Batch1	Shi et al., 2021	GSE149420	GSM5379672	SRR14803956	ChIP-seq_H3K4me3_del-cIDR	N/A	N/A	N/A	THP-1 cells	N/A	Homo sapiens	41154856	3	H3K4me3	Arima	GSE149420	1	1	1	1	1	1	1				
THP-1-del-cIDR-Batch1	Shi et al., 2021	GSE149420	GSM5379672	SRR14803957	ChIP-seq_H3K4me3_del-cIDR	N/A	N/A	N/A	THP-1 cells	N/A	Homo sapiens	41154856	4	H3K4me3	Arima	GSE149420	1	1	1	1	1	1	1				
THP-1-del-cIDR-Batch2	Shi et al., 2021	GSE149420	GSM5379672	SRR14803954	ChIP-seq_H3K4me3_del-cIDR	N/A	N/A	N/A	THP-1 cells	N/A	Homo sapiens	41154856	1	H3K4me3	Arima	GSE149420	1	1	1	1	1	1	1				
THP-1-del-cIDR-Batch2	Shi et al., 2021	GSE149420	GSM5379672	SRR14803955	ChIP-seq_H3K4me3_del-cIDR	N/A	N/A	N/A	THP-1 cells	N/A	Homo sapiens	41154856	2	H3K4me3	Arima	GSE149420	1	1	1	1	1	1	1				
THP-1-del-cIDR-Batch2	Shi et al., 2021	GSE149420	GSM5379672	SRR14803956	ChIP-seq_H3K4me3_del-cIDR	N/A	N/A	N/A	THP-1 cells	N/A	Homo sapiens	41154856	3	H3K4me3	Arima	GSE149420	1	1	1	1	1	1	1				
THP-1-del-cIDR-Batch2	Shi et al., 2021	GSE149420	GSM5379672	SRR14803957	ChIP-seq_H3K4me3_del-cIDR	N/A	N/A	N/A	THP-1 cells	N/A	Homo sapiens	41154856	4	H3K4me3	Arima	GSE149420	1	1	1	1	1	1	1				
THP-1-Vector	Shi et al., 2021	GSE149420	GSM5379673	SRR14803958	ChIP-seq_H3K27ac_Vector	N/A	N/A	N/A	THP-1 cells	N/A	Homo sapiens	60773444	1	H3K27ac	Arima	GSE149420	1	1	1	1	1	1	1				
THP-1-Vector	Shi et al., 2021	GSE149420	GSM5379673	SRR14803959	ChIP-seq_H3K27ac_Vector	N/A	N/A	N/A	THP-1 cells	N/A	Homo sapiens	60773444	2	H3K27ac	Arima	GSE149420	1	1	1	1	1	1	1				
THP-1-Vector	Shi et al., 2021	GSE149420	GSM5379673	SRR14803960	ChIP-seq_H3K27ac_Vector	N/A	N/A	N/A	THP-1 cells	N/A	Homo sapiens	60773444	3	H3K27ac	Arima	GSE149420	1	1	1	1	1	1	1				
THP-1-Vector	Shi et al., 2021	GSE149420	GSM5379673	SRR14803961	ChIP-seq_H3K27ac_Vector	N/A	N/A	N/A	THP-1 cells	N/A	Homo sapiens	60773444	4	H3K27ac	Arima	GSE149420	1	1	1	1	1	1	1				
THP-1-Vector	Shi et al., 2021	GSE149420	GSM5379673	SRR14803962	ChIP-seq_H3K27ac_Vector	N/A	N/A	N/A	THP-1 cells	N/A	Homo sapiens	60773444	5	H3K27ac	Arima	GSE149420	1	1	1	1	1	1	1				
THP-1-Vector	Shi et al., 2021	GSE149420	GSM5379673	SRR14803963	ChIP-seq_H3K27ac_Vector	N/A	N/A	N/A	THP-1 cells	N/A	Homo sapiens	60773444	6	H3K27ac	Arima	GSE149420	1	1	1	1	1	1	1				
THP-1-Vector	Shi et al., 2021	GSE149420	GSM5379673	SRR14803964	ChIP-seq_H3K27ac_Vector	N/A	N/A	N/A	THP-1 cells	N/A	Homo sapiens	60773444	7	H3K27ac	Arima	GSE149420	1	1	1	1	1	1	1				
THP-1-Vector	Shi et al., 2021	GSE149420	GSM5379673	SRR14803965	ChIP-seq_H3K27ac_Vector	N/A	N/A	N/A	THP-1 cells	N/A	Homo sapiens	60773444	8	H3K27ac	Arima	GSE149420	1	1	1	1	1	1	1				
THP-1-WT	Shi et al., 2021	GSE149420	GSM5379674	SRR14803966	ChIP-seq_H3K27ac_WT	N/A	N/A	N/A	THP-1 cells	N/A	Homo sapiens	50270562	1	H3K27ac	Arima	GSE149420	1	1	1	1	1	1	1				
THP-1-WT	Shi et al., 2021	GSE149420	GSM5379674	SRR14803967	ChIP-seq_H3K27ac_WT	N/A	N/A	N/A	THP-1 cells	N/A	Homo sapiens	50270562	2	H3K27ac	Arima	GSE149420	1	1	1	1	1	1	1				
THP-1-WT	Shi et al., 2021	GSE149420	GSM5379674	SRR14803968	ChIP-seq_H3K27ac_WT	N/A	N/A	N/A	THP-1 cells	N/A	Homo sapiens	50270562	3	H3K27ac	Arima	GSE149420	1	1	1	1	1	1	1				
THP-1-WT	Shi et al., 2021	GSE149420	GSM5379674	SRR14803969	ChIP-seq_H3K27ac_WT	N/A	N/A	N/A	THP-1 cells	N/A	Homo sapiens	50270562	4	H3K27ac	Arima	GSE149420	1	1	1	1	1	1	1				
THP-1-WT	Shi et al., 2021	GSE149420	GSM5379674	SRR14803970	ChIP-seq_H3K27ac_WT	N/A	N/A	N/A	THP-1 cells	N/A	Homo sapiens	50270562	5	H3K27ac	Arima	GSE149420	1	1	1	1	1	1	1				
THP-1-WT	Shi et al., 2021	GSE149420	GSM5379674	SRR14803971	ChIP-seq_H3K27ac_WT	N/A	N/A	N/A	THP-1 cells	N/A	Homo sapiens	50270562	6	H3K27ac	Arima	GSE149420	1	1	1	1	1	1	1				
THP-1-WT	Shi et al., 2021	GSE149420	GSM5379674	SRR14803972	ChIP-seq_H3K27ac_WT	N/A	N/A	N/A	THP-1 cells	N/A	Homo sapiens	50270562	7	H3K27ac	Arima	GSE149420	1	1	1	1	1	1	1				
THP-1-WT	Shi et al., 2021	GSE149420	GSM5379674	SRR14803973	ChIP-seq_H3K27ac_WT	N/A	N/A	N/A	THP-1 cells	N/A	Homo sapiens	50270562	8	H3K27ac	Arima	GSE149420	1	1	1	1	1	1	1				
THP-1-del-cIDR	Shi et al., 2021	GSE149420	GSM5379675	SRR14803974	ChIP-seq_H3K27ac_del-cIDR	N/A	N/A	N/A	THP-1 cells	N/A	Homo sapiens	56929938	1	H3K27ac	Arima	GSE149420	1	1	1	1	1	1	1				
THP-1-del-cIDR	Shi et al., 2021	GSE149420	GSM5379675	SRR14803975	ChIP-seq_H3K27ac_del-cIDR	N/A	N/A	N/A	THP-1 cells	N/A	Homo sapiens	56929938	2	H3K27ac	Arima	GSE149420	1	1	1	1	1	1	1				
THP-1-del-cIDR	Shi et al., 2021	GSE149420	GSM5379675	SRR14803976	ChIP-seq_H3K27ac_del-cIDR	N/A	N/A	N/A	THP-1 cells	N/A	Homo sapiens	56929938	3	H3K27ac	Arima	GSE149420	1	1	1	1	1	1	1				
THP-1-del-cIDR	Shi et al., 2021	GSE149420	GSM5379675	SRR14803977	ChIP-seq_H3K27ac_del-cIDR	N/A	N/A	N/A	THP-1 cells	N/A	Homo sapiens	56929938	4	H3K27ac	Arima	GSE149420	1	1	1	1	1	1	1				
THP-1-del-cIDR	Shi et al., 2021	GSE149420	GSM5379675	SRR14803978	ChIP-seq_H3K27ac_del-cIDR	N/A	N/A	N/A	THP-1 cells	N/A	Homo sapiens	56929938	5	H3K27ac	Arima	GSE149420	1	1	1	1	1	1	1				
THP-1-del-cIDR	Shi et al., 2021	GSE149420	GSM5379675	SRR14803979	ChIP-seq_H3K27ac_del-cIDR	N/A	N/A	N/A	THP-1 cells	N/A	Homo sapiens	56929938	6	H3K27ac	Arima	GSE149420	1	1	1	1	1	1	1				
THP-1-del-cIDR	Shi et al., 2021	GSE149420	GSM5379675	SRR14803980	ChIP-seq_H3K27ac_del-cIDR	N/A	N/A	N/A	THP-1 cells	N/A	Homo sapiens	56929938	7	H3K27ac	Arima	GSE149420	1	1	1	1	1	1	1				
THP-1-del-cIDR	Shi et al., 2021	GSE149420	GSM5379675	SRR14803981	ChIP-seq_H3K27ac_del-cIDR	N/A	N/A	N/A	THP-1 cells	N/A	Homo sapiens	56929938	8	H3K27ac	Arima	GSE149420	1	1	1	1	1	1	1				
H2171	Pozo et al., 2021	GSE151001	GSM4563905	SRR11826634	H2171 hSCLC H3K27ac ChIP	GSM4563906	SRR11826635	H2171 hSCLC H3K27ac Input	H2171 hSCLC	H2171_hSCLC_H3K27ac_ChIP_0417	Homo sapiens	32217538	1	H3K27ac	MboI	GSE151002	1	1	1	1	1	1	1				
H524	Pozo et al., 2021	GSE151001	GSM4563911	SRR11826640	H524 hSCLC H3K27ac ChIP	GSM4563912	SRR11826641	H524 hSCLC H3K27ac Input	H524 hSCLC	H524_hSCLC_H3K27ac_ChIP_0417	Homo sapiens	33833712	1	H3K27ac	MboI	GSE151002	1	1	1	1	1	1	1				
H69	Pozo et al., 2021	GSE151001	GSM4563915	SRR11826644	H69 hSCLC H3K27ac ChIP	GSM4563916	SRR11826645	H69 hSCLC H3K27ac Input	H69 hSCLC	H69_hSCLC_H3K27ac_ChIP_0417	Homo sapiens	24306322	1	H3K27ac	MboI	GSE151002	1	1	1	1	1	1	1				
Aortic-VIC	Chignon et al., 2022	GSE154513	GSM4672358	SRR12231658	ChIP-seq H3K27ac in human aortic valve interstitial cells	GSM4672359	SRR12231659	ChIP-seq H3K27ac in human aortic valve interstitial cells (input)	Human aortic valve interstitial cells from non-mineralized aortic valves	N/A	Homo sapiens	56980102	1	H3K27ac	MboI	GSE154513	1	1	1	1	1	1	1				
A673-siCT-Dh1-72h-D347-D362	Surdez et al., 2021	GSE156650	GSM4735748	SRR12492707	A673_siCT-Dh1_72h_CTCF_spike_R1	N/A	N/A	N/A	Ewing sarcoma cell line (A673)	N/A	Homo sapiens	89841390	1	CTCF	MboI	GSE156649	1	1	1	1	1	1	1				
A673-siSA2-Dh6-72h-D347-D362	Surdez et al., 2021	GSE156650	GSM4735759	SRR12492718	A673_siSA2-Dh6_72h_CTCF_spike_R1	N/A	N/A	N/A	Ewing sarcoma cell line (A673)	N/A	Homo sapiens	87310540	1	CTCF	MboI	GSE156649	1	1	1	1	1	1	1				
A673-siSA2-Dh8-72h-D347-D362	Surdez et al., 2021	GSE156650	GSM4735766	SRR12492704	A673_siSA2-Dh8_72h_CTCF_spike_R1	N/A	N/A	N/A	Ewing sarcoma cell line (A673)	N/A	Homo sapiens	87844764	1	CTCF	MboI	GSE156649	1	1	1	1	1	1	1				
VCAP-Veh	Guo et al., 2021	GSE157107	GSM4753167	SRR12545352	H3K27ac-VCAP-Veh	N/A	N/A	N/A	VCaP cells	H3K27ac ChIP-Seq in VCaP cells	Homo sapiens	88197648	1	H3K27ac	MboI	GSE157105	1	1	1	1	1	1	1				
VCAP-DHT-2hr	Guo et al., 2021	GSE157107	GSM4753166	SRR12545351	H3K27ac-VCAP-2hr	N/A	N/A	N/A	VCaP cells	H3K27ac ChIP-Seq in VCaP cells	Homo sapiens	96257514	1	H3K27ac	MboI	GSE157105	1	1	1	1	1	1	1				
VCAP-DHT-24hr	Guo et al., 2021	GSE157107	GSM4753165	SRR12545350	H3K27ac-VCAP-24hr	N/A	N/A	N/A	VCaP cells	H3K27ac ChIP-Seq in VCaP cells	Homo sapiens	78880532	1	H3K27ac	MboI	GSE157105	1	1	1	1	1	1	1				
MDA-MB-453-DMSO	Watt et al., 2021	GSE157381	GSM4759318	SRR12557878	MDA-MB-453 DMSO	N/A	N/A	N/A	Breast carcinoma cell line	N/A	Homo sapiens	66973756	1	H3K27ac	MboI	GSE157222	1	1	1	1	1	1	1				
MDA-MB-453-Abemaciclib	Watt et al., 2021	GSE157381	GSM4759319	SRR12557879	MDA-MB-453 Abemaciclib	N/A	N/A	N/A	Breast carcinoma cell line	N/A	Homo sapiens	72321348	1	H3K27ac	MboI	GSE157222	1	1	1	1	1	1	1				
MCF7-DMSO	Watt et al., 2021	GSE157381	GSM4759315	SRR12557875	MCF7 DMSO	N/A	N/A	N/A	Breast carcinoma cell line	N/A	Homo sapiens	64829826	1	H3K27ac	MboI	GSE157222	1	1	1	1	1	1	1				
MCF7-Abemaciclib	Watt et al., 2021	GSE157381	GSM4759316	SRR12557876	MCF7 Abemaciclib	N/A	N/A	N/A	Breast carcinoma cell line	N/A	Homo sapiens	73562252	1	H3K27ac	MboI	GSE157222	1	1	1	1	1	1	1				
COLO320-DM	Hung et al., 2021	GSE159985	GSM4851905	SRR12885100	COLO320DM_DMSO_H3K27ac_rep1	GSM4851909	SRR14651205	COLO320DM_DMSO_input	COLO320-DM cells	H3K27ac ChIP-seq library	Homo sapiens	78743278	1	H3K27ac	MboI	GSE159972	1	1	1	1	1	1	1				
COLO320-DM	Hung et al., 2021	GSE159985	GSM4851906	SRR12885101	COLO320DM_DMSO_H3K27ac_rep2	GSM4851909	SRR14651205	COLO320DM_DMSO_input	COLO320-DM cells	H3K27ac ChIP-seq library	Homo sapiens	82614958	2	H3K27ac	MboI	GSE159972	1	1	1	1	1	1	1				
SNU16	Hung et al., 2021	GSE159985	GSM4851921	SRR12885116	SNU16_H3K27ac_rep1	GSM4851925	SRR12885120	SNU16_input	SNU16 cells	H3K27ac ChIP-seq library	Homo sapiens	60274710	1	H3K27ac	MboI	GSE159972	1	1	1	1	1	1	1				
SNU16	Hung et al., 2021	GSE159985	GSM4851922	SRR12885117	SNU16_H3K27ac_rep2	GSM4851925	SRR12885120	SNU16_input	SNU16 cells	H3K27ac ChIP-seq library	Homo sapiens	55976434	2	H3K27ac	MboI	GSE159972	1	1	1	1	1	1	1				
CD34+-Cord-Blood	Montefiori et al., 2021	GSE165207	GSM2861704	SRR6308418	CD34_H3K27ac	GSM2861707	SRR6308421	CD34_INPUT	Human CD34+ HSPCs	H3K27ac ChIP-Seq in CD34 hematopoietic stem cells	Homo sapiens	20990246	1	H3K27ac	Arima	GSE107147	1	1	1	1	1	1	1				
MB157-pInd20EBF1-10dox	Zhou et al., 2022	GSE173843	GSM5281664	SRR14421737	MB157pInd20EBF1_10dox_SMC1_ChIPseq_rep1	N/A	N/A	N/A	MB157 cell line	N/A	Homo sapiens	107456950	1	SMC1A	MboI	GSE173842	1	1	1	1	1	1	1				
MB157-pInd20EBF1-10dox	Zhou et al., 2022	GSE173843	GSM5281665	SRR14421738	MB157pInd20EBF1_10dox_SMC1_ChIPseq_rep2	N/A	N/A	N/A	MB157 cell line	N/A	Homo sapiens	93101206	2	SMC1A	MboI	GSE173842	1	1	1	1	1	1	1				
MB157-pInd20TCF1-10dox	Zhou et al., 2022	GSE173843	GSM5281662	SRR14421735	MB157pInd20TCF1_10dox_SMC1_ChIPseq_rep1	N/A	N/A	N/A	MB157 cell line	N/A	Homo sapiens	77993956	1	SMC1A	MboI	GSE173842	1	1	1	1	1	1	1				
MB157-pInd20TCF1-10dox	Zhou et al., 2022	GSE173843	GSM5281663	SRR14421736	MB157pInd20TCF1_10dox_SMC1_ChIPseq_rep2	N/A	N/A	N/A	MB157 cell line	N/A	Homo sapiens	56318252	2	SMC1A	MboI	GSE173842	1	1	1	1	1	1	1				
T47D-T0	Zaurin et al., 2021	GSE179666	GSM5425947	SRR15064553	T47D T0 ChIP PR rep1	N/A	N/A	N/A	ChIP-seq PR T0 rep1	ChIP-seq PR T0 rep1; T47D T0 PRGmerged alltags.bigwig; T47D T0 R5020 merged poissP.bigwig	Homo sapiens	129965930	1	PR	MNase	GSE179666	1	1	1	1	1	1	1				
T47D-T0	Zaurin et al., 2021	GSE179666	GSM5425957	SRR15064563	T47D T0 ChIP PR rep2	N/A	N/A	N/A	ChIP-seq PR T0 rep2	ChIP-seq PR T0 rep2; T47D T0 PRGmerged alltags.bigwig; T47D T0 R5020 merged poissP.bigwig	Homo sapiens	259875096	2	PR	MNase	GSE179666	1	1	1	1	1	1	1				
DTC1-WT	Moller et al., 2022	GSE180194	GSM5454999	SRR15163098	DTC1_wt_H3K27ac_1	GSM5455004, GSM5455010	SRR15163103, SRR15163109	DTC1_wt_Input_1, DTC1_wt_Input_2	Cell line	N/A	Homo sapiens	49342100	1	H3K27ac	MboI	GSE180198	1	1	1	1	1	1	1				
DTC1-WT	Moller et al., 2022	GSE180194	GSM5455005	SRR15163104	DTC1_wt_H3K27ac_2	GSM5455004, GSM5455010	SRR15163103, SRR15163109	DTC1_wt_Input_1, DTC1_wt_Input_2	Cell line	N/A	Homo sapiens	50888550	2	H3K27ac	MboI	GSE180198	1	1	1	1	1	1	1				
SUCCS1-WT	Moller et al., 2022	GSE180194	GSM5454984	SRR15163083	SUCCS1_wt_H3K27ac_1	GSM5454988, GSM5454994, GSM5454996	SRR15163087, SRR15163093, SRR15163095	SUCCS1_wt_Input_1, SUCCS1_wt_Input_2, SUCCS1_wt_Input_3	Cell line	N/A	Homo sapiens	21418160	1	H3K27ac	MboI	GSE180198	1	1	1	1	1	1	1				
SUCCS1-WT	Moller et al., 2022	GSE180194	GSM5454989	SRR15163088	SUCCS1_wt_H3K27ac_2	GSM5454988, GSM5454994, GSM5454996	SRR15163087, SRR15163093, SRR15163095	SUCCS1_wt_Input_1, SUCCS1_wt_Input_2, SUCCS1_wt_Input_3	Cell line	N/A	Homo sapiens	37282116	2	H3K27ac	MboI	GSE180198	1	1	1	1	1	1	1				
SUCCS1-siEA	Moller et al., 2022	GSE180194	GSM5455043	SRR15163142	SUCCS1_siEA_96h_H3K27ac_1	N/A	N/A	N/A	Cell line	N/A	Homo sapiens	45813034	1	H3K27ac	MboI	GSE180198	1	1	1	1	1	1	1				
SUCCS1-siEA	Moller et al., 2022	GSE180194	GSM5455046	SRR15163145	SUCCS1_siEA_96h_Input_1	N/A	N/A	N/A	Cell line	N/A	Homo sapiens	83074382	2	H3K27ac	MboI	GSE180198	1	1	1	1	1	1	1				
MDA-MB-231-sgRNA-Ctrl	Cho et al., 2018	GSE97585	GSM2572581	SRR5442291	H3K27ac-control sgRNA-rep1	GSM2572587, GSM2572588	SRR5442297, SRR5442298	input-control sgRNA-rep1, input-control sgRNA-rep2	MDA-MB-231 clonal cell line expressing dCas9-BFP-KRAB construct	N/A	Homo sapiens	34263168	1	H3K27ac	MboI	GSE97584	1	1	1	1	1	1	1				
MDA-MB-231-sgRNA-Ctrl	Cho et al., 2018	GSE97585	GSM2572582	SRR5442292	H3K27ac-control sgRNA-rep2	GSM2572587, GSM2572588	SRR5442297, SRR5442298	input-control sgRNA-rep1, input-control sgRNA-rep2	MDA-MB-231 clonal cell line expressing dCas9-BFP-KRAB construct	N/A	Homo sapiens	44814942	2	H3K27ac	MboI	GSE97584	1	1	1	1	1	1	1				
MDA-MB-231-PVT1sgRNAR3	Cho et al., 2018	GSE97585	GSM2572585	SRR5442295	H3K27ac-PVT1sgRNAR3-rep1	N/A	N/A	N/A	MDA-MB-231 clonal cell line expressing dCas9-BFP-KRAB construct	N/A	Homo sapiens	36676656	1	H3K27ac	MboI	GSE97584	1	1	1	1	1	1	1	Processed without controls for T2T	GSM2572591, GSM2572592	SRR5442301, SRR5442302	input-PVT1sgRNAR3-rep1, input-PVT1sgRNAR3-rep2
MDA-MB-231-PVT1sgRNAR3	Cho et al., 2018	GSE97585	GSM2572586	SRR5442296	H3K27ac-PVT1sgRNAR3-rep2	N/A	N/A	N/A	MDA-MB-231 clonal cell line expressing dCas9-BFP-KRAB construct	N/A	Homo sapiens	34203984	2	H3K27ac	MboI	GSE97584	1	1	1	1	1	1	1	Processed without controls for T2T	GSM2572591, GSM2572592	SRR5442301, SRR5442302	input-PVT1sgRNAR3-rep1, input-PVT1sgRNAR3-rep2
MDA-MB-231-PVT1sgRNAR2	Cho et al., 2018	GSE97585	GSM2572583	SRR5442293	H3K27ac-PVT1sgRNAR2-rep1	GSM2572589, GSM2572590	SRR5442299, SRR5442300	input-PVT1sgRNAR2-rep1, input-PVT1sgRNAR2-rep2	MDA-MB-231 clonal cell line expressing dCas9-BFP-KRAB construct	N/A	Homo sapiens	37497466	1	H3K27ac	MboI	GSE97584	1	1	1	1	1	1	1				
MDA-MB-231-PVT1sgRNAR2	Cho et al., 2018	GSE97585	GSM2572584	SRR5442294	H3K27ac-PVT1sgRNAR2-rep2	GSM2572589, GSM2572590	SRR5442299, SRR5442300	input-PVT1sgRNAR2-rep1, input-PVT1sgRNAR2-rep2	MDA-MB-231 clonal cell line expressing dCas9-BFP-KRAB construct	N/A	Homo sapiens	39810090	2	H3K27ac	MboI	GSE97584	1	1	1	1	1	1	1				
Jurkat	Weintraub et al., 2017	GSE99519	GSM2773998	SRR6010201	ChIP_Jurkat_YY1	GSM2773999	SRR6010202	ChIP_Jurkat_Input	T-ALL	N/A	Homo sapiens	115437388	1	YY1	MboI	GSE99518	1	1	1	1	1	1	1				
KYSE140	Liu et al., 2021	GSE166232	GSM5066565	SRR13637926	KYSE140_H3K27ac	N/A	N/A	N/A	KYSE140_H3K27ac	N/A	Homo sapiens	45122342	1	H3K27ac	MboI	GSE166234	1	1	1	1	1	1	1				
KYSE140_ARV2hrs	Liu et al., 2021	GSE166232	GSM5066568	SRR13637929	KYSE140_ARV2hrs_H3K27ac_A	N/A	N/A	N/A	KYSE140RV2hrs_H3K27ac	N/A	Homo sapiens	38005506	1	H3K27ac	MboI	GSE166234	1	1	1	1	1	1	1				
KYSE140_ARV2hrs	Liu et al., 2021	GSE166232	GSM5066569	SRR13637930	KYSE140_ARV2hrs_H3K27ac_B	N/A	N/A	N/A	KYSE140RV2hrs_H3K27ac	N/A	Homo sapiens	38782830	2	H3K27ac	MboI	GSE166234	1	1	1	1	1	1	1				
KYSE140_DMSO2hrs	Liu et al., 2021	GSE166232	GSM5066566	SRR13637927	KYSE140_DMSO2hrs_H3K27ac_A	N/A	N/A	N/A	KYSE140_DMSO2hrs_H3K27ac	N/A	Homo sapiens	35628816	1	H3K27ac	MboI	GSE166234	1	1	1	1	1	1	1				
KYSE140_DMSO2hrs	Liu et al., 2021	GSE166232	GSM5066567	SRR13637928	KYSE140_DMSO2hrs_H3K27ac_B	N/A	N/A	N/A	KYSE140_DMSO2hrs_H3K27ac	N/A	Homo sapiens	38678790	2	H3K27ac	MboI	GSE166234	1	1	1	1	1	1	1				
NF_1	Feng et al., 2022	GSE165303	GSM5029761	SRR13506029	NF-1_ChIP	N/A	N/A	N/A	heart tissue	N/A	Homo sapiens	82476328	1	H3K27ac	Arima	GSE165303	1	1	1	1	1	1	1				
NF_2	Feng et al., 2022	GSE165303	GSM5029762	SRR13506030	NF-2_ChIP	N/A	N/A	N/A	heart tissue	N/A	Homo sapiens	83728362	1	H3K27ac	Arima	GSE165303	1	1	1	1	1	1	1				
NF_3	Feng et al., 2022	GSE165303	GSM5029763	SRR13506031	NF-3_ChIP	N/A	N/A	N/A	heart tissue	N/A	Homo sapiens	75658516	1	H3K27ac	Arima	GSE165303	1	1	1	1	1	1	1				
NF_4	Feng et al., 2022	GSE165303	GSM5029764	SRR13506032	NF-4_ChIP	N/A	N/A	N/A	heart tissue	N/A	Homo sapiens	64698450	1	H3K27ac	Arima	GSE165303	1	1	1	1	1	1	1				
NF_5	Feng et al., 2022	GSE165303	GSM5029765	SRR13506033	NF-5_ChIP	N/A	N/A	N/A	heart tissue	N/A	Homo sapiens	88694956	1	H3K27ac	Arima	GSE165303	1	1	1	1	1	1	1				
NF_6	Feng et al., 2022	GSE165303	GSM5029766	SRR13506034	NF-6_ChIP	N/A	N/A	N/A	heart tissue	N/A	Homo sapiens	86914590	1	H3K27ac	Arima	GSE165303	1	1	1	1	1	1	1				
NF_7	Feng et al., 2022	GSE165303	GSM5029767	SRR13506035	NF-7_ChIP	N/A	N/A	N/A	heart tissue	N/A	Homo sapiens	68952932	1	H3K27ac	Arima	GSE165303	1	1	1	1	1	1	1				
NF_8	Feng et al., 2022	GSE165303	GSM5029768	SRR13506036	NF-8_ChIP	N/A	N/A	N/A	heart tissue	N/A	Homo sapiens	85459592	1	H3K27ac	Arima	GSE165303	1	1	1	1	1	1	1				
NF_9	Feng et al., 2022	GSE165303	GSM5029769	SRR13506037	NF-9_ChIP	N/A	N/A	N/A	heart tissue	N/A	Homo sapiens	69226212	1	H3K27ac	Arima	GSE165303	1	1	1	1	1	1	1				
NF_10	Feng et al., 2022	GSE165303	GSM5029770	SRR13506038	NF-10_ChIP	N/A	N/A	N/A	heart tissue	N/A	Homo sapiens	90772356	1	H3K27ac	Arima	GSE165303	1	1	1	1	1	1	1				
DCM_1	Feng et al., 2022	GSE165303	GSM5029771	SRR13506039	DCM-1_ChIP	N/A	N/A	N/A	heart tissue	N/A	Homo sapiens	60425092	1	H3K27ac	Arima	GSE165303	1	1	1	1	1	1	1				
DCM_2	Feng et al., 2022	GSE165303	GSM5029772	SRR13506040	DCM-2_ChIP	N/A	N/A	N/A	heart tissue	N/A	Homo sapiens	88089796	1	H3K27ac	Arima	GSE165303	1	1	1	1	1	1	1				
DCM_3	Feng et al., 2022	GSE165303	GSM5029773	SRR13506041	DCM-3_ChIP	N/A	N/A	N/A	heart tissue	N/A	Homo sapiens	72587722	1	H3K27ac	Arima	GSE165303	1	1	1	1	1	1	1				
DCM_4	Feng et al., 2022	GSE165303	GSM5029774	SRR13506042	DCM-4_ChIP	N/A	N/A	N/A	heart tissue	N/A	Homo sapiens	75488366	1	H3K27ac	Arima	GSE165303	1	1	1	1	1	1	1				
DCM_5	Feng et al., 2022	GSE165303	GSM5029775	SRR13506043	DCM-5_ChIP	N/A	N/A	N/A	heart tissue	N/A	Homo sapiens	72119808	1	H3K27ac	Arima	GSE165303	1	1	1	1	1	1	1				
DCM_6	Feng et al., 2022	GSE165303	GSM5029776	SRR13506044	DCM-6_ChIP	N/A	N/A	N/A	heart tissue	N/A	Homo sapiens	74778184	1	H3K27ac	Arima	GSE165303	1	1	1	1	1	1	1				
DCM_7	Feng et al., 2022	GSE165303	GSM5029777	SRR13506045	DCM-7_ChIP	N/A	N/A	N/A	heart tissue	N/A	Homo sapiens	86918076	1	H3K27ac	Arima	GSE165303	1	1	1	1	1	1	1				
DCM_8	Feng et al., 2022	GSE165303	GSM5029778	SRR13506046	DCM-8_ChIP	N/A	N/A	N/A	heart tissue	N/A	Homo sapiens	80195722	1	H3K27ac	Arima	GSE165303	1	1	1	1	1	1	1				
DCM_9	Feng et al., 2022	GSE165303	GSM5029779	SRR13506047	DCM-9_ChIP	N/A	N/A	N/A	heart tissue	N/A	Homo sapiens	76568078	1	H3K27ac	Arima	GSE165303	1	1	1	1	1	1	1				
DCM_10	Feng et al., 2022	GSE165303	GSM5029780	SRR13506048	DCM-10_ChIP	N/A	N/A	N/A	heart tissue	N/A	Homo sapiens	71389268	1	H3K27ac	Arima	GSE165303	1	1	1	1	1	1	1				
hCM-Ctrl	Feng et al., 2022	GSE165303	GSM5029886	SRR13506154	hCM-Ctrl_ChIP_H3K27ac_rep1	N/A	N/A	N/A	iPSC-derived cardiomyocyte	N/A	Homo sapiens	79442424	1	H3K27ac	Arima	GSE165303	1	1	1	1	1	1	1				
hCM-Ctrl	Feng et al., 2022	GSE165303	GSM5029887	SRR13506155	hCM-Ctrl_ChIP_H3k27ac_rep2	N/A	N/A	N/A	iPSC-derived cardiomyocyte	N/A	Homo sapiens	67280938	2	H3K27ac	Arima	GSE165303	1	1	1	1	1	1	1				
hCM-HAND1OE	Feng et al., 2022	GSE165303	GSM5029888	SRR13506156	hCM-HAND1OE_H3K27ac_ChIP_rep1	N/A	N/A	N/A	iPSC-derived cardiomyocyte	N/A	Homo sapiens	63004598	1	H3K27ac	Arima	GSE165303	1	1	1	1	1	1	1				
hCM-HAND1OE	Feng et al., 2022	GSE165303	GSM5029889	SRR13506157	hCM-HAND1OE_H3K27ac_ChIP_rep2	N/A	N/A	N/A	iPSC-derived cardiomyocyte	N/A	Homo sapiens	69324714	2	H3K27ac	Arima	GSE165303	1	1	1	1	1	1	1				
CD4N_merged_donors_hg38	Chandra et al., 2021	phs001703v3p1	N/A	N/A	N/A	N/A	N/A	N/A	N/A	N/A	Homo sapiens	N/A	1	H3K27ac	MboI	phs001703v3p1	1	1	1	1	1	1	1				
CD8N_merged_donors_hg38	Chandra et al., 2021	phs001703v3p1	N/A	N/A	N/A	N/A	N/A	N/A	N/A	N/A	Homo sapiens	N/A	1	H3K27ac	MboI	phs001703v3p1	1	1	1	1	1	1	1				
Mono_merged_donors_hg38	Chandra et al., 2021	phs001703v3p1	N/A	N/A	N/A	N/A	N/A	N/A	N/A	N/A	Homo sapiens	N/A	1	H3K27ac	MboI	phs001703v3p1	1	1	1	1	1	1	1				
NB_merged_donors_hg38	Chandra et al., 2021	phs001703v3p1	N/A	N/A	N/A	N/A	N/A	N/A	N/A	N/A	Homo sapiens	N/A	1	H3K27ac	MboI	phs001703v3p1	1	1	1	1	1	1	1				
NK_merged_donors_hg38	Chandra et al., 2021	phs001703v3p1	N/A	N/A	N/A	N/A	N/A	N/A	N/A	N/A	Homo sapiens	N/A	1	H3K27ac	MboI	phs001703v3p1	1	1	1	1	1	1	1				
NCM_merged_donors_hg38	Schmiedel et al., 2021	phs001703v4p1	N/A	N/A	N/A	N/A	N/A	N/A	N/A	N/A	Homo sapiens	N/A	1	H3K27ac	MboI	phs001703v4p1	1	1	1	1	1	1	1				