Sample Name (as used in the server)	Study	GSE ID	GSM ID	SRR ID	GEO Title	GEO Source	GEO Description	Organism	Number of Reads	Biological Replicate Serial No	Technical Replicate Serial No	ChIP-seq Pull Down	Restriction Enzyme	Start Processing	Download Status	Download Method	FastQC Read Length	GEO Read Length (R1,R2)	Decided Read Length	Split Fastqs Status	HiCPro Status	Chip-Seq Peaks Status	Chip-seq Peaks FitHiChIP S5 Loops Status	Chip-seq Peaks FitHiChIP L5 Loops Status	Chip-seq Peaks FitHiChIP S10 Loops Status	Chip-seq Peaks FitHiChIP L10 Loops Status	Chip-seq Peaks FitHiChIP S25 Loops Status	Chip-seq Peaks FitHiChIP L25 Loops Status	HiChIP-Peaks Status	HiChIP Peaks FitHiChIP S5 Loops Status	HiChIP Peaks FitHiChIP L5 Loops Status	HiChIP Peaks FitHiChIP S10 Loops Status	HiChIP Peaks FitHiChIP L10 Loops Status	HiChIP Peaks FitHiChIP S25 Loops Status	HiChIP Peaks FitHiChIP L25 Loops Status	FitHiChIP HiChIP Peaks Status	FitHiChIP FitHiChIP S5 Loops Status	FitHiChIP FitHiChIP L5 Loops Status	FitHiChIP FitHiChIP S10 Loops Status	FitHiChIP FitHiChIP L10 Loops Status	FitHiChIP FitHiChIP S25 Loops Status	FitHiChIP FitHiChIP L25 Loops Status	Chr1 HiCCUPS 5,10,25 Loops Status	All Chrs HiCCUPS 5,10,25 Loops Status	Download/HiC-Pro Operator	Chip-Seq Peaks Operator	HiChIP Peaks/Loops Operator	Priority	Cluster Path/Branch	Date Added	Cell Category	Cell Type	Cell Line or Primary	Comments
3134_siCTRL_1hr_Dex	Rinaldi et al., 2022	GSE162617	GSM4955433	SRR13192949	siCTRL 1h Dex rep#1 GR HiCHIP	cell line derived from mouse mammary epithelial tissues		Mus musculus	190,346,686	1	1	GR	MboI	1	0	fasterq		151,151	151	0	0	0	0	0	0	0	0	0	0	0	0	0	0	0	0	0	0	0	0	0	0	0	0	0	Kyra					5/16/2022				
3134_siNIPBL_1hr_Dex	Rinaldi et al., 2022	GSE162617	GSM4955434	SRR13192950	siNIPBL 1h Dex rep#1 GR HiCHIP	cell line derived from mouse mammary epithelial tissues		Mus musculus	123,056,554	1	1	GR	MboI	1	0	fasterq		151,151	151	0	0	0	0	0	0	0	0	0	0	0	0	0	0	0	0	0	0	0	0	0	0	0	0	0	Kyra					5/16/2022				
3134_WT	Rinaldi et al., 2022	GSE162617	GSM4955432	SRR13192948	untreated rep1 GR HiChIP	cell line derived from mouse mammary epithelial tissues		Mus musculus	121,954,502	1	1	GR	MboI	1	0	fasterq		151,151	151	0	0	0	0	0	0	0	0	0	0	0	0	0	0	0	0	0	0	0	0	0	0	0	0	0	Kyra					5/16/2022				
3T3	Tsao et al., 2022	GSE192387	GSM5746145	SRR17296607	HiChIP_3T3_Batf	NIH/3T3 Fibroblasts	HiChIP with BATF antibody on NIH/3T3 fibroblasts, ectopically expressing Batf	Mus musculus	508,109,548	1	1	BATF	MboI	1	0	fasterq		37,37	37	0	0	0	0	0	0	0	0	0	0	0	0	0	0	0	0	0	0	0	0	0	0	0	0	0	Kyra					5/16/2022				
3T3	Tsao et al., 2022	GSE192387	GSM5746148	SRR17296610	HiChIP_3T3_CTCF	NIH/3T3 Fibroblasts	HiChIP with CTCF  antibody on NIH/3T3 fibroblasts	Mus musculus	637,768,506	1	1	CTCF	MboI	1	0	fasterq		37,37	37	0	0	0	0	0	0	0	0	0	0	0	0	0	0	0	0	0	0	0	0	0	0	0	0	0	Kyra					5/16/2022				
3T3_Irf4	Tsao et al., 2022	GSE192387	GSM5746146	SRR17296608	HiChIP_3T3_Batf_Irf4	NIH/3T3 Fibroblasts	HiChIP with BATF antibody on NIH/3T3 fibroblasts, ectopically expressing Batf	Mus musculus	454,464,720	1	1	BATF	MboI	1	0	fasterq		37,37	37	0	0	0	0	0	0	0	0	0	0	0	0	0	0	0	0	0	0	0	0	0	0	0	0	0	Kyra					5/16/2022				
3T3_Irf4_Runx3_Tbet	Tsao et al., 2022	GSE192387	GSM5746147	SRR17296609	HiChIP_3T3_Batf_Irf4_Runx3_Tbet	NIH/3T3 Fibroblasts	HiChIP with BATF antibody on NIH/3T3 fibroblasts, ectopically expressing Batf, Irf4, Runx3, and T-bet	Mus musculus	453,877,414	1	1	BATF	MboI	1	0	fasterq		37,37	37	0	0	0	0	0	0	0	0	0	0	0	0	0	0	0	0	0	0	0	0	0	0	0	0	0	Kyra					5/16/2022				
3T3_Norm	Wang et al., 2022	GSE178344	GSM5388160	SRR14850834	HiChIP Norm_3T3	NIH 3T3		Mus musculus	1,050,000,000	1	1	SMC1A	MboI	1	0	fasterq		38,38	38	0	0	0	0	0	0	0	0	0	0	0	0	0	0	0	0	0	0	0	0	0	0	0	0	0	Kyra					5/16/2022				
3T3_TCF1	Wang et al., 2022	GSE178344	GSM5388161	SRR14850835	HiChIP TCF1_3T3	NIH 3T3		Mus musculus	1,100,000,000	1	1	SMC1A	MboI	1	0	fasterq		38,38	38	0	0	0	0	0	0	0	0	0	0	0	0	0	0	0	0	0	0	0	0	0	0	0	0	0	Kyra					5/16/2022				
Adult_CTX_SSTcre	Stroud et al., 2020	GSE150536	GSM4551964	SRR11787753	Adult_CTX_SSTcre_Sun1IP_H3K27ac_HiChIP_rep1	Adult_CTX_SSTcre_Sun1IP_H3K27ac_HiChIP		Mus musculus	624,492,462	1	1	H3K27ac	MboI	1	0	fasterq		37,37	37	0	0	0	0	0	0	0	0	0	0	0	0	0	0	0	0	0	0	0	0	0	0	0	0	0	Kyra					5/16/2022				
Adult_CTX_SSTcre	Stroud et al., 2020	GSE150536	GSM4551965	SRR11787754	Adult_CTX_SSTcre_Sun1IP_H3K27ac_HiChIP_rep2	Adult_CTX_SSTcre_Sun1IP_H3K27ac_HiChIP		Mus musculus	538,036,982	2	1	H3K27ac	MboI	1	0	fasterq		37,37	37	0	0	0	0	0	0	0	0	0	0	0	0	0	0	0	0	0	0	0	0	0	0	0	0	0	Kyra					5/16/2022				
Adult_CTX_VIPcre	Stroud et al., 2020	GSE150536	GSM4551966	SRR11787755	Adult_CTX_VIPcre_Sun1IP_H3K27ac_HiChIP_rep1	Adult_CTX_VIPcre_Sun1IP_H3K27ac_HiChIP		Mus musculus	471,545,754	1	1	H3K27ac	MboI	1	0	fasterq		37,37	37	0	0	0	0	0	0	0	0	0	0	0	0	0	0	0	0	0	0	0	0	0	0	0	0	0	Kyra					5/16/2022				
Adult_CTX_VIPcre	Stroud et al., 2020	GSE150536	GSM4551967	SRR11787756	Adult_CTX_VIPcre_Sun1IP_H3K27ac_HiChIP_rep2	Adult_CTX_VIPcre_Sun1IP_H3K27ac_HiChIP		Mus musculus	488,131,556	2	1	H3K27ac	MboI	1	0	fasterq		37,37	37	0	0	0	0	0	0	0	0	0	0	0	0	0	0	0	0	0	0	0	0	0	0	0	0	0	Kyra					5/16/2022				
AML12_shCtrl	Huo et al., 2019	GSE141113	GSM4195083	SRR10545049	Control-K9me3-HiChip-Rep1-plus	AML12 shCtrl		Mus musculus	339,993,774	1	2	H3K9me3	MboI	1	0	fasterq		150,150	150	0	0	0	0	0	0	0	0	0	0	0	0	0	0	0	0	0	0	0	0	0	0	0	0	0	Kyra					5/16/2022				
AML12_shCtrl	Huo et al., 2019	GSE141113	GSM4195085	SRR10545051	Control-K9me3-HiChip-Rep2-plus	AML12 shCtrl		Mus musculus	247,115,720	2	2	H3K9me3	MboI	1	0	fasterq		150,150	150	0	0	0	0	0	0	0	0	0	0	0	0	0	0	0	0	0	0	0	0	0	0	0	0	0	Kyra					5/16/2022				
AML12_shCtrl	Huo et al., 2019	GSE141113	GSM4195082	SRR10545048	Control-K9me3-HiChip-Rep1	AML12 shCtrl		Mus musculus	179,731,362	1	1	H3K9me3	MboI	1	0	fasterq		150,150	150	0	0	0	0	0	0	0	0	0	0	0	0	0	0	0	0	0	0	0	0	0	0	0	0	0	Kyra					5/16/2022				
AML12_shCtrl	Huo et al., 2019	GSE141113	GSM4195084	SRR10545050	Control-K9me3-HiChip-Rep2	AML12 shCtrl		Mus musculus	121,054,242	2	1	H3K9me3	MboI	1	0	fasterq		150,150	150	0	0	0	0	0	0	0	0	0	0	0	0	0	0	0	0	0	0	0	0	0	0	0	0	0	Kyra					5/16/2022				
AML12_shSafb	Huo et al., 2019	GSE141113	GSM4195087	SRR10545053	SAFB-K9me3-HiChip-Rep1-plus	AML12 shSafb		Mus musculus	314,081,456	1	2	H3K9me3	MboI	1	0	fasterq		150,150	150	0	0	0	0	0	0	0	0	0	0	0	0	0	0	0	0	0	0	0	0	0	0	0	0	0	Kyra					5/16/2022				
AML12_shSafb	Huo et al., 2019	GSE141113	GSM4195089	SRR10545055	SAFB-K9me3-HiChip-Rep2-plus	AML12 shSafb		Mus musculus	335,873,822	2	2	H3K9me3	MboI	1	0	fasterq		150,150	150	0	0	0	0	0	0	0	0	0	0	0	0	0	0	0	0	0	0	0	0	0	0	0	0	0	Kyra					5/16/2022				
AML12_shSafb	Huo et al., 2019	GSE141113	GSM4195086	SRR10545052	SAFB-K9me3-HiChip-Rep1	AML12 shSafb		Mus musculus	146,780,390	1	1	H3K9me3	MboI	1	0	fasterq		150,150	150	0	0	0	0	0	0	0	0	0	0	0	0	0	0	0	0	0	0	0	0	0	0	0	0	0	Kyra					5/16/2022				
AML12_shSafb	Huo et al., 2019	GSE141113	GSM4195088	SRR10545054	SAFB-K9me3-HiChip-Rep2	AML12 shSafb		Mus musculus	155,273,326	2	1	H3K9me3	MboI	1	0	fasterq		150,150	150	0	0	0	0	0	0	0	0	0	0	0	0	0	0	0	0	0	0	0	0	0	0	0	0	0	Kyra					5/16/2022				
BL6_CD4_CD8	Fasolino et al., 2020	GSE141847	GSM4214154	SRR10669674	HiChIP_Smc1_DP_BL6_Rep1B_2T	CD4+ CD8+ thymocytes		Mus musculus	1,354,397,790	2	2	SMC1A	MboI	1	0	fasterq		38,38	38	0	0	0	0	0	0	0	0	0	0	0	0	0	0	0	0	0	0	0	0	0	0	0	0	0	Kyra					5/16/2022				
BL6_CD4_CD8	Fasolino et al., 2020	GSE141847	GSM4214153	SRR10669672	HiChIP_Smc1_DP_BL6_Rep1B_1T	CD4+ CD8+ thymocytes		Mus musculus	988,697,732	1	1	SMC1A	MboI	1	0	fasterq		38,38	38	0	0	0	0	0	0	0	0	0	0	0	0	0	0	0	0	0	0	0	0	0	0	0	0	0	Kyra					5/16/2022				
BL6_CD4_CD8	Fasolino et al., 2020	GSE141847	GSM4214154	SRR10669673	HiChIP_Smc1_DP_BL6_Rep1B_2T	CD4+ CD8+ thymocytes		Mus musculus	1,354,397,790	2	1	SMC1A	MboI	1	0	fasterq		38,38	38	0	0	0	0	0	0	0	0	0	0	0	0	0	0	0	0	0	0	0	0	0	0	0	0	0	Kyra					5/16/2022				
BL6_CD4_CD8	Fasolino et al., 2020	GSE141847	GSM4214158	SRR10669678	HiChIP_Smc1_DP_BL6_Rep1B	CD4+ CD8+ thymocytes		Mus musculus	972,042,078	1	1	H3K27ac	MboI	1	0	fasterq		38,38	38	0	0	0	0	0	0	0	0	0	0	0	0	0	0	0	0	0	0	0	0	0	0	0	0	0	Kyra					5/16/2022				
BL6_CD4_CD8	Fasolino et al., 2020	GSE141847	GSM4214159	SRR10669679	HiChIP_Smc1_DP_BL6_Rep2B	CD4+ CD8+ thymocytes		Mus musculus	1,076,808,312	2	1	H3K27ac	MboI	1	0	fasterq		38,38	38	0	0	0	0	0	0	0	0	0	0	0	0	0	0	0	0	0	0	0	0	0	0	0	0	0	Kyra					5/16/2022				
BMDM_24hIL4	Hoeksema et al., 2021	GSE159629	GSM4836423	SRR12844353	hichip_C57_BMDM_24hIL4_rep1	hichip_C57_BMDM_24hIL4		Mus musculus	191,030,280	1	1	H3K4me3	MboI	1	0	fasterq		42,42	42	0	0	0	0	0	0	0	0	0	0	0	0	0	0	0	0	0	0	0	0	0	0	0	0	0	Kyra					5/16/2022				Specialized, not as high of priority
BMDM_24hIL4	Hoeksema et al., 2021	GSE159629	GSM4836424	SRR12844354	hichip_C57_BMDM_24hIL4_rep2	hichip_C57_BMDM_24hIL4		Mus musculus	233,260,738	2	1	H3K4me3	MboI	1	0	fasterq		42,42	42	0	0	0	0	0	0	0	0	0	0	0	0	0	0	0	0	0	0	0	0	0	0	0	0	0	Kyra					5/16/2022				Specialized, not as high of priority
BMDM_Basal	Hoeksema et al., 2021	GSE159629	GSM4836421	SRR12844351	hichip_C57_BMDM_basal_rep1	hichip_C57_BMDM_basal		Mus musculus	352,599,370	1	1	H3K4me3	MboI	1	0	fasterq		42,42	42	0	0	0	0	0	0	0	0	0	0	0	0	0	0	0	0	0	0	0	0	0	0	0	0	0	Kyra					5/16/2022				Specialized, not as high of priority
BMDM_Basal	Hoeksema et al., 2021	GSE159629	GSM4836422	SRR12844352	hichip_C57_BMDM_basal_rep2	hichip_C57_BMDM_basal		Mus musculus	265,388,266	2	1	H3K4me3	MboI	1	0	fasterq		42,42	42	0	0	0	0	0	0	0	0	0	0	0	0	0	0	0	0	0	0	0	0	0	0	0	0	0	Kyra					5/16/2022				Specialized, not as high of priority
BMDM_EPSKO	Mumbach et al., 2019	GSE115524	GSM3181433	SRR7281300	BMDM EPSKO HiChIP H3K4me3 biological replicate 1	Bone-marrow derived macrophages	Protein-enriched long-range contact; BMDM_EPSKO_HiChIP_H3K4me3.hic	Mus musculus	647,000,000	1	1	H3K4me3	MboI	1	0	fasterq		76,76	76	0	0	0	0	0	0	0	0	0	0	0	0	0	0	0	0	0	0	0	0	0	0	0	0	0	Kyra					5/16/2022				
BMDM_EPSKO	Mumbach et al., 2019	GSE115524	GSM3181434	SRR7281301	BMDM EPSKO HiChIP H3K4me3 biological replicate 2	Bone-marrow derived macrophages	Protein-enriched long-range contact; BMDM_EPSKO_HiChIP_H3K4me3.hic	Mus musculus	798,000,000	2	1	H3K4me3	MboI	1	0	fasterq		76,76	76	0	0	0	0	0	0	0	0	0	0	0	0	0	0	0	0	0	0	0	0	0	0	0	0	0	Kyra					5/16/2022				
BMDM_EPSKO	Mumbach et al., 2019	GSE115524	GSM3181437	SRR7281304	BMDM EPSKO HiChIP SMC1a biological replicate 1	Bone-marrow derived macrophages	Protein-enriched long-range contact; BMDM_EPSKO_HiChIP_SMC1a.hic	Mus musculus	824,000,000	1	1	SMC1A	MboI	1	0	fasterq		76,76	76	0	0	0	0	0	0	0	0	0	0	0	0	0	0	0	0	0	0	0	0	0	0	0	0	0	Kyra					5/16/2022				
BMDM_EPSKO	Mumbach et al., 2019	GSE115524	GSM3181438	SRR7281305	BMDM EPSKO HiChIP SMC1a biological replicate 2	Bone-marrow derived macrophages	Protein-enriched long-range contact; BMDM_EPSKO_HiChIP_SMC1a.hic	Mus musculus	835,000,000	2	1	SMC1A	MboI	1	0	fasterq		76,76	76	0	0	0	0	0	0	0	0	0	0	0	0	0	0	0	0	0	0	0	0	0	0	0	0	0	Kyra					5/16/2022				
BMDM_EPSWT	Mumbach et al., 2019	GSE115524	GSM3181431	SRR7281298	BMDM EPSWT HiChIP H3K4me3 biological replicate 1	Bone-marrow derived macrophages	Protein-enriched long-range contact; BMDM_EPSWT_HiChIP_H3K4me3.hic	Mus musculus	493,000,000	1	1	H3K4me3	MboI	1	0	fasterq		76,76	76	0	0	0	0	0	0	0	0	0	0	0	0	0	0	0	0	0	0	0	0	0	0	0	0	0	Kyra					5/16/2022				
BMDM_EPSWT	Mumbach et al., 2019	GSE115524	GSM3181432	SRR7281299	BMDM EPSWT HiChIP H3K4me3 biological replicate 2	Bone-marrow derived macrophages	Protein-enriched long-range contact; BMDM_EPSWT_HiChIP_H3K4me3.hic	Mus musculus	550,000,000	2	1	H3K4me3	MboI	1	0	fasterq		76,76	76	0	0	0	0	0	0	0	0	0	0	0	0	0	0	0	0	0	0	0	0	0	0	0	0	0	Kyra					5/16/2022				
BMDM_EPSWT	Mumbach et al., 2019	GSE115524	GSM3181435	SRR7281302	BMDM EPSWT HiChIP SMC1a biological replicate 1	Bone-marrow derived macrophages	Protein-enriched long-range contact; BMDM_EPSWT_HiChIP_SMC1a.hic	Mus musculus	728,000,000	1	1	SMC1A	MboI	1	0	fasterq		76,76	76	0	0	0	0	0	0	0	0	0	0	0	0	0	0	0	0	0	0	0	0	0	0	0	0	0	Kyra					5/16/2022				
BMDM_EPSWT	Mumbach et al., 2019	GSE115524	GSM3181436	SRR7281303	BMDM EPSWT HiChIP SMC1a biological replicate 2	Bone-marrow derived macrophages	Protein-enriched long-range contact; BMDM_EPSWT_HiChIP_SMC1a.hic	Mus musculus	921,000,000	2	1	SMC1A	MboI	1	0	fasterq		76,76	76	0	0	0	0	0	0	0	0	0	0	0	0	0	0	0	0	0	0	0	0	0	0	0	0	0	Kyra					5/16/2022				
Cardiac_Embryo_DKO	Fang et al., 2019	GSE121671	GSM3466918	SRR8181444	DKO.HiCHIP	mouse embryo heart E12.5 day		Mus musculus	1,703,067,680	1	1	SMC1A	MboI	1	0	fasterq		78,78	78	0	0	0	0	0	0	0	0	0	0	0	0	0	0	0	0	0	0	0	0	0	0	0	0	0	Kyra					5/16/2022				
Cardiac_Embryo_WT	Fang et al., 2019	GSE121671	GSM3466917	SRR8181443	WT.HiCHIP	mouse embryo heart E12.5 day		Mus musculus	1,197,275,194	1	1	SMC1A	MboI	1	0	fasterq		75,75	75	0	0	0	0	0	0	0	0	0	0	0	0	0	0	0	0	0	0	0	0	0	0	0	0	0	Kyra					5/16/2022				
Crypt	Chen et al., 2021	GSE148691	GSM4476742	SRR11548371	H3K4me3_HiChIP_WT_Crypt_rep2	WT adult duodenal crypt cells	H3K4me3_HiChIP_WT_Crypt_CombinedReplicates.interactions.all.mango	Mus musculus	88,341,816	1	2	H3K4me3	MboI	1	0	fasterq		76,76	76	0	0	0	0	0	0	0	0	0	0	0	0	0	0	0	0	0	0	0	0	0	0	0	0	0	Kyra					5/16/2022				
Crypt	Chen et al., 2021	GSE148691	GSM4476741	SRR11548370	H3K4me3_HiChIP_WT_Crypt_rep1	WT adult duodenal crypt cells	H3K4me3_HiChIP_WT_Crypt_CombinedReplicates.interactions.all.mango	Mus musculus	105,389,000	1	1	H3K4me3	MboI	1	0	fasterq		76,76	76	0	0	0	0	0	0	0	0	0	0	0	0	0	0	0	0	0	0	0	0	0	0	0	0	0	Kyra					5/16/2022				
Crypt_Hnf4DKO	Chen et al., 2021	GSE148691	GSM4476746	SRR11548375	H3K4me3_HiChIP_Hnf4DKO_Crypt_rep2	Hnf4DKO adult duodenal crypt cells	H3K4me3_HiChIP_Hnf4DKO_Crypt_CombinedReplicates.interactions.all.mango	Mus musculus	163,342,094	1	2	H3K4me3	MboI	1	0	fasterq		76,76	76	0	0	0	0	0	0	0	0	0	0	0	0	0	0	0	0	0	0	0	0	0	0	0	0	0	Kyra					5/16/2022				
Crypt_Hnf4DKO	Chen et al., 2021	GSE148691	GSM4476745	SRR11548374	H3K4me3_HiChIP_Hnf4DKO_Crypt_rep1	Hnf4DKO adult duodenal crypt cells	H3K4me3_HiChIP_Hnf4DKO_Crypt_CombinedReplicates.interactions.all.mango	Mus musculus	105,875,104	1	1	H3K4me3	MboI	1	0	fasterq		76,76	76	0	0	0	0	0	0	0	0	0	0	0	0	0	0	0	0	0	0	0	0	0	0	0	0	0	Kyra					5/16/2022				
D3	Giammartino et al., 2019	GSE113339	GSM3103914	SRR7030451	d3-Klf4 rep1	reprogramming - day 3	day3-Klf4_high-confidence_interactions.tsv; HiChIP	Mus musculus	156,051,760	1	1	KLF4	MboI	1	0	fasterq		51,51	51	0	0	0	0	0	0	0	0	0	0	0	0	0	0	0	0	0	0	0	0	0	0	0	0	0	Kyra					5/16/2022				
D3	Giammartino et al., 2019	GSE113339	GSM3103915	SRR7030452	d3-Klf4 rep2	reprogramming - day 3	day3-Klf4_high-confidence_interactions.tsv; HiChIP	Mus musculus	375,414,854	2	1	KLF4	MboI	1	0	fasterq		51,51	51	0	0	0	0	0	0	0	0	0	0	0	0	0	0	0	0	0	0	0	0	0	0	0	0	0	Kyra					5/16/2022				
D3	Giammartino et al., 2019	GSE113339	GSM3103916	SRR7030453	d3-Klf4 rep3	reprogramming - day 3	day3-Klf4_high-confidence_interactions.tsv; HiChIP	Mus musculus	525,136,368	3	1	KLF4	MboI	1	0	fasterq		51,51	51	0	0	0	0	0	0	0	0	0	0	0	0	0	0	0	0	0	0	0	0	0	0	0	0	0	Kyra					5/16/2022				
D6	Giammartino et al., 2019	GSE113339	GSM3103917	SRR7030454	d6-Klf4 rep1	reprogramming - day 6	day6-Klf4_high-confidence_interactions.tsv; HiChIP	Mus musculus	143,340,016	1	1	KLF4	MboI	1	0	fasterq		51,51	51	0	0	0	0	0	0	0	0	0	0	0	0	0	0	0	0	0	0	0	0	0	0	0	0	0	Kyra					5/16/2022				
D6	Giammartino et al., 2019	GSE113339	GSM3103918	SRR7030456	d6-Klf4 rep2	reprogramming - day 6	day6-Klf4_high-confidence_interactions.tsv; HiChIP	Mus musculus	284,128,438	2	1	KLF4	MboI	1	0	fasterq		51,51	51	0	0	0	0	0	0	0	0	0	0	0	0	0	0	0	0	0	0	0	0	0	0	0	0	0	Kyra					5/16/2022				
D6	Giammartino et al., 2019	GSE113339	GSM3103919	SRR7030458	d6-Klf4 rep3	reprogramming - day 6	day6-Klf4_high-confidence_interactions.tsv; HiChIP	Mus musculus	228,922,860	3	1	KLF4	MboI	1	0	fasterq		51,51	51	0	0	0	0	0	0	0	0	0	0	0	0	0	0	0	0	0	0	0	0	0	0	0	0	0	Kyra					5/16/2022				
D6	Giammartino et al., 2019	GSE113339	GSM3103920	SRR7030460	d6-Klf4 rep4	reprogramming - day 6	day6-Klf4_high-confidence_interactions.tsv; HiChIP	Mus musculus	364,535,554	4	1	KLF4	MboI	1	0	fasterq		51,51	51	0	0	0	0	0	0	0	0	0	0	0	0	0	0	0	0	0	0	0	0	0	0	0	0	0	Kyra					5/16/2022				
D6	Giammartino et al., 2019	GSE113339	GSM3103917	SRR7030455	d6-Klf4 rep1	reprogramming - day 6	day6-Klf4_high-confidence_interactions.tsv; HiChIP	Mus musculus	143,340,016	1	2	KLF4	MboI	1	0	fasterq		51,51	51	0	0	0	0	0	0	0	0	0	0	0	0	0	0	0	0	0	0	0	0	0	0	0	0	0	Kyra					5/16/2022				
D6	Giammartino et al., 2019	GSE113339	GSM3103918	SRR7030457	d6-Klf4 rep2	reprogramming - day 6	day6-Klf4_high-confidence_interactions.tsv; HiChIP	Mus musculus	284,128,438	2	2	KLF4	MboI	1	0	fasterq		51,51	51	0	0	0	0	0	0	0	0	0	0	0	0	0	0	0	0	0	0	0	0	0	0	0	0	0	Kyra					5/16/2022				
D6	Giammartino et al., 2019	GSE113339	GSM3103919	SRR7030459	d6-Klf4 rep3	reprogramming - day 6	day6-Klf4_high-confidence_interactions.tsv; HiChIP	Mus musculus	228,922,860	3	2	KLF4	MboI	1	0	fasterq		51,51	51	0	0	0	0	0	0	0	0	0	0	0	0	0	0	0	0	0	0	0	0	0	0	0	0	0	Kyra					5/16/2022				
D6	Giammartino et al., 2019	GSE113339	GSM3103920	SRR7030461	d6-Klf4 rep4	reprogramming - day 6	day6-Klf4_high-confidence_interactions.tsv; HiChIP	Mus musculus	364,535,554	4	2	KLF4	MboI	1	0	fasterq		51,51	51	0	0	0	0	0	0	0	0	0	0	0	0	0	0	0	0	0	0	0	0	0	0	0	0	0	Kyra					5/16/2022				
dTAD_D1	Magli et al., 2019	GSE126362	GSM3597245	SRR8556556	HiChIP_Ldb1_1day_dTAD_Ldb1_rep1	HiChIP_Ldb1_1day_dTAD_Ldb1	Ldb1_HiChIP_1day_dox_dTAD_Ldb1_01	Mus musculus	115,223,760	1	1	Lbd1	MboI	1	0	fasterq		76,76	76	0	0	0	0	0	0	0	0	0	0	0	0	0	0	0	0	0	0	0	0	0	0	0	0	0	Kyra					5/16/2022				
dTAD_D1	Magli et al., 2019	GSE126362	GSM3597246	SRR8556557	HiChIP_Ldb1_1day_dTAD_Ldb1_rep2	HiChIP_Ldb1_1day_dTAD_Ldb1	Ldb1_HiChIP_1day_dox_dTAD_Ldb1_02	Mus musculus	121,457,272	2	1	Lbd1	MboI	1	0	fasterq		76,76	76	0	0	0	0	0	0	0	0	0	0	0	0	0	0	0	0	0	0	0	0	0	0	0	0	0	Kyra					5/16/2022				
dTAD_NoDox	Magli et al., 2019	GSE126362	GSM3597244	SRR8556555	HiChIP_Ldb1_nodox_dTAD_Ldb1	HiChIP_Ldb1_nodox_dTAD_Ldb1	Ldb1_HiChIP_nodox_dTAD_Ldb1	Mus musculus	127,190,900	1	1	Lbd1	MboI	1	0	fasterq		76,76	76	0	0	0	0	0	0	0	0	0	0	0	0	0	0	0	0	0	0	0	0	0	0	0	0	0	Kyra					5/16/2022				
E105_Whole_Brain	Crispatzu et al., 2021	GSE160656	GSM4876562	SRR12965878	mE10.5_H3K27ac_1	Whole brain from E10.5 mice	biological replicate 1	Mus musculus	348,778,978	1	1	H3K27ac	Arima	1	0	fasterq		101,101	101	0	0	0	0	0	0	0	0	0	0	0	0	0	0	0	0	0	0	0	0	0	0	0	0	0	Kyra					5/16/2022				
E105_Whole_Brain	Crispatzu et al., 2021	GSE160656	GSM4876563	SRR12965879	mE10.5_H3K27ac_2	Whole brain from E10.5 mice	biological replicate 2	Mus musculus	333,068,568	2	1	H3K27ac	Arima	1	0	fasterq		101,101	101	0	0	0	0	0	0	0	0	0	0	0	0	0	0	0	0	0	0	0	0	0	0	0	0	0	Kyra					5/16/2022				
E14_mESC_AntNPC	Crispatzu et al., 2021	GSE160656	GSM4876553	SRR12965869	E14_AntNPC_H3K27ac_1	WT E14 mESC → AntNPC	biological replicate 1	Mus musculus	258,823,798	1	1	H3K27ac	Arima	1	0	fasterq		151,151	151	0	0	0	0	0	0	0	0	0	0	0	0	0	0	0	0	0	0	0	0	0	0	0	0	0	Kyra					5/16/2022				
E14_mESC_AntNPC	Crispatzu et al., 2021	GSE160656	GSM4876554	SRR12965870	E14_AntNPC_H3K27ac_2	WT E14 mESC → AntNPC	biological replicate 2	Mus musculus	342,679,054	2	1	H3K27ac	Arima	1	0	fasterq		92,92	92	0	0	0	0	0	0	0	0	0	0	0	0	0	0	0	0	0	0	0	0	0	0	0	0	0	Kyra					5/16/2022				
E14_mESC_AntNPC	Crispatzu et al., 2021	GSE160656	GSM4876555	SRR12965871	E14_AntNPC_H3K4me3_1	WT E14 mESC → AntNPC	biological replicate 1	Mus musculus	110,768,798	1	1	H3K4me3	Arima	1	0	fasterq		61,61	61	0	0	0	0	0	0	0	0	0	0	0	0	0	0	0	0	0	0	0	0	0	0	0	0	0	Kyra					5/16/2022				
E14_mESC_EEDko	Crispatzu et al., 2021	GSE160656	GSM4876560	SRR12965876	EED_H3K4me3_1	EEDko E14 mESC	biological replicate 1	Mus musculus	340,627,538	1	1	H3K4me3	Arima	1	0	fasterq		75,76	76	0	0	0	0	0	0	0	0	0	0	0	0	0	0	0	0	0	0	0	0	0	0	0	0	0	Kyra					5/16/2022				
E14_mESC_EEDko	Crispatzu et al., 2021	GSE160656	GSM4876561	SRR12965877	EED_H3K4me3_2	EEDko E14 mESC	biological replicate 2	Mus musculus	270,939,488	2	1	H3K4me3	Arima	1	0	fasterq		76,76	76	0	0	0	0	0	0	0	0	0	0	0	0	0	0	0	0	0	0	0	0	0	0	0	0	0	Kyra					5/16/2022				
E14_mESC_RINGko_fl	Crispatzu et al., 2021	GSE160656	GSM4876564	SRR12965880	RING_H3K4me3_1	RINGko/fl E14 mESC	biological replicate 1	Mus musculus	482,313,462	1	1	H3K4me3	Arima	1	0	fasterq		76,76	76	0	0	0	0	0	0	0	0	0	0	0	0	0	0	0	0	0	0	0	0	0	0	0	0	0	Kyra					5/16/2022				
E14_mESC_RINGko_fl	Crispatzu et al., 2021	GSE160656	GSM4876565	SRR12965881	RING_H3K4me3_2	RINGko/fl E14 mESC	biological replicate 2	Mus musculus	308,560,298	2	1	H3K4me3	Arima	1	0	fasterq		76,76	76	0	0	0	0	0	0	0	0	0	0	0	0	0	0	0	0	0	0	0	0	0	0	0	0	0	Kyra					5/16/2022				
E14_mESC_WT	Crispatzu et al., 2021	GSE160656	GSM4876556	SRR12965872	E14_H3K27me3_1	WT E14 mESC	biological replicate 1	Mus musculus	251,317,730	1	1	H3K27me3	Arima	1	0	fasterq		76,76	76	0	0	0	0	0	0	0	0	0	0	0	0	0	0	0	0	0	0	0	0	0	0	0	0	0	Kyra					5/16/2022				
E14_mESC_WT	Crispatzu et al., 2021	GSE160656	GSM4876557	SRR12965873	E14_H3K27me3_2	WT E14 mESC	biological replicate 2	Mus musculus	370,273,906	2	1	H3K27me3	Arima	1	0	fasterq		75,75	75	0	0	0	0	0	0	0	0	0	0	0	0	0	0	0	0	0	0	0	0	0	0	0	0	0	Kyra					5/16/2022				
E14_mESC_WT	Crispatzu et al., 2021	GSE160656	GSM4876558	SRR12965874	E14_H3K4me3_1	WT E14 mESC	biological replicate 1	Mus musculus	264,723,458	1	1	H3K4me3	Arima	1	0	fasterq		76,76	76	0	0	0	0	0	0	0	0	0	0	0	0	0	0	0	0	0	0	0	0	0	0	0	0	0	Kyra					5/16/2022				
E14_mESC_WT	Crispatzu et al., 2021	GSE160656	GSM4876559	SRR12965875	E14_H3K4me3_2	WT E14 mESC	biological replicate 2	Mus musculus	346,550,102	2	1	H3K4me3	Arima	1	0	fasterq		76,76	76	0	0	0	0	0	0	0	0	0	0	0	0	0	0	0	0	0	0	0	0	0	0	0	0	0	Kyra					5/16/2022				
EryD	Cai et al., 2020	GSE112717	GSM3903797	SRR9592215	HiChIP-Gata1-EryD-Rep1	Definitive erythroblast		Mus musculus	527,899,604	1	1	Gata1	MboI	1	0	fasterq		75,75	75	0	0	0	0	0	0	0	0	0	0	0	0	0	0	0	0	0	0	0	0	0	0	0	0	0	Kyra					5/16/2022				
EryD	Cai et al., 2020	GSE112717	GSM3903798	SRR9592216	HiChIP-Gata1-EryD-Rep2	Definitive erythroblast		Mus musculus	664,413,344	2	1	Gata1	MboI	1	0	fasterq		75,75	75	0	0	0	0	0	0	0	0	0	0	0	0	0	0	0	0	0	0	0	0	0	0	0	0	0	Kyra					5/16/2022				
EryP	Cai et al., 2020	GSE112717	GSM3903795	SRR9592213	HiChIP-Gata1-EryP-Rep1	Primitive erythroblast		Mus musculus	438,735,224	1	1	Gata1	MboI	1	0	fasterq		75,75	75	0	0	0	0	0	0	0	0	0	0	0	0	0	0	0	0	0	0	0	0	0	0	0	0	0	Kyra					5/16/2022				
EryP	Cai et al., 2020	GSE112717	GSM3903796	SRR9592214	HiChIP-Gata1-EryP-Rep2	Primitive erythroblast		Mus musculus	620,472,862	2	1	Gata1	MboI	1	0	fasterq		75,75	75	0	0	0	0	0	0	0	0	0	0	0	0	0	0	0	0	0	0	0	0	0	0	0	0	0	Kyra					5/16/2022				
Erythroid_0hr	Perreault et al., 2020	GSE142004	GSM4217570	SRR10690955	1-HiChIP_0hr_H3K27ac	erythroid		Mus musculus	276,008,934	1	1	H3K27ac	MboI	1	0	fasterq		75,75	75	0	0	0	0	0	0	0	0	0	0	0	0	0	0	0	0	0	0	0	0	0	0	0	0	0	Kyra					5/16/2022				
Erythroid_0hr	Perreault et al., 2020	GSE142004	GSM4217572	SRR10690957	2-HiChIP_0hr_H3K27ac	erythroid		Mus musculus	196,196,148	2	1	H3K27ac	MboI	1	0	fasterq		75,75	75	0	0	0	0	0	0	0	0	0	0	0	0	0	0	0	0	0	0	0	0	0	0	0	0	0	Kyra					5/16/2022				
Erythroid_0hr	Perreault et al., 2020	GSE142004	GSM4217574	SRR10690959	1-HiChIP_0hr_YY1	erythroid		Mus musculus	174,183,012	1	1	YY1	MboI	1	0	fasterq		75,75	75	0	0	0	0	0	0	0	0	0	0	0	0	0	0	0	0	0	0	0	0	0	0	0	0	0	Kyra					5/16/2022				
Erythroid_0hr	Perreault et al., 2020	GSE142004	GSM4217576	SRR10690961	2-HiChIP_0hr_YY1	erythroid		Mus musculus	264,650,480	2	1	YY1	MboI	1	0	fasterq		75,75	75	0	0	0	0	0	0	0	0	0	0	0	0	0	0	0	0	0	0	0	0	0	0	0	0	0	Kyra					5/16/2022				
Erythroid_1hr	Perreault et al., 2020	GSE142004	GSM4217571	SRR10690956	1-HiChIP_1hr_H3K27ac	erythroid		Mus musculus	285,263,800	1	1	H3K27ac	MboI	1	0	fasterq		75,75	75	0	0	0	0	0	0	0	0	0	0	0	0	0	0	0	0	0	0	0	0	0	0	0	0	0	Kyra					5/16/2022				
Erythroid_1hr	Perreault et al., 2020	GSE142004	GSM4217573	SRR10690958	2-HiChIP_1hr_H3K27ac	erythroid		Mus musculus	225,404,966	2	1	H3K27ac	MboI	1	0	fasterq		75,75	75	0	0	0	0	0	0	0	0	0	0	0	0	0	0	0	0	0	0	0	0	0	0	0	0	0	Kyra					5/16/2022				
Erythroid_1hr	Perreault et al., 2020	GSE142004	GSM4217575	SRR10690960	1-HiChIP_1hr_YY1	erythroid		Mus musculus	354,855,242	1	1	YY1	MboI	1	0	fasterq		75,75	75	0	0	0	0	0	0	0	0	0	0	0	0	0	0	0	0	0	0	0	0	0	0	0	0	0	Kyra					5/16/2022				
Erythroid_1hr	Perreault et al., 2020	GSE142004	GSM4217577	SRR10690962	2-HiChIP_1hr_YY1	erythroid		Mus musculus	239,613,412	2	1	YY1	MboI	1	0	fasterq		75,75	75	0	0	0	0	0	0	0	0	0	0	0	0	0	0	0	0	0	0	0	0	0	0	0	0	0	Kyra					5/16/2022				
ES	Giammartino et al., 2019	GSE113339	GSM3103910	SRR7030443	ES-Klf4 rep1	Embryonic stem cells	ES-Klf4_high-confidence_interactions.tsv; HiChIP	Mus musculus	264,009,968	1	1	KLF4	MboI	1	0	fasterq		51,51	51	0	0	0	0	0	0	0	0	0	0	0	0	0	0	0	0	0	0	0	0	0	0	0	0	0	Kyra					5/16/2022				
ES	Giammartino et al., 2019	GSE113339	GSM3103911	SRR7030445	ES-Klf4 rep2	Embryonic stem cells	ES-Klf4_high-confidence_interactions.tsv; HiChIP	Mus musculus	145,825,850	2	1	KLF4	MboI	1	0	fasterq		51,51	51	0	0	0	0	0	0	0	0	0	0	0	0	0	0	0	0	0	0	0	0	0	0	0	0	0	Kyra					5/16/2022				
ES	Giammartino et al., 2019	GSE113339	GSM3103912	SRR7030447	ES-Klf4 rep3	Embryonic stem cells	ES-Klf4_high-confidence_interactions.tsv; HiChIP	Mus musculus	225,421,256	3	1	KLF4	MboI	1	0	fasterq		51,51	51	0	0	0	0	0	0	0	0	0	0	0	0	0	0	0	0	0	0	0	0	0	0	0	0	0	Kyra					5/16/2022				
ES	Giammartino et al., 2019	GSE113339	GSM3103913	SRR7030449	ES-Klf4 rep4	Embryonic stem cells	ES-Klf4_high-confidence_interactions.tsv; HiChIP	Mus musculus	314,519,002	4	1	KLF4	MboI	1	0	fasterq		51,51	51	0	0	0	0	0	0	0	0	0	0	0	0	0	0	0	0	0	0	0	0	0	0	0	0	0	Kyra					5/16/2022				
ES	Giammartino et al., 2019	GSE113339	GSM3103921	SRR7030462	ES-H3K27ac rep1	Embryonic stem cells	ES-H3K27ac_high-confidence_interactions.tsv; HiChIP	Mus musculus	419,147,364	1	1	H3K27ac	MboI	1	0	fasterq		51,51	51	0	0	0	0	0	0	0	0	0	0	0	0	0	0	0	0	0	0	0	0	0	0	0	0	0	Kyra					5/16/2022				
ES	Giammartino et al., 2019	GSE113339	GSM3103922	SRR7030464	ES-H3K27ac rep2	Embryonic stem cells	ES-H3K27ac_high-confidence_interactions.tsv; HiChIP	Mus musculus	445,148,836	2	1	H3K27ac	MboI	1	0	fasterq		51,51	51	0	0	0	0	0	0	0	0	0	0	0	0	0	0	0	0	0	0	0	0	0	0	0	0	0	Kyra					5/16/2022				
ES	Giammartino et al., 2019	GSE113339	GSM3103910	SRR7030444	ES-Klf4 rep1	Embryonic stem cells	ES-Klf4_high-confidence_interactions.tsv; HiChIP	Mus musculus	264,009,968	1	2	KLF4	MboI	1	0	fasterq		51,51	51	0	0	0	0	0	0	0	0	0	0	0	0	0	0	0	0	0	0	0	0	0	0	0	0	0	Kyra					5/16/2022				
ES	Giammartino et al., 2019	GSE113339	GSM3103911	SRR7030446	ES-Klf4 rep2	Embryonic stem cells	ES-Klf4_high-confidence_interactions.tsv; HiChIP	Mus musculus	145,825,850	2	2	KLF4	MboI	1	0	fasterq		51,51	51	0	0	0	0	0	0	0	0	0	0	0	0	0	0	0	0	0	0	0	0	0	0	0	0	0	Kyra					5/16/2022				
ES	Giammartino et al., 2019	GSE113339	GSM3103912	SRR7030448	ES-Klf4 rep3	Embryonic stem cells	ES-Klf4_high-confidence_interactions.tsv; HiChIP	Mus musculus	225,421,256	3	2	KLF4	MboI	1	0	fasterq		51,51	51	0	0	0	0	0	0	0	0	0	0	0	0	0	0	0	0	0	0	0	0	0	0	0	0	0	Kyra					5/16/2022				
ES	Giammartino et al., 2019	GSE113339	GSM3103913	SRR7030450	ES-Klf4 rep4	Embryonic stem cells	ES-Klf4_high-confidence_interactions.tsv; HiChIP	Mus musculus	314,519,002	4	2	KLF4	MboI	1	0	fasterq		51,51	51	0	0	0	0	0	0	0	0	0	0	0	0	0	0	0	0	0	0	0	0	0	0	0	0	0	Kyra					5/16/2022				
ES	Giammartino et al., 2019	GSE113339	GSM3103921	SRR7030463	ES-H3K27ac rep1	Embryonic stem cells	ES-H3K27ac_high-confidence_interactions.tsv; HiChIP	Mus musculus	419,147,364	1	2	H3K27ac	MboI	1	0	fasterq		51,51	51	0	0	0	0	0	0	0	0	0	0	0	0	0	0	0	0	0	0	0	0	0	0	0	0	0	Kyra					5/16/2022				
ES	Giammartino et al., 2019	GSE113339	GSM3103922	SRR7030465	ES-H3K27ac rep2	Embryonic stem cells	ES-H3K27ac_high-confidence_interactions.tsv; HiChIP	Mus musculus	445,148,836	2	2	H3K27ac	MboI	1	0	fasterq		51,51	51	0	0	0	0	0	0	0	0	0	0	0	0	0	0	0	0	0	0	0	0	0	0	0	0	0	Kyra					5/16/2022				
ESC	Decker et al., 2021	GSE153884	GSM4658092	SRR12158525	ESC – FGFR1 HiChIP rep1	Embryonic Stem Cells	HiChIP Genomic DNA; ESC_FGFR1_HiChIP_combined.bedpe	Mus musculus	60,118,546	1	1	FGFR1	MboI	1	0	fasterq		78,78	78	0	0	0	0	0	0	0	0	0	0	0	0	0	0	0	0	0	0	0	0	0	0	0	0	0	Kyra					5/16/2022				
ESC	Decker et al., 2021	GSE153884	GSM4658093	SRR12158526	ESC – FGFR1 HiChIP rep2	Embryonic Stem Cells	HiChIP Genomic DNA; ESC_FGFR1_HiChIP_combined.bedpe	Mus musculus	59,767,342	2	1	FGFR1	MboI	1	0	fasterq		78,78	78	0	0	0	0	0	0	0	0	0	0	0	0	0	0	0	0	0	0	0	0	0	0	0	0	0	Kyra					5/16/2022				
ESC	Decker et al., 2021	GSE153884	GSM4658094	SRR12158527	ESC – CTCF HiChIP rep1	Embryonic Stem Cells	HiChIP Genomic DNA; ESC_CTCF_HiChIP_combined.bedpe	Mus musculus	4,006,624	1	1	CTCF	MboI	1	0	fasterq		78,78	78	0	0	0	0	0	0	0	0	0	0	0	0	0	0	0	0	0	0	0	0	0	0	0	0	0	Kyra					5/16/2022				
ESC	Decker et al., 2021	GSE153884	GSM4658095	SRR12158528	ESC – CTCF HiChIP rep2	Embryonic Stem Cells	HiChIP Genomic DNA; ESC_CTCF_HiChIP_combined.bedpe	Mus musculus	92,374,774	2	1	CTCF	MboI	1	0	fasterq		78,78	78	0	0	0	0	0	0	0	0	0	0	0	0	0	0	0	0	0	0	0	0	0	0	0	0	0	Kyra					5/16/2022				
F1_CD4_CD8	Fasolino et al., 2020	GSE141847	GSM4214157	SRR10669677	HiChIP_Smc1_DP_F1_Rep1B_Rep1T	CD4+ CD8+ thymocytes		Mus musculus	717,131,854	1	1	SMC1A	MboI	1	0	fasterq		74,75	75	0	0	0	0	0	0	0	0	0	0	0	0	0	0	0	0	0	0	0	0	0	0	0	0	0	Kyra					5/16/2022				
MEF	Giammartino et al., 2019	GSE113339	GSM3103923	SRR7030467	MEF-H3K27ac rep1	Mouse embryonic fibroblasts	MEF-H3K27ac_high-confidence_interactions.tsv; HiChIP	Mus musculus	211,197,690	1	1	H3K27ac	MboI	1	0	fasterq		51,51	51	0	0	0	0	0	0	0	0	0	0	0	0	0	0	0	0	0	0	0	0	0	0	0	0	0	Kyra					5/16/2022				
MEF	Giammartino et al., 2019	GSE113339	GSM3103924	SRR7030468	MEF-H3K27ac rep2	Mouse embryonic fibroblasts	MEF-H3K27ac_high-confidence_interactions.tsv; HiChIP	Mus musculus	289,555,682	2	1	H3K27ac	MboI	1	0	fasterq		51,51	51	0	0	0	0	0	0	0	0	0	0	0	0	0	0	0	0	0	0	0	0	0	0	0	0	0	Kyra					5/16/2022				
MEF_B6_0m	Yang et al., 2021	GSE193079	GSM5772882	SRR17446922	B6-H3K27ac-HiChIP-0m-B1	Primary mouse embryonic fibroblasts		Mus musculus	319,120,504	1	1	H3K27ac	MboI	1	0	fasterq		74,74	74	0	0	0	0	0	0	0	0	0	0	0	0	0	0	0	0	0	0	0	0	0	0	0	0	0	Kyra					5/16/2022				
MEF_B6_0m	Yang et al., 2021	GSE193079	GSM5772883	SRR17446921	B6-H3K27ac-HiChIP-0m-B2	Primary mouse embryonic fibroblasts		Mus musculus	309,883,632	2	1	H3K27ac	MboI	1	0	fasterq		74,74	74	0	0	0	0	0	0	0	0	0	0	0	0	0	0	0	0	0	0	0	0	0	0	0	0	0	Kyra					5/16/2022				
MEF_B6_0m	Yang et al., 2021	GSE193079	GSM5772884	SRR17446920	B6-H3K27ac-HiChIP-0m-B3	Primary mouse embryonic fibroblasts		Mus musculus	235,719,024	3	1	H3K27ac	MboI	1	0	fasterq		74,74	74	0	0	0	0	0	0	0	0	0	0	0	0	0	0	0	0	0	0	0	0	0	0	0	0	0	Kyra					5/16/2022				
MEF_B6_90m	Yang et al., 2021	GSE193079	GSM5772885	SRR17446919	B6-H3K27ac-HiChIP-90m-B1	Primary mouse embryonic fibroblasts		Mus musculus	169,295,206	1	1	H3K27ac	MboI	1	0	fasterq		74,74	74	0	0	0	0	0	0	0	0	0	0	0	0	0	0	0	0	0	0	0	0	0	0	0	0	0	Kyra					5/16/2022				
MEF_B6_90m	Yang et al., 2021	GSE193079	GSM5772886	SRR17446918	B6-H3K27ac-HiChIP-90m-B2	Primary mouse embryonic fibroblasts		Mus musculus	186,046,440	2	1	H3K27ac	MboI	1	0	fasterq		74,74	74	0	0	0	0	0	0	0	0	0	0	0	0	0	0	0	0	0	0	0	0	0	0	0	0	0	Kyra					5/16/2022				
MEF_B6_90m	Yang et al., 2021	GSE193079	GSM5772887	SRR17446917	B6-H3K27ac-HiChIP-90m-B3	Primary mouse embryonic fibroblasts		Mus musculus	334,865,494	3	1	H3K27ac	MboI	1	0	fasterq		74,74	74	0	0	0	0	0	0	0	0	0	0	0	0	0	0	0	0	0	0	0	0	0	0	0	0	0	Kyra					5/16/2022				
mES	Mumbach et al., 2019	GSE115524	GSM3424978	SRR7990660	mES HiChIP Oct4 biological replicate 1	v6.5 embryonic stem cell line	Protein-enriched long-range DNA contact; mES_HiChIP_Oct4.hic	Mus musculus	305,468,180	1	1	Oct4	MboI	1	0	fasterq		76,76	76	0	0	0	0	0	0	0	0	0	0	0	0	0	0	0	0	0	0	0	0	0	0	0	0	0	Kyra					5/16/2022				
mES	Mumbach et al., 2019	GSE115524	GSM3424979	SRR7990661	mES HiChIP Oct4 biological replicate 2	v6.5 embryonic stem cell line	Protein-enriched long-range DNA contact; mES_HiChIP_Oct4.hic	Mus musculus	460,715,360	2	1	Oct4	MboI	1	0	fasterq		76,76	76	0	0	0	0	0	0	0	0	0	0	0	0	0	0	0	0	0	0	0	0	0	0	0	0	0	Kyra					5/16/2022				
mES	Mumbach et al., 2016	GSE80820	GSM2138329	SRR3467180	HiChIP v6.5 biological replicate 1 technical replicate 2	v6.5 embryonic stem cell	Protein-enriched long-range contact.; Processed data file: HiChIP_mES_cohesin_all.hic	Mus musculus	305,384,780	1	2	SMC1A	MboI	1	0	fasterq		76,76	76	0	0	0	0	0	0	0	0	0	0	0	0	0	0	0	0	0	0	0	0	0	0	0	0	0	Kyra					5/16/2022				
mES	Mumbach et al., 2016	GSE80820	GSM2138331	SRR3467182	HiChIP v6.5 biological replicate 2 technical replicate 2	v6.5 embryonic stem cell	Protein-enriched long-range contact.; Processed data file: HiChIP_mES_cohesin_all.hic	Mus musculus	297,343,426	2	2	SMC1A	MboI	1	0	fasterq		76,76	76	0	0	0	0	0	0	0	0	0	0	0	0	0	0	0	0	0	0	0	0	0	0	0	0	0	Kyra					5/16/2022				
mES	Mumbach et al., 2016	GSE80820	GSM2238508	SRR3928688	HiChIP oct4 v6.5 biological replicate 1 technical replicate 2	v6.5 embryonic stem cell	Protein-enriched long-range contact.; Processed data file: HiChIP_mES_Oct4.hic	Mus musculus	484,813,558	1	2	Oct4	MboI	1	0	fasterq		76,76	76	0	0	0	0	0	0	0	0	0	0	0	0	0	0	0	0	0	0	0	0	0	0	0	0	0	Kyra					5/16/2022				
mES	Mumbach et al., 2016	GSE80820	GSM2238512	SRR3928690	HiChIP oct4 v6.5 biological replicate 2 technical replicate 2	v6.5 embryonic stem cell	Protein-enriched long-range contact.; Processed data file: HiChIP_mES_Oct4.hic	Mus musculus	249,500,524	2	2	Oct4	MboI	1	0	fasterq		76,76	76	0	0	0	0	0	0	0	0	0	0	0	0	0	0	0	0	0	0	0	0	0	0	0	0	0	Kyra					5/16/2022				
mES	Mumbach et al., 2016	GSE80820	GSM2138328	SRR3467179	HiChIP v6.5 biological replicate 1 technical replicate 1	v6.5 embryonic stem cell	Protein-enriched long-range contact.; Processed data file: HiChIP_mES_cohesin_all.hic	Mus musculus	317,230,982	1	1	SMC1A	MboI	1	0	fasterq		76,76	76	0	0	0	0	0	0	0	0	0	0	0	0	0	0	0	0	0	0	0	0	0	0	0	0	0	Kyra					5/16/2022				
mES	Mumbach et al., 2016	GSE80820	GSM2138330	SRR3467181	HiChIP v6.5 biological replicate 2 technical replicate 1	v6.5 embryonic stem cell	Protein-enriched long-range contact.; Processed data file: HiChIP_mES_cohesin_all.hic	Mus musculus	250,184,448	2	1	SMC1A	MboI	1	0	fasterq		76,76	76	0	0	0	0	0	0	0	0	0	0	0	0	0	0	0	0	0	0	0	0	0	0	0	0	0	Kyra					5/16/2022				
mES	Mumbach et al., 2016	GSE80820	GSM2238504	SRR3928687	HiChIP oct4 v6.5 biological replicate 1 technical replicate 1	v6.5 embryonic stem cell	Protein-enriched long-range contact.; Processed data file: HiChIP_mES_Oct4.hic	Mus musculus	185,080,428	1	1	Oct4	MboI	1	0	fasterq		76,76	76	0	0	0	0	0	0	0	0	0	0	0	0	0	0	0	0	0	0	0	0	0	0	0	0	0	Kyra					5/16/2022				
mES	Mumbach et al., 2016	GSE80820	GSM2238510	SRR3928689	HiChIP oct4 v6.5 biological replicate 2 technical replicate 1	v6.5 embryonic stem cell	Protein-enriched long-range contact.; Processed data file: HiChIP_mES_Oct4.hic	Mus musculus	395,128,422	2	1	Oct4	MboI	1	0	fasterq		76,76	76	0	0	0	0	0	0	0	0	0	0	0	0	0	0	0	0	0	0	0	0	0	0	0	0	0	Kyra					5/16/2022				
mES_100k	Mumbach et al., 2017	GSE101498	GSM2705037	SRR5831485	mES HiChIP H3K27ac 100k biological replicate 1	v6.5 embryonic stem cell line	Protein-enriched long-range contact; mES_HiChIP_H3K27ac_100k.hic; mES_HiChIP_H3K27ac_100k_B1.hic	Mus musculus	497,373,606	1	1	H3K27ac	MboI	1	0	fasterq		76,76	76	0	0	0	0	0	0	0	0	0	0	0	0	0	0	0	0	0	0	0	0	0	0	0	0	0	Kyra					5/16/2022				
mES_100k	Mumbach et al., 2017	GSE101498	GSM2705038	SRR5831486	mES HiChIP H3K27ac 100k biological replicate 2	v6.5 embryonic stem cell line	Protein-enriched long-range contact; mES_HiChIP_H3K27ac_100k.hic; mES_HiChIP_H3K27ac_100k_B2.hic	Mus musculus	115,650,484	2	1	H3K27ac	MboI	1	0	fasterq		75,75	75	0	0	0	0	0	0	0	0	0	0	0	0	0	0	0	0	0	0	0	0	0	0	0	0	0	Kyra					5/16/2022				
mES_10m	Mumbach et al., 2016	GSE80820	GSM2138333	SRR3467184	HiChIP v6.5 10m technical replicate 2	v6.5 embryonic stem cell	Protein-enriched long-range contact.; Processed data file: HiChIP_mES_cohesin_all.hic	Mus musculus	141,615,422	1	2	SMC1A	MboI	1	0	fasterq		76,76	76	0	0	0	0	0	0	0	0	0	0	0	0	0	0	0	0	0	0	0	0	0	0	0	0	0	Kyra					5/16/2022				
mES_10m	Mumbach et al., 2016	GSE80820	GSM2138332	SRR3467183	HiChIP v6.5 10m technical replicate 1	v6.5 embryonic stem cell	Protein-enriched long-range contact.; Processed data file: HiChIP_mES_cohesin_all.hic	Mus musculus	212,958,830	1	1	SMC1A	MboI	1	0	fasterq		76,76	76	0	0	0	0	0	0	0	0	0	0	0	0	0	0	0	0	0	0	0	0	0	0	0	0	0	Kyra					5/16/2022				
mES_1m	Mumbach et al., 2016	GSE80820	GSM2138337	SRR3467188	HiChIP v6.5 1m technical replicate 2	v6.5 embryonic stem cell	Protein-enriched long-range contact.; Processed data file: HiChIP_mES_cohesin_all.hic	Mus musculus	119,457,676	1	2	SMC1A	MboI	1	0	fasterq		76,76	76	0	0	0	0	0	0	0	0	0	0	0	0	0	0	0	0	0	0	0	0	0	0	0	0	0	Kyra					5/16/2022				
mES_1m	Mumbach et al., 2016	GSE80820	GSM2138336	SRR3467187	HiChIP v6.5 1m technical replicate 1	v6.5 embryonic stem cell	Protein-enriched long-range contact.; Processed data file: HiChIP_mES_cohesin_all.hic	Mus musculus	116,926,678	1	1	SMC1A	MboI	1	0	fasterq		76,76	76	0	0	0	0	0	0	0	0	0	0	0	0	0	0	0	0	0	0	0	0	0	0	0	0	0	Kyra					5/16/2022				
mES_25m	Mumbach et al., 2017	GSE101498	GSM2705031	SRR5831479	mES HiChIP H3K27ac 25m biological replicate 1 technical replicate 1	v6.5 embryonic stem cell line	Protein-enriched long-range contact; mES_HiChIP_H3K27ac_25m.hic; mES_HiChIP_H3K27ac_25m_B1.hic	Mus musculus	373,303,396	1	1	H3K27ac	MboI	1	0	fasterq		76,76	76	0	0	0	0	0	0	0	0	0	0	0	0	0	0	0	0	0	0	0	0	0	0	0	0	0	Kyra					5/16/2022				
mES_25m	Mumbach et al., 2017	GSE101498	GSM2705033	SRR5831481	mES HiChIP H3K27ac 25m biological replicate 2 technical replicate 1	v6.5 embryonic stem cell line	Protein-enriched long-range contact; mES_HiChIP_H3K27ac_25m.hic; mES_HiChIP_H3K27ac_25m_B2.hic	Mus musculus	306,801,366	2	1	H3K27ac	MboI	1	0	fasterq		76,76	76	0	0	0	0	0	0	0	0	0	0	0	0	0	0	0	0	0	0	0	0	0	0	0	0	0	Kyra					5/16/2022				
mES_25m	Mumbach et al., 2017	GSE101498	GSM2705032	SRR5831480	mES HiChIP H3K27ac 25m biological replicate 1 technical replicate 2	v6.5 embryonic stem cell line	Protein-enriched long-range contact; mES_HiChIP_H3K27ac_25m.hic; mES_HiChIP_H3K27ac_25m_B1.hic	Mus musculus	269,130,644	1	2	H3K27ac	MboI	1	0	fasterq		76,76	76	0	0	0	0	0	0	0	0	0	0	0	0	0	0	0	0	0	0	0	0	0	0	0	0	0	Kyra					5/16/2022				
mES_25m	Mumbach et al., 2017	GSE101498	GSM2705034	SRR5831482	mES HiChIP H3K27ac 25m biological replicate 2 technical replicate 2	v6.5 embryonic stem cell line	Protein-enriched long-range contact; mES_HiChIP_H3K27ac_25m.hic; mES_HiChIP_H3K27ac_25m_B2.hic	Mus musculus	359,787,238	2	2	H3K27ac	MboI	1	0	fasterq		76,76	76	0	0	0	0	0	0	0	0	0	0	0	0	0	0	0	0	0	0	0	0	0	0	0	0	0	Kyra					5/16/2022				
mES_500k	Mumbach et al., 2017	GSE101498	GSM2705035	SRR5831483	mES HiChIP H3K27ac 500k biological replicate 1	v6.5 embryonic stem cell line	Protein-enriched long-range contact; mES_HiChIP_H3K27ac_500k.hic; mES_HiChIP_H3K27ac_500k_B1.hic	Mus musculus	249,255,802	1	1	H3K27ac	MboI	1	0	fasterq		76,76	76	0	0	0	0	0	0	0	0	0	0	0	0	0	0	0	0	0	0	0	0	0	0	0	0	0	Kyra					5/16/2022				
mES_500k	Mumbach et al., 2017	GSE101498	GSM2705036	SRR5831484	mES HiChIP H3K27ac 500k biological replicate 2	v6.5 embryonic stem cell line	Protein-enriched long-range contact; mES_HiChIP_H3K27ac_500k.hic; mES_HiChIP_H3K27ac_500k_B2.hic	Mus musculus	288,127,916	2	1	H3K27ac	MboI	1	0	fasterq		76,76	76	0	0	0	0	0	0	0	0	0	0	0	0	0	0	0	0	0	0	0	0	0	0	0	0	0	Kyra					5/16/2022				
mES_50k	Mumbach et al., 2017	GSE101498	GSM2705039	SRR5831487	mES HiChIP H3K27ac 50k biological replicate 1	v6.5 embryonic stem cell line	Protein-enriched long-range contact; mES_HiChIP_H3K27ac_50k.hic; mES_HiChIP_H3K27ac_50k_B1.hic	Mus musculus	230,922,500	1	1	H3K27ac	MboI	1	0	fasterq		75,75	75	0	0	0	0	0	0	0	0	0	0	0	0	0	0	0	0	0	0	0	0	0	0	0	0	0	Kyra					5/16/2022				
mES_50k	Mumbach et al., 2017	GSE101498	GSM2705040	SRR5831488	mES HiChIP H3K27ac 50k biological replicate 2	v6.5 embryonic stem cell line	Protein-enriched long-range contact; mES_HiChIP_H3K27ac_50k.hic; mES_HiChIP_H3K27ac_50k_B2.hic	Mus musculus	716,004,720	2	1	H3K27ac	MboI	1	0	fasterq		76,76	76	0	0	0	0	0	0	0	0	0	0	0	0	0	0	0	0	0	0	0	0	0	0	0	0	0	Kyra					5/16/2022				
mES_5m	Mumbach et al., 2016	GSE80820	GSM2138335	SRR3467186	HiChIP v6.5 5m technical replicate 2	v6.5 embryonic stem cell	Protein-enriched long-range contact.; Processed data file: HiChIP_mES_cohesin_all.hic	Mus musculus	300,807,974	1	2	SMC1A	MboI	1	0	fasterq		76,76	76	0	0	0	0	0	0	0	0	0	0	0	0	0	0	0	0	0	0	0	0	0	0	0	0	0	Kyra					5/16/2022				
mES_5m	Mumbach et al., 2016	GSE80820	GSM2138334	SRR3467185	HiChIP v6.5 5m technical replicate 1	v6.5 embryonic stem cell	Protein-enriched long-range contact.; Processed data file: HiChIP_mES_cohesin_all.hic	Mus musculus	192,099,734	1	1	SMC1A	MboI	1	0	fasterq		76,76	76	0	0	0	0	0	0	0	0	0	0	0	0	0	0	0	0	0	0	0	0	0	0	0	0	0	Kyra					5/16/2022				
mES_HC3C	Mumbach et al., 2019	GSE115524	GSM3424980	SRR7990662	mES HiChIP HC3C Oct4 biological replicate 1	v6.5 embryonic stem cell line	Protein-enriched long-range DNA contact; mES_HiChIP_HC3C_Oct4.hic	Mus musculus	539,264,514	1	1	Oct4	MboI	1	0	fasterq		76,76	76	0	0	0	0	0	0	0	0	0	0	0	0	0	0	0	0	0	0	0	0	0	0	0	0	0	Kyra					5/16/2022				
mES_HC3C	Mumbach et al., 2019	GSE115524	GSM3424981	SRR7990663	mES HiChIP HC3C Oct4 biological replicate 2	v6.5 embryonic stem cell line	Protein-enriched long-range DNA contact; mES_HiChIP_HC3C_Oct4.hic	Mus musculus	470,413,752	2	1	Oct4	MboI	1	0	fasterq		76,76	76	0	0	0	0	0	0	0	0	0	0	0	0	0	0	0	0	0	0	0	0	0	0	0	0	0	Kyra					5/16/2022				
mES_IAA_6h	Jiang et al., 2020	GSE145793	GSM4333047	SRR11117729	IAA_6h_H3K27Ac_HiChIP_rep1	mouse embryonic stem cells	Pol2_IAA_6h_H3K27Ac_HiChIP_downsampled_75mi_allValidPairs.hic	Mus musculus	389,449,076	1	1	H3K27ac	AluI	1	0	fasterq		150,150	150	0	0	0	0	0	0	0	0	0	0	0	0	0	0	0	0	0	0	0	0	0	0	0	0	0	Kyra					5/16/2022				
mES_IAA_6h	Jiang et al., 2020	GSE145793	GSM4333048	SRR11117728	IAA_6h_H3K27Ac_HiChIP_rep2	mouse embryonic stem cells	Pol2_IAA_6h_H3K27Ac_HiChIP_downsampled_75mi_allValidPairs.hic	Mus musculus	463,882,734	2	1	H3K27ac	AluI	1	0	fasterq		150,150	150	0	0	0	0	0	0	0	0	0	0	0	0	0	0	0	0	0	0	0	0	0	0	0	0	0	Kyra					5/16/2022				
mES_Untreated	Jiang et al., 2020	GSE145793	GSM4333045	SRR11117731	Untreated_H3K27Ac_HiChIP_rep1	mouse embryonic stem cells	Pol2_untreated_H3K27Ac_HiChIP_downsampled_75mi_allValidPairs.hic	Mus musculus	428,069,866	1	1	H3K27ac	AluI	1	0	fasterq		150,150	150	0	0	0	0	0	0	0	0	0	0	0	0	0	0	0	0	0	0	0	0	0	0	0	0	0	Kyra					5/16/2022				
mES_Untreated	Jiang et al., 2020	GSE145793	GSM4333046	SRR11117730	Untreated_H3K27Ac_HiChIP_rep2	mouse embryonic stem cells	Pol2_untreated_H3K27Ac_HiChIP_downsampled_75mi_allValidPairs.hic	Mus musculus	399,379,062	2	1	H3K27ac	AluI	1	0	fasterq		150,150	150	0	0	0	0	0	0	0	0	0	0	0	0	0	0	0	0	0	0	0	0	0	0	0	0	0	Kyra					5/16/2022				
mESC	Kraft et al., 2022	GSE150906	GSM4560484	SRR11816732	mESC_H3K27me3_HiChIP	mESC	H3K27me3 HiChIP library; 7B_K27ME3-TGGGTTTC-GGGCCGGT_S2_L001	Mus musculus	1,288,576,086	1	1	H3K27me3	MboI	1	0	fasterq		76,76	76	0	0	0	0	0	0	0	0	0	0	0	0	0	0	0	0	0	0	0	0	0	0	0	0	0	Kyra					6/16/2022				
mESC	Kraft et al., 2022	GSE150906	GSM4560485	SRR11816733	mESC_H3K27ac_HiChIP	mESC	H3K27ac HiChIP library; 7A_K27AC_WT-GTGTGGTG-GGGCCGGT_S1_L001	Mus musculus	1,743,502,500	1	1	H3K27ac	MboI	1	0	fasterq		76,76	76	0	0	0	0	0	0	0	0	0	0	0	0	0	0	0	0	0	0	0	0	0	0	0	0	0	Kyra					6/16/2022				
mESC_Degraded	Weintraub et al., 2017	GSE99519	GSM2645437	SRR5634335	HiChIP_K27ac_C3_YY1-degraded_24_rep1	V6.5		Mus musculus	121,207,398	1	2	H3K27ac	MboI	1	0	fasterq		50,50	50	0	0	0	0	0	0	0	0	0	0	0	0	0	0	0	0	0	0	0	0	0	0	0	0	0	Kyra					5/16/2022				
mESC_Degraded	Weintraub et al., 2017	GSE99519	GSM2645437	SRR5634336	HiChIP_K27ac_C3_YY1-degraded_24_rep1	V6.5		Mus musculus	121,207,398	1	3	H3K27ac	MboI	1	0	fasterq		50,50	50	0	0	0	0	0	0	0	0	0	0	0	0	0	0	0	0	0	0	0	0	0	0	0	0	0	Kyra					5/16/2022				
mESC_Degraded	Weintraub et al., 2017	GSE99519	GSM2645438	SRR5634338	HiChIP_K27ac_C3_YY1-degraded_24_rep2	V6.5		Mus musculus	138,779,256	2	2	H3K27ac	MboI	1	0	fasterq		50,50	50	0	0	0	0	0	0	0	0	0	0	0	0	0	0	0	0	0	0	0	0	0	0	0	0	0	Kyra					5/16/2022				
mESC_Degraded	Weintraub et al., 2017	GSE99519	GSM2645438	SRR5634339	HiChIP_K27ac_C3_YY1-degraded_24_rep2	V6.5		Mus musculus	138,779,256	2	3	H3K27ac	MboI	1	0	fasterq		50,50	50	0	0	0	0	0	0	0	0	0	0	0	0	0	0	0	0	0	0	0	0	0	0	0	0	0	Kyra					5/16/2022				
mESC_Degraded	Weintraub et al., 2017	GSE99519	GSM2645439	SRR5634341	HiChIP_K27ac_C3_YY1-degraded_24_rep3	V6.5		Mus musculus	108,026,010	3	2	H3K27ac	MboI	1	0	fasterq		50,50	50	0	0	0	0	0	0	0	0	0	0	0	0	0	0	0	0	0	0	0	0	0	0	0	0	0	Kyra					5/16/2022				
mESC_Degraded	Weintraub et al., 2017	GSE99519	GSM2645439	SRR5634342	HiChIP_K27ac_C3_YY1-degraded_24_rep3	V6.5		Mus musculus	108,026,010	3	3	H3K27ac	MboI	1	0	fasterq		50,50	50	0	0	0	0	0	0	0	0	0	0	0	0	0	0	0	0	0	0	0	0	0	0	0	0	0	Kyra					5/16/2022				
mESC_Degraded	Weintraub et al., 2017	GSE99519	GSM2645437	SRR5634334	HiChIP_K27ac_C3_YY1-degraded_24_rep1	V6.5		Mus musculus	121,207,398	1	1	H3K27ac	MboI	1	0	fasterq		100,100	50	0	0	0	0	0	0	0	0	0	0	0	0	0	0	0	0	0	0	0	0	0	0	0	0	0	Kyra					5/16/2022				
mESC_Degraded	Weintraub et al., 2017	GSE99519	GSM2645438	SRR5634337	HiChIP_K27ac_C3_YY1-degraded_24_rep2	V6.5		Mus musculus	138,779,256	2	1	H3K27ac	MboI	1	0	fasterq		100,100	50	0	0	0	0	0	0	0	0	0	0	0	0	0	0	0	0	0	0	0	0	0	0	0	0	0	Kyra					5/16/2022				
mESC_Degraded	Weintraub et al., 2017	GSE99519	GSM2645439	SRR5634340	HiChIP_K27ac_C3_YY1-degraded_24_rep3	V6.5		Mus musculus	108,026,010	3	1	H3K27ac	MboI	1	0	fasterq		100,100	50	0	0	0	0	0	0	0	0	0	0	0	0	0	0	0	0	0	0	0	0	0	0	0	0	0	Kyra					5/16/2022				
mESC_KLF4_KO	Bi et al., 2022	GSE194068	GSM5827292	SRR17681133	KLF4-KO-RNApol2-HiChIP-Rep1	Embryonic stem cells		Mus musculus	399,655,370	1	1	RNA-Pol-II	?																																					8/15/2022				
mESC_KLF4_KO	Bi et al., 2022	GSE194068	GSM5827293	SRR17681132	KLF4-KO-RNApol2-HiChIP-Rep2	Embryonic stem cells		Mus musculus	916,764,714	2	1	RNA-Pol-II	?																																					8/15/2022				
mESC_KLF4_WT	Bi et al., 2022	GSE194068	GSM5827290	SRR17681135	WT-RNApol2-HiChIP-Rep1	Embryonic stem cells		Mus musculus	463,604,744	1	1	RNA-Pol-II	?																																					8/15/2022				
mESC_KLF4_WT	Bi et al., 2022	GSE194068	GSM5827291	SRR17681134	WT-RNApol2-HiChIP-Rep2	Embryonic stem cells		Mus musculus	467,887,886	2	1	RNA-Pol-II	?																																					8/15/2022				
mESC_RYBP_KO	Wei et al., 2022	GSE147919	GSM4448892	SRR11465550	CTCF_HiChIP_Rybp-/-_rep1	mouse embryonic stem cells		Mus musculus	115,000,000	1	1	CTCF	MboI	1	0	fasterq		150,150	150	0	0	0	0	0	0	0	0	0	0	0	0	0	0	0	0	0	0	0	0	0	0	0	0	0	Kyra					8/15/2022				
mESC_RYBP_KO	Wei et al., 2022	GSE147919	GSM4448893	SRR11465551	CTCF_HiChIP_Rybp-/-_rep2	mouse embryonic stem cells		Mus musculus	133,000,000	2	1	CTCF	MboI	1	0	fasterq		150,150	150	0	0	0	0	0	0	0	0	0	0	0	0	0	0	0	0	0	0	0	0	0	0	0	0	0	Kyra					8/15/2022				
mESC_RYBP_WT	Wei et al., 2022	GSE147919	GSM4448890	SRR11465548	CTCF_HiChIP_Rybp+/+_rep1	mouse embryonic stem cells		Mus musculus	134,000,000	1	1	CTCF	MboI	1	0	fasterq		150,150	150	0	0	0	0	0	0	0	0	0	0	0	0	0	0	0	0	0	0	0	0	0	0	0	0	0	Kyra					8/15/2022				
mESC_RYBP_WT	Wei et al., 2022	GSE147919	GSM4448891	SRR11465549	CTCF_HiChIP_Rybp+/+_rep2	mouse embryonic stem cells		Mus musculus	123,000,000	2	1	CTCF	MboI	1	0	fasterq		150,150	150	0	0	0	0	0	0	0	0	0	0	0	0	0	0	0	0	0	0	0	0	0	0	0	0	0	Kyra					8/15/2022				
mESC_TR	Weintraub et al., 2017	GSE99519	GSM2774006	SRR6010267	HiChIP_mES_C3_TR_H3K27ac_rep1	HiChIP_mES_C3_TR_H3K27ac		Mus musculus	232,961,048	1	1	H3K27ac	MboI	1	0	fasterq		50,50	50	0	0	0	0	0	0	0	0	0	0	0	0	0	0	0	0	0	0	0	0	0	0	0	0	0	Kyra					5/16/2022				
mESC_TR	Weintraub et al., 2017	GSE99519	GSM2774007	SRR6010268	HiChIP_mES_C3_TR_H3K27ac_rep2	HiChIP_mES_C3_TR_H3K27ac		Mus musculus	229,286,314	2	1	H3K27ac	MboI	1	0	fasterq		50,50	50	0	0	0	0	0	0	0	0	0	0	0	0	0	0	0	0	0	0	0	0	0	0	0	0	0	Kyra					5/16/2022				
mESC_UT	Weintraub et al., 2017	GSE99519	GSM2774003	SRR6010264	HiChIP_mES_C3_UT_H3K27ac_rep1	HiChIP_mES_C3_UT_H3K27ac		Mus musculus	188,698,164	1	1	H3K27ac	MboI	1	0	fasterq		50,50	50	0	0	0	0	0	0	0	0	0	0	0	0	0	0	0	0	0	0	0	0	0	0	0	0	0	Kyra					5/16/2022				
mESC_UT	Weintraub et al., 2017	GSE99519	GSM2774004	SRR6010265	HiChIP_mES_C3_UT_H3K27ac_rep2	HiChIP_mES_C3_UT_H3K27ac		Mus musculus	168,695,642	2	1	H3K27ac	MboI	1	0	fasterq		50,50	50	0	0	0	0	0	0	0	0	0	0	0	0	0	0	0	0	0	0	0	0	0	0	0	0	0	Kyra					5/16/2022				
mESC_UT	Weintraub et al., 2017	GSE99519	GSM2774005	SRR6010266	HiChIP_mES_C3_UT_H3K27ac_rep3	HiChIP_mES_C3_UT_H3K27ac		Mus musculus	151,411,976	3	1	H3K27ac	MboI	1	0	fasterq		50,50	50	0	0	0	0	0	0	0	0	0	0	0	0	0	0	0	0	0	0	0	0	0	0	0	0	0	Kyra					5/16/2022				
mESC_WO	Weintraub et al., 2017	GSE99519	GSM2774008	SRR6010269	HiChIP_mES_C3_WO_H3K27ac_rep1	HiChIP_mES_C3_WO_H3K27ac		Mus musculus	177,567,502	1	1	H3K27ac	MboI	1	0	fasterq		50,50	50	0	0	0	0	0	0	0	0	0	0	0	0	0	0	0	0	0	0	0	0	0	0	0	0	0	Kyra					5/16/2022				
mESC_WO	Weintraub et al., 2017	GSE99519	GSM2774009	SRR6010270	HiChIP_mES_C3_WO_H3K27ac_rep2	HiChIP_mES_C3_WO_H3K27ac		Mus musculus	162,403,764	2	1	H3K27ac	MboI	1	0	fasterq		50,50	50	0	0	0	0	0	0	0	0	0	0	0	0	0	0	0	0	0	0	0	0	0	0	0	0	0	Kyra					5/16/2022				
mESC_WO	Weintraub et al., 2017	GSE99519	GSM2774010	SRR6010271	HiChIP_mES_C3_WO_H3K27ac_rep3	HiChIP_mES_C3_WO_H3K27ac		Mus musculus	158,351,612	3	1	H3K27ac	MboI	1	0	fasterq		50,50	50	0	0	0	0	0	0	0	0	0	0	0	0	0	0	0	0	0	0	0	0	0	0	0	0	0	Kyra					5/16/2022				
mESC_WT	Weintraub et al., 2017	GSE99519	GSM2645434	SRR5634326	HiChIP_K27ac_C3_WT-YY1_24_rep1	V6.5		Mus musculus	104,187,536	1	2	H3K27ac	MboI	1	0	fasterq		50,50	50	0	0	0	0	0	0	0	0	0	0	0	0	0	0	0	0	0	0	0	0	0	0	0	0	0	Kyra					5/16/2022				
mESC_WT	Weintraub et al., 2017	GSE99519	GSM2645434	SRR5634327	HiChIP_K27ac_C3_WT-YY1_24_rep1	V6.5		Mus musculus	104,187,536	1	3	H3K27ac	MboI	1	0	fasterq		50,50	50	0	0	0	0	0	0	0	0	0	0	0	0	0	0	0	0	0	0	0	0	0	0	0	0	0	Kyra					5/16/2022				
mESC_WT	Weintraub et al., 2017	GSE99519	GSM2645435	SRR5634329	HiChIP_K27ac_C3_WT-YY1_24_rep2	V6.5		Mus musculus	138,914,186	2	2	H3K27ac	MboI	1	0	fasterq		50,50	50	0	0	0	0	0	0	0	0	0	0	0	0	0	0	0	0	0	0	0	0	0	0	0	0	0	Kyra					5/16/2022				
mESC_WT	Weintraub et al., 2017	GSE99519	GSM2645435	SRR5634330	HiChIP_K27ac_C3_WT-YY1_24_rep2	V6.5		Mus musculus	138,914,186	2	3	H3K27ac	MboI	1	0	fasterq		50,50	50	0	0	0	0	0	0	0	0	0	0	0	0	0	0	0	0	0	0	0	0	0	0	0	0	0	Kyra					5/16/2022				
mESC_WT	Weintraub et al., 2017	GSE99519	GSM2645436	SRR5634332	HiChIP_K27ac_C3_WT-YY1_24_rep3	V6.5		Mus musculus	125,520,526	3	2	H3K27ac	MboI	1	0	fasterq		50,50	50	0	0	0	0	0	0	0	0	0	0	0	0	0	0	0	0	0	0	0	0	0	0	0	0	0	Kyra					5/16/2022				
mESC_WT	Weintraub et al., 2017	GSE99519	GSM2645436	SRR5634333	HiChIP_K27ac_C3_WT-YY1_24_rep3	V6.5		Mus musculus	125,520,526	3	3	H3K27ac	MboI	1	0	fasterq		50,50	50	0	0	0	0	0	0	0	0	0	0	0	0	0	0	0	0	0	0	0	0	0	0	0	0	0	Kyra					5/16/2022				
mESC_WT	Weintraub et al., 2017	GSE99519	GSM2645434	SRR5634325	HiChIP_K27ac_C3_WT-YY1_24_rep1	V6.5		Mus musculus	104,187,536	1	1	H3K27ac	MboI	1	0	fasterq		100,100	50	0	0	0	0	0	0	0	0	0	0	0	0	0	0	0	0	0	0	0	0	0	0	0	0	0	Kyra					5/16/2022				
mESC_WT	Weintraub et al., 2017	GSE99519	GSM2645435	SRR5634328	HiChIP_K27ac_C3_WT-YY1_24_rep2	V6.5		Mus musculus	138,914,186	2	1	H3K27ac	MboI	1	0	fasterq		100,100	50	0	0	0	0	0	0	0	0	0	0	0	0	0	0	0	0	0	0	0	0	0	0	0	0	0	Kyra					5/16/2022				
mESC_WT	Weintraub et al., 2017	GSE99519	GSM2645436	SRR5634331	HiChIP_K27ac_C3_WT-YY1_24_rep3	V6.5		Mus musculus	125,520,526	3	1	H3K27ac	MboI	1	0	fasterq		100,100	50	0	0	0	0	0	0	0	0	0	0	0	0	0	0	0	0	0	0	0	0	0	0	0	0	0	Kyra					5/16/2022				
Mesoderm_NoDox	Magli et al., 2019	GSE126362	GSM3597235	SRR8556546	HiChIP_Pax3_nodox	HiChIP_Pax3_nodox	Pax3_HiChIP_nodox_iPax3	Mus musculus	269,112,832	1	1	Pax3	MboI	1	0	fasterq		151,151	151	0	0	0	0	0	0	0	0	0	0	0	0	0	0	0	0	0	0	0	0	0	0	0	0	0	Kyra					5/16/2022				
MLL_AF9	Bell et al., 2019	GSE110898	GSM3018483	SRR6756804	H3K27ac HiChIP Resistant	MLL-AF9 I-BET resistant cells		Mus musculus	645,344,606	1	1	H3K27ac	MboI	1	0	fasterq		75,75	75	0	0	0	0	0	0	0	0	0	0	0	0	0	0	0	0	0	0	0	0	0	0	0	0	0	Kyra					5/16/2022				
MLL_AF9_LSD1i	Bell et al., 2019	GSE110898	GSM3018484	SRR6756805	H3K27ac HiChIP Resistant LSD1i	MLL-AF9 I-BET resistant cells		Mus musculus	705,147,916	1	1	H3K27ac	MboI	1	0	fasterq		75,75	75	0	0	0	0	0	0	0	0	0	0	0	0	0	0	0	0	0	0	0	0	0	0	0	0	0	Kyra					5/16/2022				
mOPC_Ctrl	Meijer et al., 2022	GSE166177	GSM5065198	SRR13631521	H3K27ac_HiChIP_Ctrl_mOPC_rep1	Mouse brain	replicate 1; P17103_1001; OPC_h3k27ac_hichip.hic; Ctrl_5kb_EnhancerPredictions.bedpe; Ctrl_5kb_EnhancerPredictionsFull.txt; Ctrl_5kb_EnhancerPredictions.txt	Mus musculus	271,000,000	1	1	H3K27ac	MboI	1	0	fasterq		51,51	51	0	0	0	0	0	0	0	0	0	0	0	0	0	0	0	0	0	0	0	0	0	0	0	0	0	Kyra					5/16/2022				
mOPC_Ctrl	Meijer et al., 2022	GSE166177	GSM5065200	SRR13631523	H3K27ac_HiChIP_Ctrl_mOPC_rep2	Mouse brain	replicate 2; P17103_1003; OPC_h3k27ac_hichip.hic; Ctrl_5kb_EnhancerPredictions.bedpe; Ctrl_5kb_EnhancerPredictionsFull.txt; Ctrl_5kb_EnhancerPredictions.txt	Mus musculus	170,000,000	2	1	H3K27ac	MboI	1	0	fasterq		51,51	51	0	0	0	0	0	0	0	0	0	0	0	0	0	0	0	0	0	0	0	0	0	0	0	0	0	Kyra					5/16/2022				
mOPC_Ctrl	Meijer et al., 2022	GSE166177	GSM5065202	SRR13631525	H3K27ac_HiChIP_Ctrl_mOPC_rep3	Mouse brain	replicate 3; P17103_1005; OPC_h3k27ac_hichip.hic; Ctrl_5kb_EnhancerPredictions.bedpe; Ctrl_5kb_EnhancerPredictionsFull.txt; Ctrl_5kb_EnhancerPredictions.txt	Mus musculus	157,000,000	3	1	H3K27ac	MboI	1	0	fasterq		51,51	51	0	0	0	0	0	0	0	0	0	0	0	0	0	0	0	0	0	0	0	0	0	0	0	0	0	Kyra					5/16/2022				
mOPC_IFN	Meijer et al., 2022	GSE166177	GSM5065199	SRR13631522	H3K27ac_HiChIP_IFN_mOPC_rep1	Mouse brain	replicate 1; P17103_1002; OPC_h3k27ac_hichip.hic; IFNg_5kb_EnhancerPredictions.txt; IFNg_5kb_EnhancerPredictions.bedpe; IFNg_5kb_EnhancerPredictionsFull.txt	Mus musculus	206,000,000	1	1	H3K27ac	MboI	1	0	fasterq		51,51	51	0	0	0	0	0	0	0	0	0	0	0	0	0	0	0	0	0	0	0	0	0	0	0	0	0	Kyra					5/16/2022				
mOPC_IFN	Meijer et al., 2022	GSE166177	GSM5065201	SRR13631524	H3K27ac_HiChIP_IFN_mOPC_rep2	Mouse brain	replicate 2; P17103_1004; OPC_h3k27ac_hichip.hic; IFNg_5kb_EnhancerPredictions.txt; IFNg_5kb_EnhancerPredictions.bedpe; IFNg_5kb_EnhancerPredictionsFull.txt	Mus musculus	106,000,000	2	1	H3K27ac	MboI	1	0	fasterq		51,51	51	0	0	0	0	0	0	0	0	0	0	0	0	0	0	0	0	0	0	0	0	0	0	0	0	0	Kyra					5/16/2022				
mOPC_IFN	Meijer et al., 2022	GSE166177	GSM5065203	SRR13631526	H3K27ac_HiChIP_IFN_mOPC_rep3	Mouse brain	replicate 3; P17103_1006; OPC_h3k27ac_hichip.hic; IFNg_5kb_EnhancerPredictions.txt; IFNg_5kb_EnhancerPredictions.bedpe; IFNg_5kb_EnhancerPredictionsFull.txt	Mus musculus	147,000,000	3	1	H3K27ac	MboI	1	0	fasterq		51,51	51	0	0	0	0	0	0	0	0	0	0	0	0	0	0	0	0	0	0	0	0	0	0	0	0	0	Kyra					5/16/2022				
Myogenic_Progenitors_D6	Magli et al., 2019	GSE126362	GSM3597238	SRR8556549	HiChIP_Pax3_6day_rep1	HiChIP_Pax3_6day	processed data file:  6day_plusdox.allValidPairs.hic; Pax3_HiChIP_6day_dox_iPax3_01	Mus musculus	188,645,304	1	1	Pax3	MboI	1	0	fasterq		51,51	51	0	0	0	0	0	0	0	0	0	0	0	0	0	0	0	0	0	0	0	0	0	0	0	0	0	Kyra					5/16/2022				
Myogenic_Progenitors_D6	Magli et al., 2019	GSE126362	GSM3597239	SRR8556550	HiChIP_Pax3_6day_rep2	HiChIP_Pax3_6day	processed data file:  6day_plusdox.allValidPairs.hic; Pax3_HiChIP_6day_dox_iPax3_02	Mus musculus	182,465,434	2	1	Pax3	MboI	1	0	fasterq		51,51	51	0	0	0	0	0	0	0	0	0	0	0	0	0	0	0	0	0	0	0	0	0	0	0	0	0	Kyra					5/16/2022				
NCC	Decker et al., 2021	GSE153884	GSM4658098	SRR12158531	NCC – FGFR1 HiChIP rep1	Neuronal Committed Cells	HiChIP Genomic DNA; NCC_FGFR1_HiChIP_combined.bedpe	Mus musculus	45,830,428	1	1	FGFR1	MboI	1	0	fasterq		78,78	78	0	0	0	0	0	0	0	0	0	0	0	0	0	0	0	0	0	0	0	0	0	0	0	0	0	Kyra					5/16/2022				
NCC	Decker et al., 2021	GSE153884	GSM4658099	SRR12158532	NCC – FGFR1 HiChIP rep2	Neuronal Committed Cells	HiChIP Genomic DNA; NCC_FGFR1_HiChIP_combined.bedpe	Mus musculus	89,859,492	2	1	FGFR1	MboI	1	0	fasterq		78,78	78	0	0	0	0	0	0	0	0	0	0	0	0	0	0	0	0	0	0	0	0	0	0	0	0	0	Kyra					5/16/2022				
NCC	Decker et al., 2021	GSE153884	GSM4658100	SRR12158533	NCC – CTCF HiChIP rep1	Neuronal Committed Cells	HiChIP Genomic DNA; NCC_CTCF_HiChIP_combined.bedpe	Mus musculus	22,707,870	1	1	CTCF	MboI	1	0	fasterq		78,78	78	0	0	0	0	0	0	0	0	0	0	0	0	0	0	0	0	0	0	0	0	0	0	0	0	0	Kyra					5/16/2022				
NCC	Decker et al., 2021	GSE153884	GSM4658101	SRR12158534	NCC – CTCF HiChIP rep2	Neuronal Committed Cells	HiChIP Genomic DNA; NCC_CTCF_HiChIP_combined.bedpe	Mus musculus	74,797,058	2	1	CTCF	MboI	1	0	fasterq		78,78	78	0	0	0	0	0	0	0	0	0	0	0	0	0	0	0	0	0	0	0	0	0	0	0	0	0	Kyra					5/16/2022				
NIH3T3	Xiao et al., 2019	GSE135296	GSM4002963	SRR9889945	H3K27ac_HiChIP_NIH3T3_1	NIH3T3 cells grown in vitro	K27ac_3T3_Ctrl_3.interaction.txt.gz	Mus musculus	276,857,758	1	1	H3K27ac	MboI	1	0	fasterq		75,75	75	0	0	0	0	0	0	0	0	0	0	0	0	0	0	0	0	0	0	0	0	0	0	0	0	0	Kyra					5/16/2022				
NIH3T3	Xiao et al., 2019	GSE135296	GSM4002964	SRR9889946	H3K27ac_HiChIP_NIH3T3_2	NIH3T3 cells grown in vitro	K27ac_3T3_Ctrl_3.interaction.txt.gz	Mus musculus	398,657,516	2	1	H3K27ac	MboI	1	0	fasterq		75,75	75	0	0	0	0	0	0	0	0	0	0	0	0	0	0	0	0	0	0	0	0	0	0	0	0	0	Kyra					5/16/2022				
NOD_CD4_CD8	Fasolino et al., 2020	GSE141847	GSM4214155	SRR10669675	HiChIP_Smc1_DP_NOD_Rep1B_1T	CD4+ CD8+ thymocytes		Mus musculus	724,996,722	1	1	SMC1A	MboI	1	0	fasterq		38,38	38	0	0	0	0	0	0	0	0	0	0	0	0	0	0	0	0	0	0	0	0	0	0	0	0	0	Kyra					5/16/2022				
NOD_CD4_CD8	Fasolino et al., 2020	GSE141847	GSM4214156	SRR10669676	HiChIP_Smc1_DP_NOD_Rep1B_2T	CD4+ CD8+ thymocytes		Mus musculus	990,710,404	2	1	SMC1A	MboI	1	0	fasterq		38,38	38	0	0	0	0	0	0	0	0	0	0	0	0	0	0	0	0	0	0	0	0	0	0	0	0	0	Kyra					5/16/2022				
NOD_CD4_CD8	Fasolino et al., 2020	GSE141847	GSM4214160	SRR10669680	HiChIP_Smc1_DP_NOD_Rep1B	CD4+ CD8+ thymocytes		Mus musculus	785,699,794	1	1	H3K27ac	MboI	1	0	fasterq		38,38	38	0	0	0	0	0	0	0	0	0	0	0	0	0	0	0	0	0	0	0	0	0	0	0	0	0	Kyra					5/16/2022				
NOD_CD4_CD8	Fasolino et al., 2020	GSE141847	GSM4214161	SRR10669681	HiChIP_Smc1_DP_NOD_Rep2B	CD4+ CD8+ thymocytes		Mus musculus	934,875,426	2	1	H3K27ac	MboI	1	0	fasterq		38,38	38	0	0	0	0	0	0	0	0	0	0	0	0	0	0	0	0	0	0	0	0	0	0	0	0	0	Kyra					5/16/2022				
OPC	Bartosovic et al., 2021	GSE157666	GSM4773063	SRR12610296	P17103_1001	Mouse brain	replicate 1	Mus musculus	271,175,708	1	1	H3K27ac	MboI	1	0	fasterq		51,51	51	0	0	0	0	0	0	0	0	0	0	0	0	0	0	0	0	0	0	0	0	0	0	0	0	0	Kyra					5/16/2022				
OPC	Bartosovic et al., 2021	GSE157666	GSM4773064	SRR12610297	P17103_1003	Mouse brain	replicate 2	Mus musculus	170,481,940	2	1	H3K27ac	MboI	1	0	fasterq		51,51	51	0	0	0	0	0	0	0	0	0	0	0	0	0	0	0	0	0	0	0	0	0	0	0	0	0	Kyra					5/16/2022				
OPC	Bartosovic et al., 2021	GSE157666	GSM4773065	SRR12610298	P17103_1005	Mouse brain	replicate 3	Mus musculus	157,411,926	3	1	H3K27ac	MboI	1	0	fasterq		51,51	51	0	0	0	0	0	0	0	0	0	0	0	0	0	0	0	0	0	0	0	0	0	0	0	0	0	Kyra					5/16/2022				
P14_CD8	Tsao et al., 2022	GSE192387	GSM5746143	SRR17296605	HiChIP_TCell_Batf	P14 CD8+ T Cells	HiChIP with BATF antibody on P14 CD8+ T Cells	Mus musculus	442,604,476	1	1	BATF	MboI	1	0	fasterq		37,37	37	0	0	0	0	0	0	0	0	0	0	0	0	0	0	0	0	0	0	0	0	0	0	0	0	0	Kyra					5/16/2022				
P14_CD8	Tsao et al., 2022	GSE192387	GSM5746144	SRR17296606	HiChIP_TCell_Ctcf	P14 CD8+ T Cells	HiChIP with CTCF antibody on P14 CD8+ T Cells	Mus musculus	502,386,740	1	1	CTCF	MboI	1	0	fasterq		37,37	37	0	0	0	0	0	0	0	0	0	0	0	0	0	0	0	0	0	0	0	0	0	0	0	0	0	Kyra					5/16/2022				
Paraxial_Mesoderm_Precursors_D1	Magli et al., 2019	GSE126362	GSM3597236	SRR8556547	HiChIP_Pax3_1day_rep1	HiChIP_Pax3_1day	processed data file:  1day_plusdox.allValidPairs.hic; Pax3_HiChIP_1day_dox_iPax3_01	Mus musculus	179,312,966	1	1	Pax3	MboI	1	0	fasterq		51,51	51	0	0	0	0	0	0	0	0	0	0	0	0	0	0	0	0	0	0	0	0	0	0	0	0	0	Kyra					5/16/2022				
Paraxial_Mesoderm_Precursors_D1	Magli et al., 2019	GSE126362	GSM3597237	SRR8556548	HiChIP_Pax3_1day_rep2	HiChIP_Pax3_1day	processed data file:  1day_plusdox.allValidPairs.hic; Pax3_HiChIP_1day_dox_iPax3_02	Mus musculus	205,860,438	2	1	Pax3	MboI	1	0	fasterq		151,151	151	0	0	0	0	0	0	0	0	0	0	0	0	0	0	0	0	0	0	0	0	0	0	0	0	0	Kyra					5/16/2022				
shCtrl_D6	Magli et al., 2019	GSE126362	GSM3597240	SRR8556551	HiChIP_Pax3_6day_shCtrl_rep1	HiChIP_Pax3_6day_shCtrl	processed data file:  6day_shSCR.allValidPairs.hic; Pax3_HiChIP_6day_dox_iPax3_shCtrl_01	Mus musculus	293,620,236	1	1	Pax3	MboI	1	0	fasterq		151,151	151	0	0	0	0	0	0	0	0	0	0	0	0	0	0	0	0	0	0	0	0	0	0	0	0	0	Kyra					5/16/2022				
shCtrl_D6	Magli et al., 2019	GSE126362	GSM3597241	SRR8556552	HiChIP_Pax3_6day_shCtrl_rep2	HiChIP_Pax3_6day_shCtrl	processed data file:  6day_shSCR.allValidPairs.hic; Pax3_HiChIP_6day_dox_iPax3_shCtrl_02	Mus musculus	209,429,826	2	1	Pax3	MboI	1	0	fasterq		151,151	151	0	0	0	0	0	0	0	0	0	0	0	0	0	0	0	0	0	0	0	0	0	0	0	0	0	Kyra					5/16/2022				
shLdb1_D6	Magli et al., 2019	GSE126362	GSM3597242	SRR8556553	HiChIP_Pax3_6day_shLdb1_rep1	HiChIP_Pax3_6day_shLdb1	processed data file:  6day_shLdb1.allValidPairs.hic; Pax3_HiChIP_6day_dox_iPax3_shLdb1_01	Mus musculus	204,550,864	1	1	Pax3	MboI	1	0	fasterq		151,151	151	0	0	0	0	0	0	0	0	0	0	0	0	0	0	0	0	0	0	0	0	0	0	0	0	0	Kyra					5/16/2022				
shLdb1_D6	Magli et al., 2019	GSE126362	GSM3597243	SRR8556554	HiChIP_Pax3_6day_shLdb1_rep2	HiChIP_Pax3_6day_shLdb1	processed data file:  6day_shLdb1.allValidPairs.hic; Pax3_HiChIP_6day_dox_iPax3_shLdb1_02	Mus musculus	288,784,466	2	1	Pax3	MboI	1	0	fasterq		151,151	151	0	0	0	0	0	0	0	0	0	0	0	0	0	0	0	0	0	0	0	0	0	0	0	0	0	Kyra					5/16/2022				
Tconv	Ramirez et al., 2022	GSE189442	GSM5701994	SRR17021169	H3K27Ac.HiChIP.Tconv#1	spleen		Mus musculus	266,132,870	1	1	H3K27ac	MboI	1	0	fasterq		41,41	41	0	0	0	0	0	0	0	0	0	0	0	0	0	0	0	0	0	0	0	0	0	0	0	0	0	Kyra					5/16/2022				
Tconv	Ramirez et al., 2022	GSE189442	GSM5701995	SRR17021170	H3K27Ac.HiChIP.Tconv#2	spleen		Mus musculus	229,432,450	2	1	H3K27ac	MboI	1	0	fasterq		41,41	41	0	0	0	0	0	0	0	0	0	0	0	0	0	0	0	0	0	0	0	0	0	0	0	0	0	Kyra					5/16/2022				
Tconv	Ramirez et al., 2022	GSE189442	GSM5702005	SRR17021180	IgG.HiChIP.Tcon	spleen		Mus musculus	16,656,138	1	1	IgG	MboI	1	0	fasterq		41,41	41	0	0	0	0	0	0	0	0	0	0	0	0	0	0	0	0	0	0	0	0	0	0	0	0	0	Kyra					5/16/2022				
TKO_0H	Giammartino et al., 2019	GSE113339	GSM3714977	SRR8874671	TKO-0h H3K27ac rep1	Embryonic stem cells	TKO-0h-H3K27ac_high-confidence_interactions.tsv; HiChIP	Mus musculus	326,534,010	1	1	H3K27ac	MboI	1	0	fasterq		51,51	51	0	0	0	0	0	0	0	0	0	0	0	0	0	0	0	0	0	0	0	0	0	0	0	0	0	Kyra					5/16/2022				
TKO_0H	Giammartino et al., 2019	GSE113339	GSM3714978	SRR8874673	TKO-0h H3K27ac rep2	Embryonic stem cells	TKO-0h-H3K27ac_high-confidence_interactions.tsv; HiChIP	Mus musculus	243,058,092	2	1	H3K27ac	MboI	1	0	fasterq		51,51	51	0	0	0	0	0	0	0	0	0	0	0	0	0	0	0	0	0	0	0	0	0	0	0	0	0	Kyra					5/16/2022				
TKO_0H	Giammartino et al., 2019	GSE113339	GSM3714979	SRR8874675	TKO-0h H3K27ac rep3	Embryonic stem cells	TKO-0h-H3K27ac_high-confidence_interactions.tsv; HiChIP	Mus musculus	234,117,040	3	1	H3K27ac	MboI	1	0	fasterq		51,51	51	0	0	0	0	0	0	0	0	0	0	0	0	0	0	0	0	0	0	0	0	0	0	0	0	0	Kyra					5/16/2022				
TKO_0H	Giammartino et al., 2019	GSE113339	GSM3714977	SRR8874672	TKO-0h H3K27ac rep1	Embryonic stem cells	TKO-0h-H3K27ac_high-confidence_interactions.tsv; HiChIP	Mus musculus	326,534,010	1	2	H3K27ac	MboI	1	0	fasterq		51,51	51	0	0	0	0	0	0	0	0	0	0	0	0	0	0	0	0	0	0	0	0	0	0	0	0	0	Kyra					5/16/2022				
TKO_0H	Giammartino et al., 2019	GSE113339	GSM3714978	SRR8874674	TKO-0h H3K27ac rep2	Embryonic stem cells	TKO-0h-H3K27ac_high-confidence_interactions.tsv; HiChIP	Mus musculus	243,058,092	2	2	H3K27ac	MboI	1	0	fasterq		51,51	51	0	0	0	0	0	0	0	0	0	0	0	0	0	0	0	0	0	0	0	0	0	0	0	0	0	Kyra					5/16/2022				
TKO_0H	Giammartino et al., 2019	GSE113339	GSM3714979	SRR8874676	TKO-0h H3K27ac rep3	Embryonic stem cells	TKO-0h-H3K27ac_high-confidence_interactions.tsv; HiChIP	Mus musculus	234,117,040	3	2	H3K27ac	MboI	1	0	fasterq		51,51	51	0	0	0	0	0	0	0	0	0	0	0	0	0	0	0	0	0	0	0	0	0	0	0	0	0	Kyra					5/16/2022				
TKO_24H	Giammartino et al., 2019	GSE113339	GSM3714980	SRR8874677	TKO-24h H3K27ac rep1	Embryonic stem cells	TKO-24h-H3K27ac_high-confidence_interactions.tsv; HiChIP	Mus musculus	188,169,214	1	1	H3K27ac	MboI	1	0	fasterq		51,51	51	0	0	0	0	0	0	0	0	0	0	0	0	0	0	0	0	0	0	0	0	0	0	0	0	0	Kyra					5/16/2022				
TKO_24H	Giammartino et al., 2019	GSE113339	GSM3714981	SRR8874679	TKO-24h H3K27ac rep2	Embryonic stem cells	TKO-24h-H3K27ac_high-confidence_interactions.tsv; HiChIP	Mus musculus	293,457,072	2	1	H3K27ac	MboI	1	0	fasterq		51,51	51	0	0	0	0	0	0	0	0	0	0	0	0	0	0	0	0	0	0	0	0	0	0	0	0	0	Kyra					5/16/2022				
TKO_24H	Giammartino et al., 2019	GSE113339	GSM3714982	SRR8874681	TKO-24h H3K27ac rep3	Embryonic stem cells	TKO-24h-H3K27ac_high-confidence_interactions.tsv; HiChIP	Mus musculus	219,958,138	3	1	H3K27ac	MboI	1	0	fasterq		51,51	51	0	0	0	0	0	0	0	0	0	0	0	0	0	0	0	0	0	0	0	0	0	0	0	0	0	Kyra					5/16/2022				
TKO_24H	Giammartino et al., 2019	GSE113339	GSM3714980	SRR8874678	TKO-24h H3K27ac rep1	Embryonic stem cells	TKO-24h-H3K27ac_high-confidence_interactions.tsv; HiChIP	Mus musculus	188,169,214	1	2	H3K27ac	MboI	1	0	fasterq		51,51	51	0	0	0	0	0	0	0	0	0	0	0	0	0	0	0	0	0	0	0	0	0	0	0	0	0	Kyra					5/16/2022				
TKO_24H	Giammartino et al., 2019	GSE113339	GSM3714981	SRR8874680	TKO-24h H3K27ac rep2	Embryonic stem cells	TKO-24h-H3K27ac_high-confidence_interactions.tsv; HiChIP	Mus musculus	293,457,072	2	2	H3K27ac	MboI	1	0	fasterq		51,51	51	0	0	0	0	0	0	0	0	0	0	0	0	0	0	0	0	0	0	0	0	0	0	0	0	0	Kyra					5/16/2022				
TKO_24H	Giammartino et al., 2019	GSE113339	GSM3714982	SRR8874682	TKO-24h H3K27ac rep3	Embryonic stem cells	TKO-24h-H3K27ac_high-confidence_interactions.tsv; HiChIP	Mus musculus	219,958,138	3	2	H3K27ac	MboI	1	0	fasterq		51,51	51	0	0	0	0	0	0	0	0	0	0	0	0	0	0	0	0	0	0	0	0	0	0	0	0	0	Kyra					5/16/2022				
Treg	Ramirez et al., 2022	GSE189442	GSM5701992	SRR17021167	H3K27Ac.HiChIP.Treg#1	spleen		Mus musculus	344,624,508	1	1	H3K27ac	MboI	1	0	fasterq		41,41	41	0	0	0	0	0	0	0	0	0	0	0	0	0	0	0	0	0	0	0	0	0	0	0	0	0	Kyra					5/16/2022				
Treg	Ramirez et al., 2022	GSE189442	GSM5701993	SRR17021168	H3K27Ac.HiChIP.Treg#2	spleen		Mus musculus	280,399,794	2	1	H3K27ac	MboI	1	0	fasterq		41,41	41	0	0	0	0	0	0	0	0	0	0	0	0	0	0	0	0	0	0	0	0	0	0	0	0	0	Kyra					5/16/2022				
Treg	Ramirez et al., 2022	GSE189442	GSM5702000	SRR17021175	FoxP3.HiChIP.Treg#1	spleen		Mus musculus	106,748,388	1	1	FoxP3	MboI	1	0	fasterq		41,41	41	0	0	0	0	0	0	0	0	0	0	0	0	0	0	0	0	0	0	0	0	0	0	0	0	0	Kyra					5/16/2022				
Treg	Ramirez et al., 2022	GSE189442	GSM5702001	SRR17021176	FoxP3.HiChIP.Treg#2	spleen		Mus musculus	103,748,592	2	1	FoxP3	MboI	1	0	fasterq		41,41	41	0	0	0	0	0	0	0	0	0	0	0	0	0	0	0	0	0	0	0	0	0	0	0	0	0	Kyra					5/16/2022				
Treg	Ramirez et al., 2022	GSE189442	GSM5702002	SRR17021177	Yy1.HiChIP.Treg#1	spleen		Mus musculus	75,018,648	1	1	YY1	MboI	1	0	fasterq		41,41	41	0	0	0	0	0	0	0	0	0	0	0	0	0	0	0	0	0	0	0	0	0	0	0	0	0	Kyra					5/16/2022				
Treg	Ramirez et al., 2022	GSE189442	GSM5702003	SRR17021178	Yy.HiChIP.Treg#2	spleen		Mus musculus	61,763,804	2	1	YY1	MboI	1	0	fasterq		41,41	41	0	0	0	0	0	0	0	0	0	0	0	0	0	0	0	0	0	0	0	0	0	0	0	0	0	Kyra					5/16/2022				
Treg	Ramirez et al., 2022	GSE189442	GSM5702004	SRR17021179	IgG.HiChIP.Treg	spleen		Mus musculus	28,496,854	1	1	IgG	MboI	1	0	fasterq		41,41	41	0	0	0	0	0	0	0	0	0	0	0	0	0	0	0	0	0	0	0	0	0	0	0	0	0	Kyra					5/16/2022				
Treg_KOGFP	Ramirez et al., 2022	GSE189442	GSM5701998	SRR17021173	H3K27Ac.HiChIP.KOGFP#1	spleen		Mus musculus	199,188,872	1	1	H3K27ac	MboI	1	0	fasterq		42,42	42	0	0	0	0	0	0	0	0	0	0	0	0	0	0	0	0	0	0	0	0	0	0	0	0	0	Kyra					5/16/2022				
Treg_KOGFP	Ramirez et al., 2022	GSE189442	GSM5701999	SRR17021174	H3K27Ac.HiChIP.KOGFP#2	spleen		Mus musculus	216,866,964	2	1	H3K27ac	MboI	1	0	fasterq		42,42	42	0	0	0	0	0	0	0	0	0	0	0	0	0	0	0	0	0	0	0	0	0	0	0	0	0	Kyra					5/16/2022				
Treg_MT	Van Gool et al., 2019	GSE112176	GSM3059351	SRR6876292	Treg_MT HiChIP H3K27ac biological replicate 1	Treg transgene		Mus musculus	464,541,404	1	1	H3K27ac	MboI	1	0	fasterq		76,76	76	0	0	0	0	0	0	0	0	0	0	0	0	0	0	0	0	0	0	0	0	0	0	0	0	0	Kyra					5/16/2022				
Treg_MT	Van Gool et al., 2019	GSE112176	GSM3059352	SRR6876293	Treg_MT HiChIP H3K27ac biological replicate 2	Treg transgene		Mus musculus	592,960,876	2	1	H3K27ac	MboI	1	0	fasterq		76,76	76	0	0	0	0	0	0	0	0	0	0	0	0	0	0	0	0	0	0	0	0	0	0	0	0	0	Kyra					5/16/2022				
Treg_WT	Van Gool et al., 2019	GSE112176	GSM3059349	SRR6876290	Treg_WT HiChIP H3K27ac biological replicate 1	Treg wild-type		Mus musculus	643,811,316	1	1	H3K27ac	MboI	1	0	fasterq		76,76	76	0	0	0	0	0	0	0	0	0	0	0	0	0	0	0	0	0	0	0	0	0	0	0	0	0	Kyra					5/16/2022				
Treg_WT	Van Gool et al., 2019	GSE112176	GSM3059350	SRR6876291	Treg_WT HiChIP H3K27ac biological replicate 2	Treg wild-type		Mus musculus	566,730,412	2	1	H3K27ac	MboI	1	0	fasterq		76,76	76	0	0	0	0	0	0	0	0	0	0	0	0	0	0	0	0	0	0	0	0	0	0	0	0	0	Kyra					5/16/2022				
Treg_WTGFP	Ramirez et al., 2022	GSE189442	GSM5701996	SRR17021171	H3K27Ac.HiChIP.WTGFP#1	spleen		Mus musculus	242,762,982	1	1	H3K27ac	MboI	1	0	fasterq		42,42	42	0	0	0	0	0	0	0	0	0	0	0	0	0	0	0	0	0	0	0	0	0	0	0	0	0	Kyra					5/16/2022				
Treg_WTGFP	Ramirez et al., 2022	GSE189442	GSM5701997	SRR17021172	H3K27Ac.HiChIP.WTGFP#2	spleen		Mus musculus	278,964,106	2	1	H3K27ac	MboI	1	0	fasterq		42,42	42	0	0	0	0	0	0	0	0	0	0	0	0	0	0	0	0	0	0	0	0	0	0	0	0	0	Kyra					5/16/2022				
Villus	Chen et al., 2021	GSE148691	GSM4476739	SRR11548368	H3K4me3_HiChIP_WT_Villus_rep1	WT adult duodenal villus cells	H3K4me3_HiChIP_WT_Villus_CombinedReplicates.interactions.all.mango	Mus musculus	159,174,142	1	1	H3K4me3	MboI	1	0	fasterq		76,76	76	0	0	0	0	0	0	0	0	0	0	0	0	0	0	0	0	0	0	0	0	0	0	0	0	0	Kyra					5/16/2022				
Villus	Chen et al., 2021	GSE148691	GSM4476740	SRR11548369	H3K4me3_HiChIP_WT_Villus_rep2	WT adult duodenal villus cells	H3K4me3_HiChIP_WT_Villus_CombinedReplicates.interactions.all.mango	Mus musculus	121,415,072	1	2	H3K4me3	MboI	1	0	fasterq		76,76	76	0	0	0	0	0	0	0	0	0	0	0	0	0	0	0	0	0	0	0	0	0	0	0	0	0	Kyra					5/16/2022				
Villus_Hnf4DKO	Chen et al., 2021	GSE148691	GSM4476743	SRR11548372	H3K4me3_HiChIP_Hnf4DKO_Villus_rep1	Hnf4DKO adult duodenal villus cells	H3K4me3_HiChIP_Hnf4DKO_Villus_CombinedReplicates.interactions.all.mango	Mus musculus	104,663,328	1	1	H3K4me3	MboI	1	0	fasterq		76,76	76	0	0	0	0	0	0	0	0	0	0	0	0	0	0	0	0	0	0	0	0	0	0	0	0	0	Kyra					5/16/2022				
Villus_Hnf4DKO	Chen et al., 2021	GSE148691	GSM4476744	SRR11548373	H3K4me3_HiChIP_Hnf4DKO_Villus_rep2	Hnf4DKO adult duodenal villus cells	H3K4me3_HiChIP_Hnf4DKO_Villus_CombinedReplicates.interactions.all.mango	Mus musculus	124,560,546	1	2	H3K4me3	MboI	1	0	fasterq		76,76	76	0	0	0	0	0	0	0	0	0	0	0	0	0	0	0	0	0	0	0	0	0	0	0	0	0	Kyra					5/16/2022				