293T.GSE128106.Homo_Sapiens.HindIII.b1	CVCL_0063	GSE128106	Homo_Sapiens	1	YY1	HindIII	293T
293T-PDS.GSE128106.Homo_Sapiens.HindIII.b1	CVCL_0063	GSE128106	Homo_Sapiens	1	YY1	HindIII	293T-PDS
293T-TMPYP4.GSE128106.Homo_Sapiens.HindIII.b1	CVCL_0063	GSE128106	Homo_Sapiens	1	YY1	HindIII	293T-TMPYP4
A673_SA1m1.GSE133227.Homo_Sapiens.MboI.b1	CVCL_0080	GSE133227	Homo_Sapiens	1	CTCF	MboI	A673_SA1m1
A673_SA1m1.GSE133227.Homo_Sapiens.MboI.b2	CVCL_0080	GSE133227	Homo_Sapiens	2	CTCF	MboI	A673_SA1m1
A673_SA2m1.GSE133227.Homo_Sapiens.MboI.b1	CVCL_0080	GSE133227	Homo_Sapiens	1	CTCF	MboI	A673_SA2m1
A673_SA2m1.GSE133227.Homo_Sapiens.MboI.b2	CVCL_0080	GSE133227	Homo_Sapiens	2	CTCF	MboI	A673_SA2m1
A673_SA2m1.GSE133227.Homo_Sapiens.MboI.b3	CVCL_0080	GSE133227	Homo_Sapiens	3	CTCF	MboI	A673_SA2m1
A673_SA2m1.GSE133227.Homo_Sapiens.MboI.b4	CVCL_0080	GSE133227	Homo_Sapiens	4	CTCF	MboI	A673_SA2m1
A673_SA2m1.GSE133227.Homo_Sapiens.MboI.b5	CVCL_0080	GSE133227	Homo_Sapiens	5	CTCF	MboI	A673_SA2m1
A673_SA2m1.GSE133227.Homo_Sapiens.MboI.b1	CVCL_0080	GSE133227	Homo_Sapiens	1	H3K27ac	MboI	A673_SA2m1
A673_SA2m1.GSE133227.Homo_Sapiens.MboI.b2	CVCL_0080	GSE133227	Homo_Sapiens	2	H3K27ac	MboI	A673_SA2m1
A673_SA2m1.GSE133227.Homo_Sapiens.MboI.b3	CVCL_0080	GSE133227	Homo_Sapiens	3	H3K27ac	MboI	A673_SA2m1
A673_SA2r.GSE133227.Homo_Sapiens.MboI.b1	CVCL_0080	GSE133227	Homo_Sapiens	1	CTCF	MboI	A673_SA2r
A673_SA2r.GSE133227.Homo_Sapiens.MboI.b2	CVCL_0080	GSE133227	Homo_Sapiens	2	CTCF	MboI	A673_SA2r
A673_SA2r.GSE133227.Homo_Sapiens.MboI.b3	CVCL_0080	GSE133227	Homo_Sapiens	3	CTCF	MboI	A673_SA2r
A673_SA2r.GSE133227.Homo_Sapiens.MboI.b1	CVCL_0080	GSE133227	Homo_Sapiens	1	H3K27ac	MboI	A673_SA2r
A673_SA2r.GSE133227.Homo_Sapiens.MboI.b2	CVCL_0080	GSE133227	Homo_Sapiens	2	H3K27ac	MboI	A673_SA2r
A673_SA2r.GSE133227.Homo_Sapiens.MboI.b3	CVCL_0080	GSE133227	Homo_Sapiens	3	H3K27ac	MboI	A673_SA2r
A673_SA2r.GSE133227.Homo_Sapiens.MboI.b4	CVCL_0080	GSE133227	Homo_Sapiens	4	H3K27ac	MboI	A673_SA2r
A673_SA2r.GSE133227.Homo_Sapiens.MboI.b5	CVCL_0080	GSE133227	Homo_Sapiens	5	H3K27ac	MboI	A673_SA2r
A673_WT.GSE133227.Homo_Sapiens.MboI.b1	CVCL_0080	GSE133227	Homo_Sapiens	1	CTCF	MboI	A673_WT
A673_WT.GSE133227.Homo_Sapiens.MboI.b2	CVCL_0080	GSE133227	Homo_Sapiens	2	CTCF	MboI	A673_WT
A673_WT.GSE133227.Homo_Sapiens.MboI.b3	CVCL_0080	GSE133227	Homo_Sapiens	3	CTCF	MboI	A673_WT
A673_WT.GSE133227.Homo_Sapiens.MboI.b4	CVCL_0080	GSE133227	Homo_Sapiens	4	CTCF	MboI	A673_WT
A673_WT.GSE133227.Homo_Sapiens.MboI.b5	CVCL_0080	GSE133227	Homo_Sapiens	5	CTCF	MboI	A673_WT
A673_WT.GSE133227.Homo_Sapiens.MboI.b1	CVCL_0080	GSE133227	Homo_Sapiens	1	H3K27ac	MboI	A673_WT
A673_WT.GSE133227.Homo_Sapiens.MboI.b2	CVCL_0080	GSE133227	Homo_Sapiens	2	H3K27ac	MboI	A673_WT
A673_WT.GSE133227.Homo_Sapiens.MboI.b3	CVCL_0080	GSE133227	Homo_Sapiens	3	H3K27ac	MboI	A673_WT
A673_WT.GSE133227.Homo_Sapiens.MboI.b4	CVCL_0080	GSE133227	Homo_Sapiens	4	H3K27ac	MboI	A673_WT
A673-siCT-Dh1-72h-D347-D362.GSE156650.Homo_Sapiens.MboI.b1	CVCL_0080	GSE156650	Homo_Sapiens	1	CTCF	MboI	A673-siCT-Dh1-72h-D347-D362
A673-siCT-Dh1-72h-D347-D362.GSE156650.Homo_Sapiens.MboI.b2	CVCL_0080	GSE156650	Homo_Sapiens	2	CTCF	MboI	A673-siCT-Dh1-72h-D347-D362
A673-siSA2-Dh6-72h-D347-D362.GSE156650.Homo_Sapiens.MboI.b1	CVCL_0080	GSE156650	Homo_Sapiens	1	CTCF	MboI	A673-siSA2-Dh6-72h-D347-D362
A673-siSA2-Dh6-72h-D347-D362.GSE156650.Homo_Sapiens.MboI.b2	CVCL_0080	GSE156650	Homo_Sapiens	2	CTCF	MboI	A673-siSA2-Dh6-72h-D347-D362
A673-siSA2-Dh8-72h-D347-D362.GSE156650.Homo_Sapiens.MboI.b1	CVCL_0080	GSE156650	Homo_Sapiens	1	CTCF	MboI	A673-siSA2-Dh8-72h-D347-D362
A673-siSA2-Dh8-72h-D347-D362.GSE156650.Homo_Sapiens.MboI.b2	CVCL_0080	GSE156650	Homo_Sapiens	2	CTCF	MboI	A673-siSA2-Dh8-72h-D347-D362
Aortic-VIC.GSE154513.Homo_Sapiens.MboI.b1		GSE154513	Homo_Sapiens	1	H3K27ac	MboI	Aortic-VIC
AoSMC.GSE178598.Homo_Sapiens.MboI.b1		GSE178598	Homo_Sapiens	1	H3K27ac	MboI	AoSMC
ARK-1.GSE137936.Homo_Sapiens.DpnII.b1	CVCL_IV72	GSE137936	Homo_Sapiens	1	H3K27ac	DpnII	ARK-1
BC1.GSE136090.Homo_Sapiens.MboI.b1	CVCL_1079	GSE136090	Homo_Sapiens	1	H3K27ac	MboI	BC1
BC3.GSE136090.Homo_Sapiens.MboI.b1	CVCL_1080	GSE136090	Homo_Sapiens	1	H3K27ac	MboI	BC3
BCBL1.GSE136090.Homo_Sapiens.MboI.b1	CVCL_0165	GSE136090	Homo_Sapiens	1	H3K27ac	MboI	BCBL1
CAR-T-CD19-D10.GSE168881.Homo_Sapiens.MboI.b1		GSE168881	Homo_Sapiens	1	H3K27ac	MboI	CAR-T-CD19-D10
CAR-T-CD19-D10.GSE168881.Homo_Sapiens.MboI.b2		GSE168881	Homo_Sapiens	2	H3K27ac	MboI	CAR-T-CD19-D10
CAR-T-HA-D10.GSE168881.Homo_Sapiens.MboI.b1		GSE168881	Homo_Sapiens	1	H3K27ac	MboI	CAR-T-HA-D10
CAR-T-HA-D10.GSE168881.Homo_Sapiens.MboI.b2		GSE168881	Homo_Sapiens	2	H3K27ac	MboI	CAR-T-HA-D10
Caudate.GSE147672.Homo_Sapiens.MboI.b1		GSE147672	Homo_Sapiens	1	H3K27ac	MboI	Caudate
Caudate.GSE147672.Homo_Sapiens.MboI.b2		GSE147672	Homo_Sapiens	2	H3K27ac	MboI	Caudate
cbCD34+-HSPC-SJALL068279-D1.GSE165207.Homo_Sapiens.Arima.b1		GSE165207	Homo_Sapiens	1	H3K27ac	Arima	cbCD34+-HSPC-SJALL068279-D1
cbCD34+-HSPC-SJAUL068292-D1.GSE165207.Homo_Sapiens.Arima.b1		GSE165207	Homo_Sapiens	1	H3K27ac	Arima	cbCD34+-HSPC-SJAUL068292-D1
cbCD34+-HSPC-SJMPAL011911-D1.GSE165207.Homo_Sapiens.Arima.b1		GSE165207	Homo_Sapiens	1	H3K27ac	Arima	cbCD34+-HSPC-SJMPAL011911-D1
cbCD34+-HSPC-SJMPAL011914-D1.GSE165207.Homo_Sapiens.Arima.b1		GSE165207	Homo_Sapiens	1	H3K27ac	Arima	cbCD34+-HSPC-SJMPAL011914-D1
cbCD34+-HSPC-SJTALL005006-D2.GSE165207.Homo_Sapiens.Arima.b1		GSE165207	Homo_Sapiens	1	H3K27ac	Arima	cbCD34+-HSPC-SJTALL005006-D2
CD34+-Cord-Blood.GSE165207.Homo_Sapiens.Arima.b1		GSE165207	Homo_Sapiens	1	H3K27ac	Arima	CD34+-Cord-Blood
CD4_Naive_1800-RH-1.phs001703v3p1.Homo_Sapiens.MboI.b1		phs001703v3p1	Homo_Sapiens	1	H3K27ac	MboI	CD4_Naive_1800-RH-1
CD4_Naive_1800-RH-1.phs001703v3p1.Homo_Sapiens.MboI.b2		phs001703v3p1	Homo_Sapiens	2	H3K27ac	MboI	CD4_Naive_1800-RH-1
CD4_Naive_1800-RH-1.phs001703v3p1.Homo_Sapiens.MboI.b3		phs001703v3p1	Homo_Sapiens	3	H3K27ac	MboI	CD4_Naive_1800-RH-1
CD4_Naive_1814-RH-1.phs001703v3p1.Homo_Sapiens.MboI.b1		phs001703v3p1	Homo_Sapiens	1	H3K27ac	MboI	CD4_Naive_1814-RH-1
CD4_Naive_1814-RH-1.phs001703v3p1.Homo_Sapiens.MboI.b2		phs001703v3p1	Homo_Sapiens	2	H3K27ac	MboI	CD4_Naive_1814-RH-1
CD4_Naive_1814-RH-1.phs001703v3p1.Homo_Sapiens.MboI.b3		phs001703v3p1	Homo_Sapiens	3	H3K27ac	MboI	CD4_Naive_1814-RH-1
CD4_Naive_1815-RH-1.phs001703v3p1.Homo_Sapiens.MboI.b1		phs001703v3p1	Homo_Sapiens	1	H3K27ac	MboI	CD4_Naive_1815-RH-1
CD4_Naive_1815-RH-1.phs001703v3p1.Homo_Sapiens.MboI.b2		phs001703v3p1	Homo_Sapiens	2	H3K27ac	MboI	CD4_Naive_1815-RH-1
CD4_Naive_1815-RH-1.phs001703v3p1.Homo_Sapiens.MboI.b3		phs001703v3p1	Homo_Sapiens	3	H3K27ac	MboI	CD4_Naive_1815-RH-1
CD4_Naive_1816-RH-1.phs001703v3p1.Homo_Sapiens.MboI.b1		phs001703v3p1	Homo_Sapiens	1	H3K27ac	MboI	CD4_Naive_1816-RH-1
CD4_Naive_1816-RH-1.phs001703v3p1.Homo_Sapiens.MboI.b2		phs001703v3p1	Homo_Sapiens	2	H3K27ac	MboI	CD4_Naive_1816-RH-1
CD4_Naive_1816-RH-1.phs001703v3p1.Homo_Sapiens.MboI.b3		phs001703v3p1	Homo_Sapiens	3	H3K27ac	MboI	CD4_Naive_1816-RH-1
CD4_Naive_1829-RH-1.phs001703v3p1.Homo_Sapiens.MboI.b1		phs001703v3p1	Homo_Sapiens	1	H3K27ac	MboI	CD4_Naive_1829-RH-1
CD4_Naive_1829-RH-1.phs001703v3p1.Homo_Sapiens.MboI.b2		phs001703v3p1	Homo_Sapiens	2	H3K27ac	MboI	CD4_Naive_1829-RH-1
CD4_Naive_1829-RH-1.phs001703v3p1.Homo_Sapiens.MboI.b3		phs001703v3p1	Homo_Sapiens	3	H3K27ac	MboI	CD4_Naive_1829-RH-1
CD4_Naive_1831-RH-1.phs001703v3p1.Homo_Sapiens.MboI.b1		phs001703v3p1	Homo_Sapiens	1	H3K27ac	MboI	CD4_Naive_1831-RH-1
CD4_Naive_1831-RH-1.phs001703v3p1.Homo_Sapiens.MboI.b2		phs001703v3p1	Homo_Sapiens	2	H3K27ac	MboI	CD4_Naive_1831-RH-1
CD4_Naive_1831-RH-1.phs001703v3p1.Homo_Sapiens.MboI.b3		phs001703v3p1	Homo_Sapiens	3	H3K27ac	MboI	CD4_Naive_1831-RH-1
CD8_Naive_1800-RH-1.phs001703v3p1.Homo_Sapiens.MboI.b1		phs001703v3p1	Homo_Sapiens	1	H3K27ac	MboI	CD8_Naive_1800-RH-1
CD8_Naive_1800-RH-1.phs001703v3p1.Homo_Sapiens.MboI.b2		phs001703v3p1	Homo_Sapiens	2	H3K27ac	MboI	CD8_Naive_1800-RH-1
CD8_Naive_1800-RH-1.phs001703v3p1.Homo_Sapiens.MboI.b3		phs001703v3p1	Homo_Sapiens	3	H3K27ac	MboI	CD8_Naive_1800-RH-1
CD8_Naive_1814-RH-1.phs001703v3p1.Homo_Sapiens.MboI.b1		phs001703v3p1	Homo_Sapiens	1	H3K27ac	MboI	CD8_Naive_1814-RH-1
CD8_Naive_1814-RH-1.phs001703v3p1.Homo_Sapiens.MboI.b2		phs001703v3p1	Homo_Sapiens	2	H3K27ac	MboI	CD8_Naive_1814-RH-1
CD8_Naive_1814-RH-1.phs001703v3p1.Homo_Sapiens.MboI.b3		phs001703v3p1	Homo_Sapiens	3	H3K27ac	MboI	CD8_Naive_1814-RH-1
CD8_Naive_1815-RH-1.phs001703v3p1.Homo_Sapiens.MboI.b1		phs001703v3p1	Homo_Sapiens	1	H3K27ac	MboI	CD8_Naive_1815-RH-1
CD8_Naive_1815-RH-1.phs001703v3p1.Homo_Sapiens.MboI.b2		phs001703v3p1	Homo_Sapiens	2	H3K27ac	MboI	CD8_Naive_1815-RH-1
CD8_Naive_1815-RH-1.phs001703v3p1.Homo_Sapiens.MboI.b3		phs001703v3p1	Homo_Sapiens	3	H3K27ac	MboI	CD8_Naive_1815-RH-1
CD8_Naive_1816-RH-1.phs001703v3p1.Homo_Sapiens.MboI.b1		phs001703v3p1	Homo_Sapiens	1	H3K27ac	MboI	CD8_Naive_1816-RH-1
CD8_Naive_1816-RH-1.phs001703v3p1.Homo_Sapiens.MboI.b2		phs001703v3p1	Homo_Sapiens	2	H3K27ac	MboI	CD8_Naive_1816-RH-1
CD8_Naive_1816-RH-1.phs001703v3p1.Homo_Sapiens.MboI.b3		phs001703v3p1	Homo_Sapiens	3	H3K27ac	MboI	CD8_Naive_1816-RH-1
CD8_Naive_1829-RH-1.phs001703v3p1.Homo_Sapiens.MboI.b1		phs001703v3p1	Homo_Sapiens	1	H3K27ac	MboI	CD8_Naive_1829-RH-1
CD8_Naive_1829-RH-1.phs001703v3p1.Homo_Sapiens.MboI.b2		phs001703v3p1	Homo_Sapiens	2	H3K27ac	MboI	CD8_Naive_1829-RH-1
CD8_Naive_1829-RH-1.phs001703v3p1.Homo_Sapiens.MboI.b3		phs001703v3p1	Homo_Sapiens	3	H3K27ac	MboI	CD8_Naive_1829-RH-1
CD8_Naive_1831-RH-1.phs001703v3p1.Homo_Sapiens.MboI.b1		phs001703v3p1	Homo_Sapiens	1	H3K27ac	MboI	CD8_Naive_1831-RH-1
CD8_Naive_1831-RH-1.phs001703v3p1.Homo_Sapiens.MboI.b2		phs001703v3p1	Homo_Sapiens	2	H3K27ac	MboI	CD8_Naive_1831-RH-1
CD8_Naive_1831-RH-1.phs001703v3p1.Homo_Sapiens.MboI.b3		phs001703v3p1	Homo_Sapiens	3	H3K27ac	MboI	CD8_Naive_1831-RH-1
COLO320-DM.GSE159985.Homo_Sapiens.MboI.b1	CVCL_0219	GSE159985	Homo_Sapiens	1	H3K27ac	MboI	COLO320-DM
CORL279.GSE151001.Homo_Sapiens.MboI.b1	CVCL_1140	GSE151001	Homo_Sapiens	1	H3K27ac	MboI	CORL279
CORL88.GSE151001.Homo_Sapiens.MboI.b1	CVCL_1141	GSE151001	Homo_Sapiens	1	H3K27ac	MboI	CORL88
CTL.GSE117888.Homo_Sapiens.NlaIII.b1		GSE117888	Homo_Sapiens	1	H3K27ac	NlaIII	CTL
CTL.GSE117888.Homo_Sapiens.NlaIII.b2		GSE117888	Homo_Sapiens	2	H3K27ac	NlaIII	CTL
CUTLL1.GSE115896.Homo_Sapiens.MboI.b1	CVCL_4966	GSE115896	Homo_Sapiens	1	H3K27ac	MboI	CUTLL1
DCM_1.GSE165303.Homo_Sapiens.Arima.b1		GSE165303	Homo_Sapiens	1	H3K27ac	Arima	DCM_1
DCM_10.GSE165303.Homo_Sapiens.Arima.b1		GSE165303	Homo_Sapiens	1	H3K27ac	Arima	DCM_10
DCM_2.GSE165303.Homo_Sapiens.Arima.b1		GSE165303	Homo_Sapiens	1	H3K27ac	Arima	DCM_2
DCM_3.GSE165303.Homo_Sapiens.Arima.b1		GSE165303	Homo_Sapiens	1	H3K27ac	Arima	DCM_3
DCM_4.GSE165303.Homo_Sapiens.Arima.b1		GSE165303	Homo_Sapiens	1	H3K27ac	Arima	DCM_4
DCM_5.GSE165303.Homo_Sapiens.Arima.b1		GSE165303	Homo_Sapiens	1	H3K27ac	Arima	DCM_5
DCM_6.GSE165303.Homo_Sapiens.Arima.b1		GSE165303	Homo_Sapiens	1	H3K27ac	Arima	DCM_6
DCM_7.GSE165303.Homo_Sapiens.Arima.b1		GSE165303	Homo_Sapiens	1	H3K27ac	Arima	DCM_7
DCM_8.GSE165303.Homo_Sapiens.Arima.b1		GSE165303	Homo_Sapiens	1	H3K27ac	Arima	DCM_8
DCM_9.GSE165303.Homo_Sapiens.Arima.b1		GSE165303	Homo_Sapiens	1	H3K27ac	Arima	DCM_9
DEX.GSE117888.Homo_Sapiens.NlaIII.b1		GSE117888	Homo_Sapiens	1	H3K27ac	NlaIII	DEX
DEX.GSE117888.Homo_Sapiens.NlaIII.b2		GSE117888	Homo_Sapiens	2	H3K27ac	NlaIII	DEX
DMS273.GSE151001.Homo_Sapiens.MboI.b1	CVCL_1176	GSE151001	Homo_Sapiens	1	H3K27ac	MboI	DMS273
DND41.GSE165207.Homo_Sapiens.Arima.b1	CVCL_2022	GSE165207	Homo_Sapiens	1	H3K27ac	Arima	DND41
DND41.GSE165207.Homo_Sapiens.Arima.b2	CVCL_2022	GSE165207	Homo_Sapiens	2	H3K27ac	Arima	DND41
DND41-DMSO.GSE173871.Homo_Sapiens.MboI.b1	CVCL_2022	GSE173871	Homo_Sapiens	1	SMC1A	MboI	DND41-DMSO
DND41-DMSO.GSE173871.Homo_Sapiens.MboI.b2	CVCL_2022	GSE173871	Homo_Sapiens	2	SMC1A	MboI	DND41-DMSO
DND41-Resistant.GSE173871.Homo_Sapiens.MboI.b1	CVCL_2022	GSE173871	Homo_Sapiens	1	SMC1A	MboI	DND41-Resistant
DND41-Resistant.GSE173871.Homo_Sapiens.MboI.b2	CVCL_2022	GSE173871	Homo_Sapiens	2	SMC1A	MboI	DND41-Resistant
DTC1-WT.GSE180194.Homo_Sapiens.MboI.b1	CVCL_0J31	GSE180194	Homo_Sapiens	1	H3K27ac	MboI	DTC1-WT
E6E7hTERT.GSE137936.Homo_Sapiens.DpnII.b1	Not Available	GSE137936	Homo_Sapiens	1	H3K27ac	DpnII	E6E7hTERT
EBNA2_Neg_Ramos.GSE179755.Homo_Sapiens.MboI.b1	CVCL_0597	GSE179755	Homo_Sapiens	1	H3K27ac	MboI	EBNA2_Neg_Ramos
EBNA2_Plus_Ramos.GSE179755.Homo_Sapiens.MboI.b1	CVCL_0597	GSE179755	Homo_Sapiens	1	H3K27ac	MboI	EBNA2_Plus_Ramos
Erythroblast.GSE131054.Homo_Sapiens.MboI.b1		GSE131054	Homo_Sapiens	1	H3K27ac	MboI	Erythroblast
GM12878.GSE101498.Homo_Sapiens.MboI.b1	CVCL_7526	GSE101498	Homo_Sapiens	1	H3K27ac	MboI	GM12878
GM12878.GSE101498.Homo_Sapiens.MboI.b2	CVCL_7526	GSE101498	Homo_Sapiens	2	H3K27ac	MboI	GM12878
GM12878.GSE115524.Homo_Sapiens.MboI.b1	CVCL_7526	GSE115524	Homo_Sapiens	1	CTCF	MboI	GM12878
GM12878.GSE115524.Homo_Sapiens.MboI.b2	CVCL_7526	GSE115524	Homo_Sapiens	2	CTCF	MboI	GM12878
GM12878.GSE80820.Homo_Sapiens.MboI.b1	CVCL_7526	GSE80820	Homo_Sapiens	1	SMC1A	MboI	GM12878
GM12878.GSE80820.Homo_Sapiens.MboI.b2	CVCL_7526	GSE80820	Homo_Sapiens	2	SMC1A	MboI	GM12878
H1105.GSE151001.Homo_Sapiens.MboI.b1	CVCL_1455	GSE151001	Homo_Sapiens	1	H3K27ac	MboI	H1105
H146.GSE151001.Homo_Sapiens.MboI.b1	CVCL_1473	GSE151001	Homo_Sapiens	1	H3K27ac	MboI	H146
H1694.GSE151001.Homo_Sapiens.MboI.b1	CVCL_1489	GSE151001	Homo_Sapiens	1	H3K27ac	MboI	H1694
H1836.GSE151001.Homo_Sapiens.MboI.b1	CVCL_1498	GSE151001	Homo_Sapiens	1	H3K27ac	MboI	H1836
H1876.GSE151001.Homo_Sapiens.MboI.b1	CVCL_1503	GSE151001	Homo_Sapiens	1	H3K27ac	MboI	H1876
H2029.GSE151001.Homo_Sapiens.MboI.b1	CVCL_1516	GSE151001	Homo_Sapiens	1	H3K27ac	MboI	H2029
H2066.GSE151001.Homo_Sapiens.MboI.b1	CVCL_1520	GSE151001	Homo_Sapiens	1	H3K27ac	MboI	H2066
H2171.GSE151001.Homo_Sapiens.MboI.b1	CVCL_1536	GSE151001	Homo_Sapiens	1	H3K27ac	MboI	H2171
H446.GSE151001.Homo_Sapiens.MboI.b1	CVCL_1562	GSE151001	Homo_Sapiens	1	H3K27ac	MboI	H446
H520.GSE166232.Homo_Sapiens.MboI.b1	CVCL_1566	GSE166232	Homo_Sapiens	1	H3K27ac	MboI	H520
H524.GSE151001.Homo_Sapiens.MboI.b1	CVCL_1568	GSE151001	Homo_Sapiens	1	H3K27ac	MboI	H524
H69.GSE151001.Homo_Sapiens.MboI.b1	CVCL_1579	GSE151001	Homo_Sapiens	1	H3K27ac	MboI	H69
H7-hESC-CM-WT.GSE111930.Homo_Sapiens.MboI.b1		GSE111930	Homo_Sapiens	1	H3K27ac	MboI	H7-hESC-CM-WT
H9.GSE105028.Homo_Sapiens.DpnII.b1	CVCL_1240	GSE105028	Homo_Sapiens	1	Rad21	DpnII	H9
H9.GSE105028.Homo_Sapiens.DpnII.b1	CVCL_1240	GSE105028	Homo_Sapiens	1	CTCF	DpnII	H9
H9.GSE105028.Homo_Sapiens.DpnII.b1	CVCL_1240	GSE105028	Homo_Sapiens	1	OCT4	DpnII	H9
H9.GSE105028.Homo_Sapiens.DpnII.b1	CVCL_1240	GSE105028	Homo_Sapiens	1	NANOG	DpnII	H9
H9.GSE105028.Homo_Sapiens.DpnII.b1	CVCL_1240	GSE105028	Homo_Sapiens	1	KLF4	DpnII	H9
H9.GSE105028.Homo_Sapiens.DpnII.b1	CVCL_1240	GSE105028	Homo_Sapiens	1	H3K4me1	DpnII	H9
H9-HS.GSE105028.Homo_Sapiens.DpnII.b1	CVCL_1240	GSE105028	Homo_Sapiens	1	Rad21	DpnII	H9-HS
H9-HS.GSE105028.Homo_Sapiens.DpnII.b1	CVCL_1240	GSE105028	Homo_Sapiens	1	CTCF	DpnII	H9-HS
H9-HS.GSE105028.Homo_Sapiens.DpnII.b1	CVCL_1240	GSE105028	Homo_Sapiens	1	OCT4	DpnII	H9-HS
H9-HS.GSE105028.Homo_Sapiens.DpnII.b1	CVCL_1240	GSE105028	Homo_Sapiens	1	NANOG	DpnII	H9-HS
H9-HS.GSE105028.Homo_Sapiens.DpnII.b1	CVCL_1240	GSE105028	Homo_Sapiens	1	KLF4	DpnII	H9-HS
H9-HS.GSE105028.Homo_Sapiens.DpnII.b1	CVCL_1240	GSE105028	Homo_Sapiens	1	H3K4me1	DpnII	H9-HS
H9-HS-KI.GSE105028.Homo_Sapiens.DpnII.b1	CVCL_1240	GSE105028	Homo_Sapiens	1	Rad21	DpnII	H9-HS-KI
H9-siNIPBL-HS.GSE105028.Homo_Sapiens.DpnII.b1	CVCL_1240	GSE105028	Homo_Sapiens	1	CTCF	DpnII	H9-siNIPBL-HS
H9-siNIPBL-HS.GSE105028.Homo_Sapiens.DpnII.b1	CVCL_1240	GSE105028	Homo_Sapiens	1	H3K4me1	DpnII	H9-siNIPBL-HS
HaCaT_Stimulated.GSE151193.Homo_Sapiens.MboI.b1	CVCL_0038	GSE151193	Homo_Sapiens	1	H3K27ac	MboI	HaCaT_Stimulated
HaCaT_Unstimulated.GSE151193.Homo_Sapiens.MboI.b1	CVCL_0038	GSE151193	Homo_Sapiens	1	H3K27ac	MboI	HaCaT_Unstimulated
HaCaT-Stimulated.GSE137906.Homo_Sapiens.MboI.b1	CVCL_0038	GSE137906	Homo_Sapiens	1	H3K27ac	MboI	HaCaT-Stimulated
HaCaT-Unstimulated.GSE137906.Homo_Sapiens.MboI.b1	CVCL_0038	GSE137906	Homo_Sapiens	1	H3K27ac	MboI	HaCaT-Unstimulated
HAEC.GSE178598.Homo_Sapiens.MboI.b1	Not Available	GSE178598	Homo_Sapiens	1	H3K27ac	MboI	HAEC
HARA.GSE147854.Homo_Sapiens.MboI.b1	CVCL_2914	GSE147854	Homo_Sapiens	1	H3K27ac	MboI	HARA
HCASMC.GSE101498.Homo_Sapiens.MboI.b1	Not Available	GSE101498	Homo_Sapiens	1	H3K27ac	MboI	HCASMC
HCC15.GSE166232.Homo_Sapiens.MboI.b1	CVCL_2057	GSE166232	Homo_Sapiens	1	H3K27ac	MboI	HCC15
HCC1599-GSI.GSE116872.Homo_Sapiens.MboI.b1	CVCL_1256	GSE116872	Homo_Sapiens	1	SMC1A	MboI	HCC1599-GSI
HCC1599-WT.GSE116872.Homo_Sapiens.MboI.b1	CVCL_1256	GSE116872	Homo_Sapiens	1	SMC1A	MboI	HCC1599-WT
hCM-Ctrl.GSE165303.Homo_Sapiens.Arima.b1		GSE165303	Homo_Sapiens	1	H3K27ac	Arima	hCM-Ctrl
hCM-HAND1OE.GSE165303.Homo_Sapiens.Arima.b1		GSE165303	Homo_Sapiens	1	H3K27ac	Arima	hCM-HAND1OE
HCT116.GSE173699.Homo_Sapiens.MboI.b1	CVCL_0291	GSE173699	Homo_Sapiens	1	H3K27ac	MboI	HCT116
HCT116.GSE92881.Homo_Sapiens.MboI.b1	CVCL_0291	GSE92881	Homo_Sapiens	1	SMC1	MboI	HCT116
HCT116.GSE136629.Homo_Sapiens.MboI.b1	CVCL_0291	GSE136629	Homo_Sapiens	1	H3K27ac	MboI	HCT116
HCT116.GSE99519.Homo_Sapiens.MboI.b1	CVCL_0291	GSE99519	Homo_Sapiens	1	YY1	MboI	HCT116
HCT116-AuxinNeg.GSE179544.Homo_Sapiens.DpnII.b1	CVCL_0291	GSE179544	Homo_Sapiens	1	RNA-Pol-II	DpnII	HCT116-AuxinNeg
HCT116-AuxinPos.GSE179544.Homo_Sapiens.DpnII.b1	CVCL_0291	GSE179544	Homo_Sapiens	1	RNA-Pol-II	DpnII	HCT116-AuxinPos
HEC-1-B-eRNA-LNA.GSE148958.Homo_Sapiens.MboI.b1	CVCL_0294	GSE148958	Homo_Sapiens	1	V5	MboI	HEC-1-B-eRNA-LNA
HEC-1-B-SPT6_LNA.GSE148958.Homo_Sapiens.MboI.b1	CVCL_0294	GSE148958	Homo_Sapiens	1	V5	MboI	HEC-1-B-SPT6_LNA
HEC-1-B-WT.GSE148958.Homo_Sapiens.MboI.b1	CVCL_0294	GSE148958	Homo_Sapiens	1	V5	MboI	HEC-1-B-WT
Hela-S3-Control.GSE108869.Homo_Sapiens.MboI.b1	CVCL_0030	GSE108869	Homo_Sapiens	1	CTCF	MboI	Hela-S3-Control
Hela-S3-Control.GSE108869.Homo_Sapiens.MboI.b2	CVCL_0030	GSE108869	Homo_Sapiens	2	CTCF	MboI	Hela-S3-Control
Hela-S3-OE.GSE108869.Homo_Sapiens.MboI.b1	CVCL_0030	GSE108869	Homo_Sapiens	1	CTCF	MboI	Hela-S3-OE
Hela-S3-OE.GSE108869.Homo_Sapiens.MboI.b2	CVCL_0030	GSE108869	Homo_Sapiens	2	CTCF	MboI	Hela-S3-OE
HeLa-S3-shBHLHE40.GSE137849.Homo_Sapiens.MboI.b1	CVCL_0030	GSE137849	Homo_Sapiens	1	CTCF	MboI	HeLa-S3-shBHLHE40
HeLa-S3-shBHLHE40.GSE137849.Homo_Sapiens.MboI.b2	CVCL_0030	GSE137849	Homo_Sapiens	2	CTCF	MboI	HeLa-S3-shBHLHE40
HeLa-S3-shcontrol.GSE137849.Homo_Sapiens.MboI.b1	CVCL_0030	GSE137849	Homo_Sapiens	1	CTCF	MboI	HeLa-S3-shcontrol
HeLa-S3-shcontrol.GSE137849.Homo_Sapiens.MboI.b2	CVCL_0030	GSE137849	Homo_Sapiens	2	CTCF	MboI	HeLa-S3-shcontrol
hESC-AHDC1-GIBBIN-KO.GSE181971.Homo_Sapiens.MboI.b1	CVCL_1240	GSE181971	Homo_Sapiens	1	SMC1A	MboI	hESC-AHDC1-GIBBIN-KO
hESC-AHDC1-GIBBIN-KO.GSE181971.Homo_Sapiens.MboI.b2	CVCL_1240	GSE181971	Homo_Sapiens	2	SMC1A	MboI	hESC-AHDC1-GIBBIN-KO
hESC-AHDC1-GIBBIN-KO.GSE181971.Homo_Sapiens.MboI.b3	CVCL_1240	GSE181971	Homo_Sapiens	3	SMC1A	MboI	hESC-AHDC1-GIBBIN-KO
hESC-p63GOF-D0.GSE120294.Homo_Sapiens.MboI.b1	CVCL_1240	GSE120294	Homo_Sapiens	1	SMC1A	MboI	hESC-p63GOF-D0
hESC-p63GOF-D0.GSE120294.Homo_Sapiens.MboI.b2	CVCL_1240	GSE120294	Homo_Sapiens	2	SMC1A	MboI	hESC-p63GOF-D0
hESC-p63GOF-D0.GSE120294.Homo_Sapiens.MboI.b3	CVCL_1240	GSE120294	Homo_Sapiens	3	SMC1A	MboI	hESC-p63GOF-D0
hESC-WT.GSE181971.Homo_Sapiens.MboI.b1	CVCL_1240	GSE181971	Homo_Sapiens	1	SMC1A	MboI	hESC-WT
hESC-WT.GSE181971.Homo_Sapiens.MboI.b2	CVCL_1240	GSE181971	Homo_Sapiens	2	SMC1A	MboI	hESC-WT
hESC-WT.GSE181971.Homo_Sapiens.MboI.b3	CVCL_1240	GSE181971	Homo_Sapiens	3	SMC1A	MboI	hESC-WT
hESC-WT-D0.GSE120294.Homo_Sapiens.MboI.b1	CVCL_1240	GSE120294	Homo_Sapiens	1	SMC1A	MboI	hESC-WT-D0
hESC-WT-D0.GSE120294.Homo_Sapiens.MboI.b2	CVCL_1240	GSE120294	Homo_Sapiens	2	SMC1A	MboI	hESC-WT-D0
hESC-WT-D0.GSE120294.Homo_Sapiens.MboI.b3	CVCL_1240	GSE120294	Homo_Sapiens	3	SMC1A	MboI	hESC-WT-D0
Hippocampus.GSE147672.Homo_Sapiens.MboI.b1		GSE147672	Homo_Sapiens	1	H3K27ac	MboI	Hippocampus
Hippocampus.GSE147672.Homo_Sapiens.MboI.b2		GSE147672	Homo_Sapiens	2	H3K27ac	MboI	Hippocampus
hiPSC-CM-ED.GSE111930.Homo_Sapiens.MboI.b1		GSE111930	Homo_Sapiens	1	H3K27ac	MboI	hiPSC-CM-ED
hiPSC-CM-WT.GSE111930.Homo_Sapiens.MboI.b1		GSE111930	Homo_Sapiens	1	H3K27ac	MboI	hiPSC-CM-WT
HK2.GSE147646.Homo_Sapiens.MboI.b1	CVCL_0302	GSE147646	Homo_Sapiens	1	H3K27ac	MboI	HK2
HT55.GSE147854.Homo_Sapiens.MboI.b1	CVCL_1294	GSE147854	Homo_Sapiens	1	H3K27ac	MboI	HT55
HUDEP-2-Mut1.GSE131054.Homo_Sapiens.MboI.b1	CVCL_VI06	GSE131054	Homo_Sapiens	1	H3K27ac	MboI	HUDEP-2-Mut1
HUDEP-2-WT.GSE131054.Homo_Sapiens.MboI.b1	CVCL_VI06	GSE131054	Homo_Sapiens	1	H3K27ac	MboI	HUDEP-2-WT
HUVEC-Proliferating.GSE100856.Homo_Sapiens.HindIII.b1	CVCL_A4BB	GSE100856	Homo_Sapiens	1	CTCF	HindIII	HUVEC-Proliferating
HUVEC-Senescent.GSE100856.Homo_Sapiens.HindIII.b1	CVCL_A4BB	GSE100856	Homo_Sapiens	1	CTCF	HindIII	HUVEC-Senescent
IMR90-Proliferating.GSE100856.Homo_Sapiens.HindIII.b1	CVCL_0347	GSE100856	Homo_Sapiens	1	CTCF	HindIII	IMR90-Proliferating
IMR90-Senescent.GSE100856.Homo_Sapiens.HindIII.b1	CVCL_0347	GSE100856	Homo_Sapiens	1	CTCF	HindIII	IMR90-Senescent
IOSE11.GSE155328.Homo_Sapiens.DpnII.b1	CVCL_0T68	GSE155328	Homo_Sapiens	1	H3K27ac	DpnII	IOSE11
iPSC-MUT.GSE150906.Homo_Sapiens.MboI.b1		GSE150906	Homo_Sapiens	1	H3K27me3	MboI	iPSC-MUT
iPSC-WT.GSE150906.Homo_Sapiens.MboI.b1		GSE150906	Homo_Sapiens	1	H3K27me3	MboI	iPSC-WT
Ishikawa.GSE137936.Homo_Sapiens.DpnII.b1	CVCL_2529	GSE137936	Homo_Sapiens	1	H3K27ac	DpnII	Ishikawa
JHUEM-14.GSE137936.Homo_Sapiens.DpnII.b1	CVCL_4654	GSE137936	Homo_Sapiens	1	H3K27ac	DpnII	JHUEM-14
JSC.GSE136090.Homo_Sapiens.MboI.b1	CVCL_3728	GSE136090	Homo_Sapiens	1	H3K27ac	MboI	JSC
Jurkat.GSE165207.Homo_Sapiens.Arima.b1	CVCL_0065	GSE165207	Homo_Sapiens	1	H3K27ac	Arima	Jurkat
Jurkat.GSE99519.Homo_Sapiens.MboI.b1	CVCL_0065	GSE99519	Homo_Sapiens	1	YY1	MboI	Jurkat
K562.GSE101498.Homo_Sapiens.MboI.b1	CVCL_0004	GSE101498	Homo_Sapiens	1	H3K27ac	MboI	K562
K562.GSE101498.Homo_Sapiens.MboI.b2	CVCL_0004	GSE101498	Homo_Sapiens	2	H3K27ac	MboI	K562
K562.GSE101498.Homo_Sapiens.MboI.b3	CVCL_0004	GSE101498	Homo_Sapiens	3	H3K27ac	MboI	K562
K562.GSE99519.Homo_Sapiens.MboI.b1	CVCL_0004	GSE99519	Homo_Sapiens	1	YY1	MboI	K562
KBM7-MED14-dTAG_2h_DMSO.GSE139466.Homo_Sapiens.MboI.b1	CVCL_A426	GSE139466	Homo_Sapiens	1	H3K27ac	MboI	KBM7-MED14-dTAG_2h_DMSO
KBM7-MED14-dTAG_2h_DMSO.GSE139466.Homo_Sapiens.MboI.b2	CVCL_A426	GSE139466	Homo_Sapiens	2	H3K27ac	MboI	KBM7-MED14-dTAG_2h_DMSO
KBM7-MED14-dTAG_2h_dTAG7.GSE139466.Homo_Sapiens.MboI.b1	CVCL_A426	GSE139466	Homo_Sapiens	1	H3K27ac	MboI	KBM7-MED14-dTAG_2h_dTAG7
KBM7-MED14-dTAG_2h_dTAG7.GSE139466.Homo_Sapiens.MboI.b2	CVCL_A426	GSE139466	Homo_Sapiens	2	H3K27ac	MboI	KBM7-MED14-dTAG_2h_dTAG7
Kelly-Res-50I.GSE126792.Homo_Sapiens.MboI.b1	CVCL_2092	GSE126792	Homo_Sapiens	1	SMC1A	MboI	Kelly-Res-50I
Kelly-Res-50I.GSE126792.Homo_Sapiens.MboI.b2	CVCL_2092	GSE126792	Homo_Sapiens	2	SMC1A	MboI	Kelly-Res-50I
Kelly-Res-50I.GSE126792.Homo_Sapiens.MboI.b3	CVCL_2092	GSE126792	Homo_Sapiens	3	SMC1A	MboI	Kelly-Res-50I
Kelly-Res-shBORIS.GSE126792.Homo_Sapiens.MboI.b1	CVCL_2092	GSE126792	Homo_Sapiens	1	SMC1A	MboI	Kelly-Res-shBORIS
Kelly-Res-shBORIS.GSE126792.Homo_Sapiens.MboI.b2	CVCL_2092	GSE126792	Homo_Sapiens	2	SMC1A	MboI	Kelly-Res-shBORIS
Kelly-Res-shBORIS.GSE126792.Homo_Sapiens.MboI.b3	CVCL_2092	GSE126792	Homo_Sapiens	3	SMC1A	MboI	Kelly-Res-shBORIS
Kelly-Res-shGFP.GSE126792.Homo_Sapiens.MboI.b1	CVCL_2092	GSE126792	Homo_Sapiens	1	SMC1A	MboI	Kelly-Res-shGFP
Kelly-Res-shGFP.GSE126792.Homo_Sapiens.MboI.b2	CVCL_2092	GSE126792	Homo_Sapiens	2	SMC1A	MboI	Kelly-Res-shGFP
Kelly-Res-shGFP.GSE126792.Homo_Sapiens.MboI.b3	CVCL_2092	GSE126792	Homo_Sapiens	3	SMC1A	MboI	Kelly-Res-shGFP
Kelly-Sens-50I.GSE126792.Homo_Sapiens.MboI.b1	CVCL_2092	GSE126792	Homo_Sapiens	1	SMC1A	MboI	Kelly-Sens-50I
Kelly-Sens-50I.GSE126792.Homo_Sapiens.MboI.b2	CVCL_2092	GSE126792	Homo_Sapiens	2	SMC1A	MboI	Kelly-Sens-50I
Kelly-Sens-50I.GSE126792.Homo_Sapiens.MboI.b3	CVCL_2092	GSE126792	Homo_Sapiens	3	SMC1A	MboI	Kelly-Sens-50I
KYSE140.GSE166232.Homo_Sapiens.MboI.b1	CVCL_1347	GSE166232	Homo_Sapiens	1	H3K27ac	MboI	KYSE140
KYSE140_ARV2hrs.GSE166232.Homo_Sapiens.MboI.b1	CVCL_1347	GSE166232	Homo_Sapiens	1	H3K27ac	MboI	KYSE140_ARV2hrs
KYSE140_DMSO2hrs.GSE166232.Homo_Sapiens.MboI.b1	CVCL_1347	GSE166232	Homo_Sapiens	1	H3K27ac	MboI	KYSE140_DMSO2hrs
KYSE180.GSE155184.Homo_Sapiens.MboI, DpnII, HinfI.b1	CVCL_1349	GSE155184	Homo_Sapiens	1	H3K27ac	MboI, DpnII, HinfI	KYSE180
KYSE70.GSE166232.Homo_Sapiens.MboI.b1	CVCL_1356	GSE166232	Homo_Sapiens	1	H3K27ac	MboI	KYSE70
lgs000379.GSE116193.Homo_Sapiens.MboI.b1		GSE116193	Homo_Sapiens	1	H3K27ac	MboI	lgs000379
lgs000379.GSE116193.Homo_Sapiens.MboI.b1		GSE116193	Homo_Sapiens	1	CTCF	MboI	lgs000379
lgs101645.GSE116193.Homo_Sapiens.MboI.b1		GSE116193	Homo_Sapiens	1	H3K27ac	MboI	lgs101645
lgs101645.GSE116193.Homo_Sapiens.MboI.b1		GSE116193	Homo_Sapiens	1	CTCF	MboI	lgs101645
lgs102580.GSE116193.Homo_Sapiens.MboI.b1		GSE116193	Homo_Sapiens	1	H3K27ac	MboI	lgs102580
lgs102580.GSE116193.Homo_Sapiens.MboI.b1		GSE116193	Homo_Sapiens	1	CTCF	MboI	lgs102580
lgs102943.GSE116193.Homo_Sapiens.MboI.b1		GSE116193	Homo_Sapiens	1	H3K27ac	MboI	lgs102943
lgs102943.GSE116193.Homo_Sapiens.MboI.b1		GSE116193	Homo_Sapiens	1	CTCF	MboI	lgs102943
lgs301283.GSE116193.Homo_Sapiens.MboI.b1		GSE116193	Homo_Sapiens	1	H3K27ac	MboI	lgs301283
lgs301283.GSE116193.Homo_Sapiens.MboI.b1		GSE116193	Homo_Sapiens	1	CTCF	MboI	lgs301283
lgs301315.GSE116193.Homo_Sapiens.MboI.b1		GSE116193	Homo_Sapiens	1	H3K27ac	MboI	lgs301315
lgs301315.GSE116193.Homo_Sapiens.MboI.b1		GSE116193	Homo_Sapiens	1	CTCF	MboI	lgs301315
LK2.GSE166232.Homo_Sapiens.MboI.b1	CVCL_1377	GSE166232	Homo_Sapiens	1	H3K27ac	MboI	LK2
LS513.GSE136629.Homo_Sapiens.MboI.b1	CVCL_1386	GSE136629	Homo_Sapiens	1	H3K27ac	MboI	LS513
M14-STAG2-KD.GSE156772.Homo_Sapiens.MboI.b1	CVCL_1395	GSE156772	Homo_Sapiens	1	H3K27ac	MboI	M14-STAG2-KD
M14-STAG2-KD.GSE156772.Homo_Sapiens.MboI.b2	CVCL_1395	GSE156772	Homo_Sapiens	2	H3K27ac	MboI	M14-STAG2-KD
M14-WT.GSE156772.Homo_Sapiens.MboI.b1	CVCL_1395	GSE156772	Homo_Sapiens	1	H3K27ac	MboI	M14-WT
M14-WT.GSE156772.Homo_Sapiens.MboI.b2	CVCL_1395	GSE156772	Homo_Sapiens	2	H3K27ac	MboI	M14-WT
MB157-GSI.GSE116869.Homo_Sapiens.MboI.b1	CVCL_3740	GSE116869	Homo_Sapiens	1	SMC1A	MboI	MB157-GSI
MB157-pInd20EBF1-10dox.GSE173843.Homo_Sapiens.MboI.b1	CVCL_3740	GSE173843	Homo_Sapiens	1	SMC1A	MboI	MB157-pInd20EBF1-10dox
MB157-pInd20TCF1-10dox.GSE173843.Homo_Sapiens.MboI.b1	CVCL_3740	GSE173843	Homo_Sapiens	1	SMC1A	MboI	MB157-pInd20TCF1-10dox
MB157-WO.GSE116869.Homo_Sapiens.MboI.b1	CVCL_3740	GSE116869	Homo_Sapiens	1	SMC1A	MboI	MB157-WO
MB157-WT.GSE116869.Homo_Sapiens.MboI.b1	CVCL_3740	GSE116869	Homo_Sapiens	1	SMC1A	MboI	MB157-WT
MCF7-Abemaciclib.GSE157381.Homo_Sapiens.MboI.b1	CVCL_0031	GSE157381	Homo_Sapiens	1	H3K27ac	MboI	MCF7-Abemaciclib
MCF7-DMSO.GSE157381.Homo_Sapiens.MboI.b1	CVCL_0031	GSE157381	Homo_Sapiens	1	H3K27ac	MboI	MCF7-DMSO
MDA-MB-231-PVT1sgRNAR2.GSE97585.Homo_Sapiens.MboI.b1	CVCL_0062	GSE97585	Homo_Sapiens	1	H3K27ac	MboI	MDA-MB-231-PVT1sgRNAR2
MDA-MB-231-PVT1sgRNAR2.GSE97585.Homo_Sapiens.MboI.b2	CVCL_0062	GSE97585	Homo_Sapiens	2	H3K27ac	MboI	MDA-MB-231-PVT1sgRNAR2
MDA-MB-231-PVT1sgRNAR3.GSE97585.Homo_Sapiens.MboI.b1	CVCL_0062	GSE97585	Homo_Sapiens	1	H3K27ac	MboI	MDA-MB-231-PVT1sgRNAR3
MDA-MB-231-PVT1sgRNAR3.GSE97585.Homo_Sapiens.MboI.b2	CVCL_0062	GSE97585	Homo_Sapiens	2	H3K27ac	MboI	MDA-MB-231-PVT1sgRNAR3
MDA-MB-231-sgRNA-Ctrl.GSE97585.Homo_Sapiens.MboI.b1	CVCL_0062	GSE97585	Homo_Sapiens	1	H3K27ac	MboI	MDA-MB-231-sgRNA-Ctrl
MDA-MB-231-sgRNA-Ctrl.GSE97585.Homo_Sapiens.MboI.b2	CVCL_0062	GSE97585	Homo_Sapiens	2	H3K27ac	MboI	MDA-MB-231-sgRNA-Ctrl
MDA-MB-453-Abemaciclib.GSE157381.Homo_Sapiens.MboI.b1	CVCL_0418	GSE157381	Homo_Sapiens	1	H3K27ac	MboI	MDA-MB-453-Abemaciclib
MDA-MB-453-DMSO.GSE157381.Homo_Sapiens.MboI.b1	CVCL_0418	GSE157381	Homo_Sapiens	1	H3K27ac	MboI	MDA-MB-453-DMSO
Middle-Frontal-Gyrus.GSE147672.Homo_Sapiens.MboI.b1		GSE147672	Homo_Sapiens	1	H3K27ac	MboI	Middle-Frontal-Gyrus
Middle-Frontal-Gyrus.GSE147672.Homo_Sapiens.MboI.b2		GSE147672	Homo_Sapiens	2	H3K27ac	MboI	Middle-Frontal-Gyrus
Monocyte_1800-RH-1.phs001703v3p1.Homo_Sapiens.MboI.b1		phs001703v3p1	Homo_Sapiens	1	H3K27ac	MboI	Monocyte_1800-RH-1
Monocyte_1800-RH-1.phs001703v3p1.Homo_Sapiens.MboI.b2		phs001703v3p1	Homo_Sapiens	2	H3K27ac	MboI	Monocyte_1800-RH-1
Monocyte_1800-RH-1.phs001703v3p1.Homo_Sapiens.MboI.b3		phs001703v3p1	Homo_Sapiens	3	H3K27ac	MboI	Monocyte_1800-RH-1
Monocyte_1814-RH-1.phs001703v3p1.Homo_Sapiens.MboI.b1		phs001703v3p1	Homo_Sapiens	1	H3K27ac	MboI	Monocyte_1814-RH-1
Monocyte_1814-RH-1.phs001703v3p1.Homo_Sapiens.MboI.b2		phs001703v3p1	Homo_Sapiens	2	H3K27ac	MboI	Monocyte_1814-RH-1
Monocyte_1814-RH-1.phs001703v3p1.Homo_Sapiens.MboI.b3		phs001703v3p1	Homo_Sapiens	3	H3K27ac	MboI	Monocyte_1814-RH-1
Monocyte_1815-RH-1.phs001703v3p1.Homo_Sapiens.MboI.b1		phs001703v3p1	Homo_Sapiens	1	H3K27ac	MboI	Monocyte_1815-RH-1
Monocyte_1815-RH-1.phs001703v3p1.Homo_Sapiens.MboI.b2		phs001703v3p1	Homo_Sapiens	2	H3K27ac	MboI	Monocyte_1815-RH-1
Monocyte_1815-RH-1.phs001703v3p1.Homo_Sapiens.MboI.b3		phs001703v3p1	Homo_Sapiens	3	H3K27ac	MboI	Monocyte_1815-RH-1
Monocyte_1816-RH-1.phs001703v3p1.Homo_Sapiens.MboI.b1		phs001703v3p1	Homo_Sapiens	1	H3K27ac	MboI	Monocyte_1816-RH-1
Monocyte_1816-RH-1.phs001703v3p1.Homo_Sapiens.MboI.b2		phs001703v3p1	Homo_Sapiens	2	H3K27ac	MboI	Monocyte_1816-RH-1
Monocyte_1816-RH-1.phs001703v3p1.Homo_Sapiens.MboI.b3		phs001703v3p1	Homo_Sapiens	3	H3K27ac	MboI	Monocyte_1816-RH-1
Monocyte_1829-RH-1.phs001703v3p1.Homo_Sapiens.MboI.b1		phs001703v3p1	Homo_Sapiens	1	H3K27ac	MboI	Monocyte_1829-RH-1
Monocyte_1829-RH-1.phs001703v3p1.Homo_Sapiens.MboI.b2		phs001703v3p1	Homo_Sapiens	2	H3K27ac	MboI	Monocyte_1829-RH-1
Monocyte_1829-RH-1.phs001703v3p1.Homo_Sapiens.MboI.b3		phs001703v3p1	Homo_Sapiens	3	H3K27ac	MboI	Monocyte_1829-RH-1
Monocyte_1831-RH-1.phs001703v3p1.Homo_Sapiens.MboI.b1		phs001703v3p1	Homo_Sapiens	1	H3K27ac	MboI	Monocyte_1831-RH-1
Monocyte_1831-RH-1.phs001703v3p1.Homo_Sapiens.MboI.b2		phs001703v3p1	Homo_Sapiens	2	H3K27ac	MboI	Monocyte_1831-RH-1
Monocyte_1831-RH-1.phs001703v3p1.Homo_Sapiens.MboI.b3		phs001703v3p1	Homo_Sapiens	3	H3K27ac	MboI	Monocyte_1831-RH-1
MyLa.GSE101498.Homo_Sapiens.MboI.b1	CVCL_2633	GSE101498	Homo_Sapiens	1	H3K27ac	MboI	MyLa
MyLa.GSE101498.Homo_Sapiens.MboI.b2	CVCL_2633	GSE101498	Homo_Sapiens	2	H3K27ac	MboI	MyLa
MyLa.GSE151193.Homo_Sapiens.MboI.b1	CVCL_2634	GSE151193	Homo_Sapiens	1	H3K27ac	MboI	MyLa
MyLa.GSE137906.Homo_Sapiens.MboI.b1	CVCL_2634	GSE137906	Homo_Sapiens	1	H3K27ac	MboI	MyLa
Naive_B_1800-RH-1.phs001703v3p1.Homo_Sapiens.MboI.b1		phs001703v3p1	Homo_Sapiens	1	H3K27ac	MboI	Naive_B_1800-RH-1
Naive_B_1800-RH-1.phs001703v3p1.Homo_Sapiens.MboI.b2		phs001703v3p1	Homo_Sapiens	2	H3K27ac	MboI	Naive_B_1800-RH-1
Naive_B_1800-RH-1.phs001703v3p1.Homo_Sapiens.MboI.b3		phs001703v3p1	Homo_Sapiens	3	H3K27ac	MboI	Naive_B_1800-RH-1
Naive_B_1814-RH-1.phs001703v3p1.Homo_Sapiens.MboI.b1		phs001703v3p1	Homo_Sapiens	1	H3K27ac	MboI	Naive_B_1814-RH-1
Naive_B_1814-RH-1.phs001703v3p1.Homo_Sapiens.MboI.b2		phs001703v3p1	Homo_Sapiens	2	H3K27ac	MboI	Naive_B_1814-RH-1
Naive_B_1814-RH-1.phs001703v3p1.Homo_Sapiens.MboI.b3		phs001703v3p1	Homo_Sapiens	3	H3K27ac	MboI	Naive_B_1814-RH-1
Naive_B_1815-RH-1.phs001703v3p1.Homo_Sapiens.MboI.b1		phs001703v3p1	Homo_Sapiens	1	H3K27ac	MboI	Naive_B_1815-RH-1
Naive_B_1815-RH-1.phs001703v3p1.Homo_Sapiens.MboI.b2		phs001703v3p1	Homo_Sapiens	2	H3K27ac	MboI	Naive_B_1815-RH-1
Naive_B_1815-RH-1.phs001703v3p1.Homo_Sapiens.MboI.b3		phs001703v3p1	Homo_Sapiens	3	H3K27ac	MboI	Naive_B_1815-RH-1
Naive_B_1816-RH-1.phs001703v3p1.Homo_Sapiens.MboI.b1		phs001703v3p1	Homo_Sapiens	1	H3K27ac	MboI	Naive_B_1816-RH-1
Naive_B_1816-RH-1.phs001703v3p1.Homo_Sapiens.MboI.b2		phs001703v3p1	Homo_Sapiens	2	H3K27ac	MboI	Naive_B_1816-RH-1
Naive_B_1816-RH-1.phs001703v3p1.Homo_Sapiens.MboI.b3		phs001703v3p1	Homo_Sapiens	3	H3K27ac	MboI	Naive_B_1816-RH-1
Naive_B_1829-RH-1.phs001703v3p1.Homo_Sapiens.MboI.b1		phs001703v3p1	Homo_Sapiens	1	H3K27ac	MboI	Naive_B_1829-RH-1
Naive_B_1829-RH-1.phs001703v3p1.Homo_Sapiens.MboI.b2		phs001703v3p1	Homo_Sapiens	2	H3K27ac	MboI	Naive_B_1829-RH-1
Naive_B_1829-RH-1.phs001703v3p1.Homo_Sapiens.MboI.b3		phs001703v3p1	Homo_Sapiens	3	H3K27ac	MboI	Naive_B_1829-RH-1
Naive_B_1831-RH-1.phs001703v3p1.Homo_Sapiens.MboI.b1		phs001703v3p1	Homo_Sapiens	1	H3K27ac	MboI	Naive_B_1831-RH-1
Naive_B_1831-RH-1.phs001703v3p1.Homo_Sapiens.MboI.b2		phs001703v3p1	Homo_Sapiens	2	H3K27ac	MboI	Naive_B_1831-RH-1
Naive_B_1831-RH-1.phs001703v3p1.Homo_Sapiens.MboI.b3		phs001703v3p1	Homo_Sapiens	3	H3K27ac	MboI	Naive_B_1831-RH-1
Naive_K_1800-RH-1.phs001703v3p1.Homo_Sapiens.MboI.b1		phs001703v3p1	Homo_Sapiens	1	H3K27ac	MboI	Naive_K_1800-RH-1
Naive_K_1800-RH-1.phs001703v3p1.Homo_Sapiens.MboI.b2		phs001703v3p1	Homo_Sapiens	2	H3K27ac	MboI	Naive_K_1800-RH-1
Naive_K_1800-RH-1.phs001703v3p1.Homo_Sapiens.MboI.b3		phs001703v3p1	Homo_Sapiens	3	H3K27ac	MboI	Naive_K_1800-RH-1
Naive_K_1814-RH-1.phs001703v3p1.Homo_Sapiens.MboI.b1		phs001703v3p1	Homo_Sapiens	1	H3K27ac	MboI	Naive_K_1814-RH-1
Naive_K_1814-RH-1.phs001703v3p1.Homo_Sapiens.MboI.b2		phs001703v3p1	Homo_Sapiens	2	H3K27ac	MboI	Naive_K_1814-RH-1
Naive_K_1814-RH-1.phs001703v3p1.Homo_Sapiens.MboI.b3		phs001703v3p1	Homo_Sapiens	3	H3K27ac	MboI	Naive_K_1814-RH-1
Naive_K_1815-RH-1.phs001703v3p1.Homo_Sapiens.MboI.b1		phs001703v3p1	Homo_Sapiens	1	H3K27ac	MboI	Naive_K_1815-RH-1
Naive_K_1815-RH-1.phs001703v3p1.Homo_Sapiens.MboI.b2		phs001703v3p1	Homo_Sapiens	2	H3K27ac	MboI	Naive_K_1815-RH-1
Naive_K_1815-RH-1.phs001703v3p1.Homo_Sapiens.MboI.b3		phs001703v3p1	Homo_Sapiens	3	H3K27ac	MboI	Naive_K_1815-RH-1
Naive_K_1816-RH-1.phs001703v3p1.Homo_Sapiens.MboI.b1		phs001703v3p1	Homo_Sapiens	1	H3K27ac	MboI	Naive_K_1816-RH-1
Naive_K_1816-RH-1.phs001703v3p1.Homo_Sapiens.MboI.b2		phs001703v3p1	Homo_Sapiens	2	H3K27ac	MboI	Naive_K_1816-RH-1
Naive_K_1816-RH-1.phs001703v3p1.Homo_Sapiens.MboI.b3		phs001703v3p1	Homo_Sapiens	3	H3K27ac	MboI	Naive_K_1816-RH-1
Naive_K_1829-RH-1.phs001703v3p1.Homo_Sapiens.MboI.b1		phs001703v3p1	Homo_Sapiens	1	H3K27ac	MboI	Naive_K_1829-RH-1
Naive_K_1829-RH-1.phs001703v3p1.Homo_Sapiens.MboI.b2		phs001703v3p1	Homo_Sapiens	2	H3K27ac	MboI	Naive_K_1829-RH-1
Naive_K_1829-RH-1.phs001703v3p1.Homo_Sapiens.MboI.b3		phs001703v3p1	Homo_Sapiens	3	H3K27ac	MboI	Naive_K_1829-RH-1
Naive_K_1831-RH-1.phs001703v3p1.Homo_Sapiens.MboI.b1		phs001703v3p1	Homo_Sapiens	1	H3K27ac	MboI	Naive_K_1831-RH-1
Naive_K_1831-RH-1.phs001703v3p1.Homo_Sapiens.MboI.b2		phs001703v3p1	Homo_Sapiens	2	H3K27ac	MboI	Naive_K_1831-RH-1
Naive_K_1831-RH-1.phs001703v3p1.Homo_Sapiens.MboI.b3		phs001703v3p1	Homo_Sapiens	3	H3K27ac	MboI	Naive_K_1831-RH-1
Naive_Tcells.GSE101498.Homo_Sapiens.MboI.b1		GSE101498	Homo_Sapiens	1	H3K27ac	MboI	Naive_Tcells
Naive_Tcells.GSE101498.Homo_Sapiens.MboI.b2		GSE101498	Homo_Sapiens	2	H3K27ac	MboI	Naive_Tcells
Naive_Tcells.GSE101498.Homo_Sapiens.MboI.b3		GSE101498	Homo_Sapiens	3	H3K27ac	MboI	Naive_Tcells
Naive_Tcells.GSE101498.Homo_Sapiens.MboI.b1		GSE101498	Homo_Sapiens	1	CTCF	MboI	Naive_Tcells
Naive_Tcells.GSE101498.Homo_Sapiens.MboI.b2		GSE101498	Homo_Sapiens	2	CTCF	MboI	Naive_Tcells
Nalm6.GSE115492.Homo_Sapiens.MboI.b1	CVCL_0092	GSE115492	Homo_Sapiens	1	H3K27ac	MboI	Nalm6
NF_1.GSE165303.Homo_Sapiens.Arima.b1		GSE165303	Homo_Sapiens	1	H3K27ac	Arima	NF_1
NF_10.GSE165303.Homo_Sapiens.Arima.b1		GSE165303	Homo_Sapiens	1	H3K27ac	Arima	NF_10
NF_2.GSE165303.Homo_Sapiens.Arima.b1		GSE165303	Homo_Sapiens	1	H3K27ac	Arima	NF_2
NF_3.GSE165303.Homo_Sapiens.Arima.b1		GSE165303	Homo_Sapiens	1	H3K27ac	Arima	NF_3
NF_4.GSE165303.Homo_Sapiens.Arima.b1		GSE165303	Homo_Sapiens	1	H3K27ac	Arima	NF_4
NF_5.GSE165303.Homo_Sapiens.Arima.b1		GSE165303	Homo_Sapiens	1	H3K27ac	Arima	NF_5
NF_6.GSE165303.Homo_Sapiens.Arima.b1		GSE165303	Homo_Sapiens	1	H3K27ac	Arima	NF_6
NF_7.GSE165303.Homo_Sapiens.Arima.b1		GSE165303	Homo_Sapiens	1	H3K27ac	Arima	NF_7
NF_8.GSE165303.Homo_Sapiens.Arima.b1		GSE165303	Homo_Sapiens	1	H3K27ac	Arima	NF_8
NF_9.GSE165303.Homo_Sapiens.Arima.b1		GSE165303	Homo_Sapiens	1	H3K27ac	Arima	NF_9
Nonclassical_Monocyte_1786.phs001703v4p1.Homo_Sapiens.MboI.b1		phs001703v4p1	Homo_Sapiens	1	H3K27ac	MboI	Nonclassical_Monocyte_1786
Nonclassical_Monocyte_1786.phs001703v4p1.Homo_Sapiens.MboI.b2		phs001703v4p1	Homo_Sapiens	2	H3K27ac	MboI	Nonclassical_Monocyte_1786
Nonclassical_Monocyte_1786.phs001703v4p1.Homo_Sapiens.MboI.b3		phs001703v4p1	Homo_Sapiens	3	H3K27ac	MboI	Nonclassical_Monocyte_1786
Nonclassical_Monocyte_1786.phs001703v4p1.Homo_Sapiens.MboI.b4		phs001703v4p1	Homo_Sapiens	4	H3K27ac	MboI	Nonclassical_Monocyte_1786
Nonclassical_Monocyte_1800.phs001703v4p1.Homo_Sapiens.MboI.b1		phs001703v4p1	Homo_Sapiens	1	H3K27ac	MboI	Nonclassical_Monocyte_1800
Nonclassical_Monocyte_1800.phs001703v4p1.Homo_Sapiens.MboI.b2		phs001703v4p1	Homo_Sapiens	2	H3K27ac	MboI	Nonclassical_Monocyte_1800
Nonclassical_Monocyte_1800.phs001703v4p1.Homo_Sapiens.MboI.b3		phs001703v4p1	Homo_Sapiens	3	H3K27ac	MboI	Nonclassical_Monocyte_1800
Nonclassical_Monocyte_1800.phs001703v4p1.Homo_Sapiens.MboI.b4		phs001703v4p1	Homo_Sapiens	4	H3K27ac	MboI	Nonclassical_Monocyte_1800
Nonclassical_Monocyte_1814.phs001703v4p1.Homo_Sapiens.MboI.b1		phs001703v4p1	Homo_Sapiens	1	H3K27ac	MboI	Nonclassical_Monocyte_1814
Nonclassical_Monocyte_1814.phs001703v4p1.Homo_Sapiens.MboI.b2		phs001703v4p1	Homo_Sapiens	2	H3K27ac	MboI	Nonclassical_Monocyte_1814
Nonclassical_Monocyte_1814.phs001703v4p1.Homo_Sapiens.MboI.b3		phs001703v4p1	Homo_Sapiens	3	H3K27ac	MboI	Nonclassical_Monocyte_1814
Nonclassical_Monocyte_1814.phs001703v4p1.Homo_Sapiens.MboI.b4		phs001703v4p1	Homo_Sapiens	4	H3K27ac	MboI	Nonclassical_Monocyte_1814
Nonclassical_Monocyte_1815.phs001703v4p1.Homo_Sapiens.MboI.b1		phs001703v4p1	Homo_Sapiens	1	H3K27ac	MboI	Nonclassical_Monocyte_1815
Nonclassical_Monocyte_1815.phs001703v4p1.Homo_Sapiens.MboI.b2		phs001703v4p1	Homo_Sapiens	2	H3K27ac	MboI	Nonclassical_Monocyte_1815
Nonclassical_Monocyte_1815.phs001703v4p1.Homo_Sapiens.MboI.b3		phs001703v4p1	Homo_Sapiens	3	H3K27ac	MboI	Nonclassical_Monocyte_1815
Nonclassical_Monocyte_1815.phs001703v4p1.Homo_Sapiens.MboI.b4		phs001703v4p1	Homo_Sapiens	4	H3K27ac	MboI	Nonclassical_Monocyte_1815
Nonclassical_Monocyte_1816.phs001703v4p1.Homo_Sapiens.MboI.b1		phs001703v4p1	Homo_Sapiens	1	H3K27ac	MboI	Nonclassical_Monocyte_1816
Nonclassical_Monocyte_1816.phs001703v4p1.Homo_Sapiens.MboI.b2		phs001703v4p1	Homo_Sapiens	2	H3K27ac	MboI	Nonclassical_Monocyte_1816
Nonclassical_Monocyte_1816.phs001703v4p1.Homo_Sapiens.MboI.b3		phs001703v4p1	Homo_Sapiens	3	H3K27ac	MboI	Nonclassical_Monocyte_1816
Nonclassical_Monocyte_1816.phs001703v4p1.Homo_Sapiens.MboI.b4		phs001703v4p1	Homo_Sapiens	4	H3K27ac	MboI	Nonclassical_Monocyte_1816
Nonclassical_Monocyte_1831.phs001703v4p1.Homo_Sapiens.MboI.b1		phs001703v4p1	Homo_Sapiens	1	H3K27ac	MboI	Nonclassical_Monocyte_1831
Nonclassical_Monocyte_1831.phs001703v4p1.Homo_Sapiens.MboI.b2		phs001703v4p1	Homo_Sapiens	2	H3K27ac	MboI	Nonclassical_Monocyte_1831
Nonclassical_Monocyte_1831.phs001703v4p1.Homo_Sapiens.MboI.b3		phs001703v4p1	Homo_Sapiens	3	H3K27ac	MboI	Nonclassical_Monocyte_1831
Nonclassical_Monocyte_1831.phs001703v4p1.Homo_Sapiens.MboI.b4		phs001703v4p1	Homo_Sapiens	4	H3K27ac	MboI	Nonclassical_Monocyte_1831
NSD2-High-NTKO.GSE131651.Homo_Sapiens.MboI.b1	CVCL_2989	GSE131651	Homo_Sapiens	1	CTCF	MboI	NSD2-High-NTKO
NSD2-High-NTKO.GSE131651.Homo_Sapiens.MboI.b2	CVCL_2989	GSE131651	Homo_Sapiens	2	CTCF	MboI	NSD2-High-NTKO
NSD2-High-NTKO.GSE131651.Homo_Sapiens.MboI.b3	CVCL_2989	GSE131651	Homo_Sapiens	3	CTCF	MboI	NSD2-High-NTKO
NSD2-Low-TKO.GSE131651.Homo_Sapiens.MboI.b1	CVCL_2989	GSE131651	Homo_Sapiens	1	CTCF	MboI	NSD2-Low-TKO
NSD2-Low-TKO.GSE131651.Homo_Sapiens.MboI.b2	CVCL_2989	GSE131651	Homo_Sapiens	2	CTCF	MboI	NSD2-Low-TKO
NSD2-Low-TKO.GSE131651.Homo_Sapiens.MboI.b3	CVCL_2989	GSE131651	Homo_Sapiens	3	CTCF	MboI	NSD2-Low-TKO
OCI-AML3-DeltaSTAG2.GSE111537.Homo_Sapiens.MboI.b1	CVCL_1844	GSE111537	Homo_Sapiens	1	CTCF	MboI	OCI-AML3-DeltaSTAG2
OCI-AML3-DeltaSTAG2.GSE111537.Homo_Sapiens.MboI.b2	CVCL_1844	GSE111537	Homo_Sapiens	2	CTCF	MboI	OCI-AML3-DeltaSTAG2
OCI-AML3-WT.GSE111537.Homo_Sapiens.MboI.b1	CVCL_1844	GSE111537	Homo_Sapiens	1	CTCF	MboI	OCI-AML3-WT
OCI-AML3-WT.GSE111537.Homo_Sapiens.MboI.b2	CVCL_1844	GSE111537	Homo_Sapiens	2	CTCF	MboI	OCI-AML3-WT
OCI-Ly7-Control.GSE183797.Homo_Sapiens.MboI.b1	CVCL_1881	GSE183797	Homo_Sapiens	1	H3K27ac	MboI	OCI-Ly7-Control
OCI-Ly7-Control.GSE183797.Homo_Sapiens.MboI.b2	CVCL_1881	GSE183797	Homo_Sapiens	2	H3K27ac	MboI	OCI-Ly7-Control
OCI-Ly7-Control.GSE183797.Homo_Sapiens.MboI.b3	CVCL_1881	GSE183797	Homo_Sapiens	3	H3K27ac	MboI	OCI-Ly7-Control
OCI-Ly7-OCABi.GSE183797.Homo_Sapiens.MboI.b1	CVCL_1881	GSE183797	Homo_Sapiens	1	H3K27ac	MboI	OCI-Ly7-OCABi
OCI-Ly7-OCABi.GSE183797.Homo_Sapiens.MboI.b2	CVCL_1881	GSE183797	Homo_Sapiens	2	H3K27ac	MboI	OCI-Ly7-OCABi
PAEC-Control.GSE152900.Homo_Sapiens.MboI.b1		GSE152900	Homo_Sapiens	1	H3K27ac	MboI	PAEC-Control
PAEC-Control.GSE152900.Homo_Sapiens.MboI.b2		GSE152900	Homo_Sapiens	2	H3K27ac	MboI	PAEC-Control
PAEC-Control.GSE152900.Homo_Sapiens.MboI.b3		GSE152900	Homo_Sapiens	3	H3K27ac	MboI	PAEC-Control
PAEC-LSS.GSE152900.Homo_Sapiens.MboI.b1		GSE152900	Homo_Sapiens	1	H3K27ac	MboI	PAEC-LSS
PAEC-LSS.GSE152900.Homo_Sapiens.MboI.b2		GSE152900	Homo_Sapiens	2	H3K27ac	MboI	PAEC-LSS
PAEC-LSS.GSE152900.Homo_Sapiens.MboI.b3		GSE152900	Homo_Sapiens	3	H3K27ac	MboI	PAEC-LSS
PAEC-siRNA-Ctrl.GSE152900.Homo_Sapiens.MboI.b1		GSE152900	Homo_Sapiens	1	H3K27ac	MboI	PAEC-siRNA-Ctrl
PAEC-siRNA-Ctrl.GSE152900.Homo_Sapiens.MboI.b2		GSE152900	Homo_Sapiens	2	H3K27ac	MboI	PAEC-siRNA-Ctrl
PAEC-siRNA-KLF2-4.GSE152900.Homo_Sapiens.MboI.b1		GSE152900	Homo_Sapiens	1	H3K27ac	MboI	PAEC-siRNA-KLF2-4
PAEC-siRNA-KLF2-4.GSE152900.Homo_Sapiens.MboI.b2		GSE152900	Homo_Sapiens	2	H3K27ac	MboI	PAEC-siRNA-KLF2-4
Parietal-Lobe.GSE147672.Homo_Sapiens.MboI.b1		GSE147672	Homo_Sapiens	1	H3K27ac	MboI	Parietal-Lobe
Parietal-Lobe.GSE147672.Homo_Sapiens.MboI.b2		GSE147672	Homo_Sapiens	2	H3K27ac	MboI	Parietal-Lobe
Primary-Foreskin-Keratinocytes-Day0.GSE158642.Homo_Sapiens.MboI.b1		GSE158642	Homo_Sapiens	1	H3K27ac	MboI	Primary-Foreskin-Keratinocytes-Day0
Primary-Foreskin-Keratinocytes-Day0.GSE158642.Homo_Sapiens.MboI.b2		GSE158642	Homo_Sapiens	2	H3K27ac	MboI	Primary-Foreskin-Keratinocytes-Day0
Primary-Foreskin-Keratinocytes-Day3.GSE158642.Homo_Sapiens.MboI.b1		GSE158642	Homo_Sapiens	1	H3K27ac	MboI	Primary-Foreskin-Keratinocytes-Day3
Primary-Foreskin-Keratinocytes-Day3.GSE158642.Homo_Sapiens.MboI.b2		GSE158642	Homo_Sapiens	2	H3K27ac	MboI	Primary-Foreskin-Keratinocytes-Day3
Primary-Foreskin-Keratinocytes-Day6.GSE158642.Homo_Sapiens.MboI.b1		GSE158642	Homo_Sapiens	1	H3K27ac	MboI	Primary-Foreskin-Keratinocytes-Day6
Primary-Foreskin-Keratinocytes-Day6.GSE158642.Homo_Sapiens.MboI.b2		GSE158642	Homo_Sapiens	2	H3K27ac	MboI	Primary-Foreskin-Keratinocytes-Day6
Primary-T-D0.GSE168881.Homo_Sapiens.MboI.b1		GSE168881	Homo_Sapiens	1	H3K27ac	MboI	Primary-T-D0
Primary-T-D0.GSE168881.Homo_Sapiens.MboI.b2		GSE168881	Homo_Sapiens	2	H3K27ac	MboI	Primary-T-D0
Ramos.GSE179755.Homo_Sapiens.MboI.b1	CVCL_0597	GSE179755	Homo_Sapiens	1	H3K27ac	MboI	Ramos
Rec1-GSI.GSE116875.Homo_Sapiens.MboI.b1	CVCL_1884	GSE116875	Homo_Sapiens	1	SMC1A	MboI	Rec1-GSI
Rec1-WT.GSE116875.Homo_Sapiens.MboI.b1	CVCL_1884	GSE116875	Homo_Sapiens	1	SMC1A	MboI	Rec1-WT
RERFLCAI.GSE166232.Homo_Sapiens.MboI.b1	CVCL_4402	GSE166232	Homo_Sapiens	1	H3K27ac	MboI	RERFLCAI
Retina.GSE196235.Homo_Sapiens.MboI.b2	CVCL_4402	GSE196235	Homo_Sapiens	2	H3K27ac	MboI	Retina
Retina.GSE196235.Homo_Sapiens.MboI.b1	CVCL_4402	GSE196235	Homo_Sapiens	1	H3K27ac	MboI	Retina
SEC-p63KO-D7.GSE120294.Homo_Sapiens.MboI.b1	CVCL_1240	GSE120294	Homo_Sapiens	1	SMC1A	MboI	SEC-p63KO-D7
SEC-p63KO-D7.GSE120294.Homo_Sapiens.MboI.b2	CVCL_1240	GSE120294	Homo_Sapiens	2	SMC1A	MboI	SEC-p63KO-D7
SEC-p63KO-D7.GSE120294.Homo_Sapiens.MboI.b3	CVCL_1240	GSE120294	Homo_Sapiens	3	SMC1A	MboI	SEC-p63KO-D7
SEC-WT-D7.GSE120294.Homo_Sapiens.MboI.b1	CVCL_1240	GSE120294	Homo_Sapiens	1	SMC1A	MboI	SEC-WT-D7
SEC-WT-D7.GSE120294.Homo_Sapiens.MboI.b2	CVCL_1240	GSE120294	Homo_Sapiens	2	SMC1A	MboI	SEC-WT-D7
SEC-WT-D7.GSE120294.Homo_Sapiens.MboI.b3	CVCL_1240	GSE120294	Homo_Sapiens	3	SMC1A	MboI	SEC-WT-D7
SHP77.GSE151001.Homo_Sapiens.MboI.b1	CVCL_1693	GSE151001	Homo_Sapiens	1	H3K27ac	MboI	SHP77
SKMES1_sg_e1_1.GSE166232.Homo_Sapiens.MboI.b1	CVCL_0630	GSE166232	Homo_Sapiens	1	H3K27ac	MboI	SKMES1_sg_e1_1
SKMES1_sg_NC1.GSE166232.Homo_Sapiens.MboI.b1	CVCL_0630	GSE166232	Homo_Sapiens	1	H3K27ac	MboI	SKMES1_sg_NC1
SMS-CTR.GSE137168.Homo_Sapiens.DpnII.b1	CVCL_W527	GSE137168	Homo_Sapiens	1	H3K27ac	DpnII	SMS-CTR
SNU16.GSE159985.Homo_Sapiens.MboI.b1	CVCL_0076	GSE159985	Homo_Sapiens	1	H3K27ac	MboI	SNU16
SNU16-dCas9-KRAB.GSE159985.Homo_Sapiens.MboI.b1	CVCL_0076	GSE159985	Homo_Sapiens	1	H3K27ac	MboI	SNU16-dCas9-KRAB
SNU16-dCas9-KRAB.GSE159985.Homo_Sapiens.MboI.b2	CVCL_0076	GSE159985	Homo_Sapiens	2	H3K27ac	MboI	SNU16-dCas9-KRAB
STAG2-KO.GSE116495.Homo_Sapiens.MboI.b1	CVCL_0080	GSE116495	Homo_Sapiens	1	SMC1A	MboI	STAG2-KO
STAG2-KO.GSE116495.Homo_Sapiens.MboI.b2	CVCL_0080	GSE116495	Homo_Sapiens	2	SMC1A	MboI	STAG2-KO
STAG2-WT.GSE116495.Homo_Sapiens.MboI.b1	CVCL_0080	GSE116495	Homo_Sapiens	1	SMC1A	MboI	STAG2-WT
STAG2-WT.GSE116495.Homo_Sapiens.MboI.b2	CVCL_0080	GSE116495	Homo_Sapiens	2	SMC1A	MboI	STAG2-WT
Substantia-Nigra.GSE147672.Homo_Sapiens.MboI.b1		GSE147672	Homo_Sapiens	1	H3K27ac	MboI	Substantia-Nigra
Substantia-Nigra.GSE147672.Homo_Sapiens.MboI.b2		GSE147672	Homo_Sapiens	2	H3K27ac	MboI	Substantia-Nigra
SUCCS1-siCTRL.GSE180194.Homo_Sapiens.MboI.b1	CVCL_B470	GSE180194	Homo_Sapiens	1	H3K27ac	MboI	SUCCS1-siCTRL
SUCCS1-siEA.GSE180194.Homo_Sapiens.MboI.b1	CVCL_B470	GSE180194	Homo_Sapiens	1	H3K27ac	MboI	SUCCS1-siEA
SUCCS1-WT.GSE180194.Homo_Sapiens.MboI.b1	CVCL_B470	GSE180194	Homo_Sapiens	1	H3K27ac	MboI	SUCCS1-WT
Superior-and-Middle-Temporal-Gyri.GSE147672.Homo_Sapiens.MboI.b1		GSE147672	Homo_Sapiens	1	H3K27ac	MboI	Superior-and-Middle-Temporal-Gyri
Superior-and-Middle-Temporal-Gyri.GSE147672.Homo_Sapiens.MboI.b2		GSE147672	Homo_Sapiens	2	H3K27ac	MboI	Superior-and-Middle-Temporal-Gyri
SW480.GSE136629.Homo_Sapiens.MboI.b1	CVCL_0546	GSE136629	Homo_Sapiens	1	H3K27ac	MboI	SW480
SW620.GSE136629.Homo_Sapiens.MboI.b1	CVCL_0547	GSE136629	Homo_Sapiens	1	H3K27ac	MboI	SW620
T47D-T0.GSE179666.Homo_Sapiens.MNase.b1	CVCL_0553	GSE179666	Homo_Sapiens	1	PR	MNase	T47D-T0
T47D-T30.GSE179666.Homo_Sapiens.MNase.b1	CVCL_0553	GSE179666	Homo_Sapiens	1	PR	MNase	T47D-T30
TC71_SA2m2.GSE133227.Homo_Sapiens.MboI.b1	CVCL_S882	GSE133227	Homo_Sapiens	1	CTCF	MboI	TC71_SA2m2
TC71_SA2m2.GSE133227.Homo_Sapiens.MboI.b2	CVCL_S882	GSE133227	Homo_Sapiens	2	CTCF	MboI	TC71_SA2m2
TC71_SA2m2.GSE133227.Homo_Sapiens.MboI.b1	CVCL_S882	GSE133227	Homo_Sapiens	1	H3K27ac	MboI	TC71_SA2m2
TC71_SA2m2.GSE133227.Homo_Sapiens.MboI.b2	CVCL_S882	GSE133227	Homo_Sapiens	2	H3K27ac	MboI	TC71_SA2m2
TC71_WT.GSE133227.Homo_Sapiens.MboI.b1	CVCL_S882	GSE133227	Homo_Sapiens	1	CTCF	MboI	TC71_WT
TC71_WT.GSE133227.Homo_Sapiens.MboI.b2	CVCL_S882	GSE133227	Homo_Sapiens	2	CTCF	MboI	TC71_WT
TC71_WT.GSE133227.Homo_Sapiens.MboI.b1	CVCL_S882	GSE133227	Homo_Sapiens	1	H3K27ac	MboI	TC71_WT
TC71_WT.GSE133227.Homo_Sapiens.MboI.b2	CVCL_S882	GSE133227	Homo_Sapiens	2	H3K27ac	MboI	TC71_WT
Th17.GSE101498.Homo_Sapiens.MboI.b1		GSE101498	Homo_Sapiens	1	H3K27ac	MboI	Th17
Th17.GSE101498.Homo_Sapiens.MboI.b2		GSE101498	Homo_Sapiens	2	H3K27ac	MboI	Th17
Th17.GSE101498.Homo_Sapiens.MboI.b3		GSE101498	Homo_Sapiens	3	H3K27ac	MboI	Th17
THP-1-del-cIDR.GSE149420.Homo_Sapiens.Arima.b1	CVCL_0006	GSE149420	Homo_Sapiens	1	H3K27ac	Arima	THP-1-del-cIDR
THP-1-del-cIDR-Batch1.GSE149420.Homo_Sapiens.Arima.b1	CVCL_0006	GSE149420	Homo_Sapiens	1	H3K4me3	Arima	THP-1-del-cIDR-Batch1
THP-1-del-cIDR-Batch2.GSE149420.Homo_Sapiens.Arima.b1	CVCL_0006	GSE149420	Homo_Sapiens	1	H3K4me3	Arima	THP-1-del-cIDR-Batch2
THP-1-del-eIFIDR-Batch1.GSE149420.Homo_Sapiens.Arima.b1	CVCL_0006	GSE149420	Homo_Sapiens	1	H3K4me3	Arima	THP-1-del-eIFIDR-Batch1
THP-1-del-eIFIDR-Batch2.GSE149420.Homo_Sapiens.Arima.b1	CVCL_0006	GSE149420	Homo_Sapiens	1	H3K4me3	Arima	THP-1-del-eIFIDR-Batch2
THP-1-del-TRP.GSE149420.Homo_Sapiens.Arima.b1	CVCL_0006	GSE149420	Homo_Sapiens	1	H3K27ac	Arima	THP-1-del-TRP
THP-1-del-TRP-Batch2.GSE149420.Homo_Sapiens.Arima.b1	CVCL_0006	GSE149420	Homo_Sapiens	1	H3K4me3	Arima	THP-1-del-TRP-Batch2
THP-1-eIFIDR.GSE149420.Homo_Sapiens.Arima.b1	CVCL_0006	GSE149420	Homo_Sapiens	1	H3K27ac	Arima	THP-1-eIFIDR
THP-1-Vector.GSE149420.Homo_Sapiens.Arima.b1	CVCL_0006	GSE149420	Homo_Sapiens	1	H3K27ac	Arima	THP-1-Vector
THP-1-Vector-Batch1.GSE149420.Homo_Sapiens.Arima.b1	CVCL_0006	GSE149420	Homo_Sapiens	1	H3K4me3	Arima	THP-1-Vector-Batch1
THP-1-Vector-Batch2.GSE149420.Homo_Sapiens.Arima.b1	CVCL_0006	GSE149420	Homo_Sapiens	1	H3K4me3	Arima	THP-1-Vector-Batch2
THP-1-WT.GSE149420.Homo_Sapiens.Arima.b1	CVCL_0006	GSE149420	Homo_Sapiens	1	H3K27ac	Arima	THP-1-WT
THP-1-WT-Batch1.GSE149420.Homo_Sapiens.Arima.b1	CVCL_0006	GSE149420	Homo_Sapiens	1	H3K4me3	Arima	THP-1-WT-Batch1
THP-1-WT-Batch2.GSE149420.Homo_Sapiens.Arima.b1	CVCL_0006	GSE149420	Homo_Sapiens	1	H3K4me3	Arima	THP-1-WT-Batch2
THP1-125D.GSE188380.Homo_Sapiens.MboI.b1	CVCL_0006	GSE188380	Homo_Sapiens	1	CTCF	MboI	THP1-125D
THP1-125D.GSE188380.Homo_Sapiens.MboI.b2	CVCL_0006	GSE188380	Homo_Sapiens	2	CTCF	MboI	THP1-125D
THP1-125D.GSE188380.Homo_Sapiens.MboI.b3	CVCL_0006	GSE188380	Homo_Sapiens	3	CTCF	MboI	THP1-125D
THP1-CTRL.GSE188380.Homo_Sapiens.MboI.b1	CVCL_0006	GSE188380	Homo_Sapiens	1	CTCF	MboI	THP1-CTRL
THP1-CTRL.GSE188380.Homo_Sapiens.MboI.b2	CVCL_0006	GSE188380	Homo_Sapiens	2	CTCF	MboI	THP1-CTRL
THP1-CTRL.GSE188380.Homo_Sapiens.MboI.b3	CVCL_0006	GSE188380	Homo_Sapiens	3	CTCF	MboI	THP1-CTRL
Treg.GSE101498.Homo_Sapiens.MboI.b1		GSE101498	Homo_Sapiens	1	H3K27ac	MboI	Treg
Treg.GSE101498.Homo_Sapiens.MboI.b2		GSE101498	Homo_Sapiens	2	H3K27ac	MboI	Treg
Treg.GSE101498.Homo_Sapiens.MboI.b3		GSE101498	Homo_Sapiens	3	H3K27ac	MboI	Treg
TT.GSE166232.Homo_Sapiens.MboI.b1	CVCL_1774	GSE166232	Homo_Sapiens	1	H3K27ac	MboI	TT
VCaP-AU-4h.GSE171591.Homo_Sapiens.MNase.b1	CVCL_2235	GSE171591	Homo_Sapiens	1	H3K4me4	MNase	VCaP-AU-4h
VCaP-AU-4h.GSE171591.Homo_Sapiens.MNase.b1	CVCL_2235	GSE171591	Homo_Sapiens	1	H3K27ac	MNase	VCaP-AU-4h
VCaP-AU-4h.GSE171591.Homo_Sapiens.MNase.b1	CVCL_2235	GSE171591	Homo_Sapiens	1	CTCF	MNase	VCaP-AU-4h
VCAP-DHT-24hr.GSE157107.Homo_Sapiens.MboI.b1	CVCL_2235	GSE157107	Homo_Sapiens	1	H3K27ac	MboI	VCAP-DHT-24hr
VCAP-DHT-2hr.GSE157107.Homo_Sapiens.MboI.b1	CVCL_2235	GSE157107	Homo_Sapiens	1	H3K27ac	MboI	VCAP-DHT-2hr
VCaP-DMSO-4h.GSE171591.Homo_Sapiens.MNase.b1	CVCL_2235	GSE171591	Homo_Sapiens	1	H3K4me3	MNase	VCaP-DMSO-4h
VCaP-DMSO-4h.GSE171591.Homo_Sapiens.MNase.b1	CVCL_2235	GSE171591	Homo_Sapiens	1	H3K27ac	MNase	VCaP-DMSO-4h
VCaP-DMSO-4h.GSE171591.Homo_Sapiens.MNase.b1	CVCL_2235	GSE171591	Homo_Sapiens	1	CTCF	MNase	VCaP-DMSO-4h
VCAP-Veh.GSE157107.Homo_Sapiens.MboI.b1	CVCL_2235	GSE157107	Homo_Sapiens	1	H3K27ac	MboI	VCAP-Veh
